fullName,games_played,total_points,avg_points,total_rebounds,avg_rebounds,total_assists,avg_assists,avg_fg_percentage,avg_three_pt_percentage,avg_ft_percentage,avg_minutes,total_steals,total_blocks,total_turnovers
A.C. Green,1431,13646.0,9.535988819007686,10557.0,7.377358490566038,1532.0,1.0705800139762405,0.46808315863032846,0.05434311670160727,0.5226687631027254,28.28092243186583,1133.0,593.0,1579.0
A.J. Bramlett,19,8.0,0.42105263157894735,22.0,1.1578947368421053,0.0,0.0,0.09868421052631579,0.0,0.0,7.125,1.0,0.0,3.0
A.J. English,151,1502.0,9.947019867549669,315.0,2.0860927152317883,320.0,2.119205298013245,0.4133311258278146,0.040841059602649006,0.4868211920529802,20.582781456953644,57.0,24.0,203.0
A.J. Guyton,107,446.0,4.168224299065421,82.0,0.7663551401869159,148.0,1.3831775700934579,0.22624299065420558,0.17877570093457945,0.15576635514018694,14.88888888888889,21.0,12.0,62.0
A.J. Lawson,199,610.0,3.0653266331658293,232.0,1.1658291457286432,75.0,0.3768844221105528,0.23770351758793967,0.14443718592964824,0.16409045226130656,9.374160583941606,42.0,17.0,45.0
A.J. Wynder,6,12.0,2.0,3.0,0.5,8.0,1.3333333333333333,0.25,0.0,0.5,6.5,1.0,0.0,4.0
AJ Green,309,1938.0,6.271844660194175,554.0,1.7928802588996764,346.0,1.1197411003236246,0.3306860841423948,0.3123818770226537,0.16844983818770226,19.55007434944238,97.0,20.0,150.0
AJ Griffin,145,757.0,5.220689655172414,189.0,1.303448275862069,84.0,0.5793103448275863,0.2896896551724138,0.24595862068965518,0.17126896551724138,16.752475247524753,51.0,14.0,57.0
AJ Hammons,58,82.0,1.4137931034482758,60.0,1.0344827586206897,7.0,0.1206896551724138,0.15386206896551724,0.06608620689655173,0.06465517241379311,8.10344827586207,1.0,16.0,14.0
AJ Johnson,122,389.0,3.1885245901639343,126.0,1.0327868852459017,134.0,1.098360655737705,0.17731147540983608,0.10087704918032787,0.17872950819672132,14.108271604938272,21.0,6.0,75.0
AJ Price,417,1846.0,4.4268585131894485,436.0,1.0455635491606714,649.0,1.5563549160671464,0.2501199040767386,0.18672901678657075,0.23250359712230215,14.619205298013245,143.0,9.0,279.0
Aamir Simms,4,4.0,1.0,5.0,1.25,2.0,0.5,0.25,0.0,0.25,6.5,0.0,0.0,0.0
Aaron Brooks,879,7144.0,8.127417519908988,1239.0,1.4095563139931742,2159.0,2.4562002275312858,0.3207303754266212,0.2598589306029579,0.38887258248009104,20.08724832214765,401.0,100.0,1141.0
Aaron Craft,8,12.0,1.5,10.0,1.25,6.0,0.75,0.197875,0.125,0.0,14.25,4.0,0.0,7.0
Aaron Estrada,4,13.0,3.25,0.0,0.0,2.0,0.5,0.25,0.125,0.5,7.655,2.0,0.0,0.0
Aaron Gordon,926,11909.0,12.88852813852814,5435.0,5.882034632034632,2339.0,2.5313852813852815,0.4563917748917749,0.27884632034632034,0.5259545454545455,28.77407914764079,620.0,514.0,1274.0
Aaron Gray,550,1241.0,2.2563636363636363,1374.0,2.498181818181818,227.0,0.4127272727272727,0.2655,0.0,0.15036363636363637,11.933333333333334,110.0,109.0,316.0
Aaron Harrison,95,119.0,1.2526315789473683,60.0,0.631578947368421,21.0,0.22105263157894736,0.11508421052631579,0.09201052631578947,0.08772631578947368,9.957446808510639,20.0,3.0,15.0
Aaron Henry,21,12.0,0.5714285714285714,7.0,0.3333333333333333,4.0,0.19047619047619047,0.06823809523809524,0.047619047619047616,0.047619047619047616,6.3,7.0,3.0,5.0
Aaron Holiday,702,3548.0,5.0685714285714285,858.0,1.2257142857142858,1054.0,1.5057142857142858,0.31801666666666667,0.2593503174603175,0.23572428571428572,15.502456768038163,318.0,90.0,480.0
Aaron Jackson,21,22.0,1.0476190476190477,14.0,0.6666666666666666,9.0,0.42857142857142855,0.0872857142857143,0.011904761904761904,0.10714285714285714,7.7,3.0,0.0,4.0
Aaron James,356,3829.0,10.75561797752809,1463.0,4.109550561797753,370.0,1.0393258426966292,0.4513876404494382,0.0,0.4924410112359551,19.21067415730337,45.0,30.0,73.0
Aaron McKie,1005,6612.0,6.57910447761194,2880.0,2.8656716417910446,2381.0,2.3691542288557215,0.3403373134328358,0.1891542288557214,0.3453990049751244,23.892412231030576,998.0,177.0,1169.0
Aaron Miles,47,60.0,1.2765957446808511,35.0,0.7446808510638298,47.0,1.0,0.19559574468085106,0.0,0.1312127659574468,8.727272727272727,11.0,1.0,20.0
Aaron Nesmith,499,3876.0,7.767535070140281,1420.0,2.8456913827655312,476.0,0.9539078156312625,0.34070140280561123,0.28011623246492984,0.36629659318637275,21.848038740920096,260.0,174.0,359.0
Aaron Swinson,9,24.0,2.6666666666666665,8.0,0.8888888888888888,3.0,0.3333333333333333,0.37555555555555553,0.0,0.18522222222222223,5.666666666666667,1.0,0.0,5.0
Aaron Wiggins,450,3378.0,7.506666666666667,1235.0,2.7444444444444445,553.0,1.228888888888889,0.41677333333333333,0.2872733333333333,0.30742888888888886,18.9021977124183,285.0,108.0,372.0
Aaron Williams,969,4449.0,4.591331269349845,2996.0,3.0918472652218782,529.0,0.5459236326109391,0.3415861713106295,0.0010319917440660474,0.3477760577915377,16.295103092783506,298.0,583.0,722.0
Abdel Nader,347,1071.0,3.1043478260869564,428.0,1.2405797101449276,126.0,0.3652173913043478,0.24325217391304346,0.16999130434782608,0.1825072463768116,11.718487394957982,86.0,63.0,153.0
Abdul Gaddy,9,4.0,0.6666666666666666,3.0,0.5,5.0,0.8333333333333334,0.041666666666666664,0.041666666666666664,0.08333333333333333,7.666666666666667,1.0,0.0,0.0
Abdul Jeelani,143,1290.0,9.020979020979022,500.0,3.4965034965034967,160.0,1.118881118881119,0.43834965034965034,0.0,0.5888601398601399,16.76923076923077,67.0,71.0,203.0
Ace Bailey,79,1046.0,13.240506329113924,320.0,4.050632911392405,137.0,1.7341772151898733,0.4225316455696203,0.2999113924050633,0.3180379746835443,26.834415584415584,65.0,50.0,111.0
Acie Earl,229,982.0,4.288209606986899,519.0,2.2663755458515285,61.0,0.2663755458515284,0.2948908296943232,0.0,0.30948908296943234,12.88659793814433,63.0,127.0,170.0
Acie Law,309,959.0,3.103559870550162,250.0,0.8090614886731392,399.0,1.2912621359223302,0.23683171521035598,0.08251779935275082,0.23818770226537214,13.152466367713005,104.0,7.0,195.0
Adam Chubb,2,2.0,1.0,2.0,1.0,0.0,0.0,0.0,0.0,0.5,4.5,0.0,0.0,1.0
Adam Doyle,1,0.0,0.0,0.0,0.0,0.0,0.0,0.0,0.0,0.0,,0.0,0.0,0.0
Adam Flagler,60,128.0,2.1333333333333333,38.0,0.6333333333333333,31.0,0.5166666666666667,0.18181666666666668,0.16033333333333336,0.03333333333333333,6.665869565217391,13.0,3.0,6.0
Adam Gibson,1,8.0,8.0,1.0,1.0,2.0,2.0,0.375,0.5,0.0,,1.0,0.0,0.0
Adam Haluska,8,39.0,4.875,4.0,0.5,2.0,0.25,0.32475,0.125,0.25,9.857142857142858,1.0,2.0,5.0
Adam Harrington,29,30.0,1.0344827586206897,8.0,0.27586206896551724,12.0,0.41379310344827586,0.13679310344827586,0.08620689655172414,0.05172413793103448,5.315789473684211,2.0,1.0,2.0
Adam Keefe,766,3297.0,4.304177545691906,2706.0,3.5326370757180157,446.0,0.5822454308093995,0.3712258485639686,0.0026109660574412533,0.3555548302872063,15.942815249266863,327.0,182.0,573.0
Adam Mokoka,65,66.0,1.0153846153846153,19.0,0.2923076923076923,12.0,0.18461538461538463,0.12076923076923078,0.05384615384615385,0.04230769230769231,7.033333333333333,7.0,1.0,11.0
Adam Morrison,286,1500.0,5.244755244755245,424.0,1.4825174825174825,266.0,0.9300699300699301,0.24624125874125874,0.1827832167832168,0.21091608391608394,19.72,50.0,17.0,213.0
Adam Parada,9,15.0,1.6666666666666667,14.0,1.5555555555555556,9.0,1.0,0.13333333333333333,0.0,0.34244444444444444,7.0,2.0,3.0,7.0
Adam Thoseby,1,3.0,3.0,0.0,0.0,0.0,0.0,0.333,0.0,0.5,,1.0,0.0,1.0
Adama Bal,9,83.0,9.222222222222221,25.0,2.7777777777777777,19.0,2.111111111111111,0.35277777777777775,0.32066666666666666,0.29633333333333334,29.94875,9.0,1.0,6.0
Adama Sanogo,40,73.0,1.825,71.0,1.775,5.0,0.125,0.167975,0.0125,0.0646,7.599500000000001,9.0,4.0,10.0
Ade Murkey,4,0.0,0.0,1.0,0.25,0.0,0.0,0.0,0.0,0.0,2.0,0.0,0.0,0.0
Adem Bona,174,739.0,4.247126436781609,607.0,3.4885057471264367,63.0,0.3620689655172414,0.4547988505747127,0.011494252873563218,0.3001264367816092,15.697315436241611,61.0,168.0,134.0
Ademola Okulaja,1,2.0,2.0,1.0,1.0,1.0,1.0,1.0,0.0,0.0,5.0,0.0,0.0,1.0
Admiral Schofield,230,483.0,2.1,266.0,1.1565217391304348,96.0,0.41739130434782606,0.18203913043478262,0.14434347826086955,0.09891304347826087,10.4375,23.0,15.0,63.0
Adolph Hoefer,11,53.0,4.818181818181818,0.0,0.0,0.0,0.0,0.06063636363636364,0.0,0.12118181818181818,0.0,0.0,0.0,0.0
Adonal Foyle,962,3094.0,3.2162162162162162,3551.0,3.691268191268191,353.0,0.36694386694386694,0.3348170478170478,0.0,0.15538149688149688,17.0946123521682,269.0,1223.0,613.0
Adonis Arms,5,0.0,0.0,0.0,0.0,0.0,0.0,0.0,0.0,0.0,,0.0,0.0,0.0
Adonis Jordan,19,21.0,1.105263157894737,6.0,0.3157894736842105,22.0,1.1578947368421053,0.14473684210526316,0.05263157894736842,0.05263157894736842,9.6,3.0,1.0,8.0
Adonis Thomas,27,22.0,0.8148148148148148,9.0,0.3333333333333333,6.0,0.2222222222222222,0.13396296296296295,0.018518518518518517,0.037037037037037035,7.25,1.0,0.0,2.0
Adou Thiero,55,56.0,1.018181818181818,40.0,0.7272727272727273,11.0,0.2,0.20120000000000002,0.00909090909090909,0.1272909090909091,5.705591397849463,7.0,2.0,13.0
Adreian Payne,229,483.0,2.109170305676856,358.0,1.5633187772925765,71.0,0.31004366812227074,0.18165938864628822,0.04039301310043668,0.11172052401746725,12.390243902439025,49.0,36.0,108.0
Adrian Branch,142,850.0,5.985915492957746,264.0,1.8591549295774648,103.0,0.7253521126760564,0.38693661971830984,0.03638732394366197,0.36852112676056337,10.394366197183098,85.0,17.0,130.0
Adrian Caldwell,212,392.0,1.849056603773585,497.0,2.3443396226415096,33.0,0.15566037735849056,0.31683490566037736,0.0,0.1215377358490566,7.974874371859296,56.0,41.0,126.0
Adrian Dantley,1031,24774.0,24.02909796314258,5821.0,5.645974781765276,2972.0,2.8826382153249273,0.5140455868089233,0.00533462657613967,0.7768700290979631,34.851600387972844,816.0,141.0,2177.0
Adrian Griffin,665,2093.0,3.1473684210526316,1677.0,2.5218045112781953,707.0,1.063157894736842,0.27766917293233084,0.04548721804511278,0.1829203007518797,15.841121495327103,476.0,62.0,363.0
Adrian Oliver,1,0.0,0.0,0.0,0.0,0.0,0.0,0.0,0.0,0.0,1.0,0.0,0.0,0.0
Adrian Smith,757,8814.0,11.64332892998679,1651.0,2.1809775429326286,1025.0,1.3540290620871862,0.4009088507265522,0.0,0.7173672391017173,10.038309114927344,0.0,0.0,0.0
Adris Leon,1,9.0,9.0,3.0,3.0,4.0,4.0,0.273,0.2,0.667,,4.0,0.0,2.0
Agustin Caffaro,1,2.0,2.0,1.0,1.0,0.0,0.0,0.25,0.0,0.0,,0.0,0.0,2.0
Ahmad Caver,8,11.0,1.375,3.0,0.375,3.0,0.375,0.21875,0.0,0.25,6.0,1.0,0.0,2.0
Ahmed Hill,5,7.0,1.4,3.0,0.6,1.0,0.2,0.1332,0.2,0.2,5.0,0.0,1.0,1.0
Ajani Williams,2,1.0,0.5,0.0,0.0,0.0,0.0,0.0,0.0,0.25,3.0,0.0,1.0,1.0
Ajay Mitchell,140,1282.0,9.157142857142857,319.0,2.2785714285714285,339.0,2.4214285714285713,0.39925714285714287,0.2735214285714286,0.47327142857142857,20.83178861788618,121.0,24.0,138.0
Akech Allir,1,16.0,16.0,3.0,3.0,2.0,2.0,0.5,0.4,0.857,20.27,0.0,2.0,0.0
Akeem Vargas,1,2.0,2.0,2.0,2.0,0.0,0.0,0.25,0.0,0.0,,0.0,0.0,1.0
Akil Mitchell,11,0.0,0.0,1.0,0.09090909090909091,0.0,0.0,0.0,0.0,0.0,5.0,1.0,0.0,0.0
Akin Akingbala,2,3.0,1.5,0.0,0.0,0.0,0.0,0.5,0.0,0.25,3.0,0.0,0.0,0.0
Akoldah Gak,2,17.0,8.5,13.0,6.5,0.0,0.0,0.25,0.5,0.5,,1.0,0.0,7.0
Al Bianchi,743,5991.0,8.063257065948855,1023.0,1.3768506056527592,775.0,1.0430686406460297,0.22768506056527593,0.0,0.511235531628533,5.166890982503364,0.0,0.0,0.0
Al Brightman,12,125.0,10.416666666666666,0.0,0.0,0.0,0.0,0.0,0.0,0.12008333333333332,0.0,0.0,0.0,0.0
Al Butler,234,2282.0,9.752136752136753,331.0,1.4145299145299146,184.0,0.7863247863247863,0.2083931623931624,0.0,0.5507649572649572,4.760683760683761,0.0,0.0,0.0
Al Carlson,28,72.0,2.5714285714285716,73.0,2.607142857142857,13.0,0.4642857142857143,0.35932142857142857,0.0,0.2516785714285714,9.964285714285714,4.0,3.0,0.0
Al Cervi,156,1186.0,7.602564102564102,19.0,0.12179487179487179,107.0,0.6858974358974359,0.07081410256410257,0.0,0.7790705128205128,0.5705128205128205,0.0,0.0,0.0
Al Eberhard,231,1544.0,6.683982683982684,769.0,3.329004329004329,166.0,0.7186147186147186,0.36524675324675326,0.0,0.4643333333333333,18.02164502164502,62.0,20.0,6.0
Al Ferrari,404,2797.0,6.923267326732673,539.0,1.3341584158415842,208.0,0.5148514851485149,0.23266089108910892,0.0,0.5533613861386139,7.594059405940594,0.0,0.0,0.0
Al Fleming,25,47.0,1.88,34.0,1.36,9.0,0.36,0.31396,0.0,0.24,4.72,2.0,2.0,6.0
Al Guokas,8,14.0,1.75,0.0,0.0,5.0,0.625,0.166625,0.0,0.166625,0.0,0.0,0.0,0.0
Al Hairston,43,91.0,2.116279069767442,41.0,0.9534883720930233,44.0,1.0232558139534884,0.1931860465116279,0.0,0.12016279069767441,6.27906976744186,0.0,0.0,0.0
Al Harrington,1178,14179.0,12.036502546689304,5899.0,5.007640067911715,1738.0,1.4753820033955858,0.38165619694397285,0.19635314091680814,0.48707130730050935,27.39441860465116,943.0,277.0,1979.0
Al Henry,49,194.0,3.9591836734693877,152.0,3.1020408163265305,9.0,0.1836734693877551,0.32481632653061226,0.0,0.3486530612244898,8.795918367346939,0.0,0.0,0.0
Al Horford,1542,18315.0,11.892857142857142,11263.0,7.3136363636363635,4555.0,2.957792207792208,0.4815461038961039,0.22551233766233766,0.41822922077922076,30.48192934782609,1119.0,1678.0,1979.0
Al Jackson,2,0.0,0.0,0.0,0.0,1.0,0.5,0.0,0.0,0.0,5.5,0.0,0.0,0.0
Al Jefferson,1118,15500.0,13.87645478961504,8370.0,7.493285586392122,1460.0,1.3070725156669651,0.443632945389436,0.007162041181736795,0.5031996418979409,27.777887462981244,698.0,1199.0,1330.0
Al Lucas,2,2.0,1.0,0.0,0.0,0.0,0.0,0.0,0.0,0.0,0.0,0.0,0.0,0.0
Al Masino,86,402.0,4.674418604651163,16.0,0.18604651162790697,16.0,0.18604651162790697,0.10001162790697675,0.0,0.4201395348837209,2.302325581395349,0.0,0.0,0.0
Al McGuire,167,696.0,4.167664670658683,50.0,0.2994011976047904,90.0,0.5389221556886228,0.100437125748503,0.0,0.3818443113772455,2.784431137724551,0.0,0.0,0.0
Al Roges,4,10.0,2.5,0.0,0.0,0.0,0.0,0.0,0.0,0.27075,0.0,0.0,0.0,0.0
Al Skinner,208,1902.0,9.14423076923077,668.0,3.2115384615384617,530.0,2.548076923076923,0.3994375,0.0,0.5606826923076923,20.908653846153847,92.0,34.0,84.0
Al Thornton,340,3853.0,11.33235294117647,1350.0,3.9705882352941178,381.0,1.1205882352941177,0.4248794117647059,0.12769411764705882,0.5066235294117647,27.32398753894081,195.0,171.0,479.0
Al Tucker,261,2435.0,9.329501915708812,1244.0,4.766283524904215,219.0,0.8390804597701149,0.39195402298850573,0.0,0.4752413793103448,15.766283524904214,0.0,0.0,0.0
Al Wood,422,4962.0,11.75829383886256,1293.0,3.0639810426540284,749.0,1.7748815165876777,0.43400236966824646,0.05434123222748815,0.5810734597156398,23.928909952606634,282.0,154.0,537.0
Al-Farouq Aminu,874,6251.0,7.185057471264368,4859.0,5.585057471264368,1000.0,1.1494252873563218,0.37799425287356325,0.22334827586206896,0.41911954022988507,24.469565217391306,765.0,459.0,1009.0
Alaa Abdelnaby,273,1503.0,5.5054945054945055,866.0,3.172161172161172,88.0,0.32234432234432236,0.4395860805860806,0.0,0.29314285714285715,12.10989010989011,71.0,71.0,258.0
Alan Anderson,486,2745.0,5.671487603305785,821.0,1.6962809917355373,417.0,0.8615702479338843,0.2863347107438017,0.21998140495867768,0.32408677685950416,20.024128686327078,208.0,33.0,336.0
Alan Hardy,60,193.0,3.216666666666667,53.0,0.8833333333333333,23.0,0.38333333333333336,0.3476666666666667,0.0,0.19583333333333333,7.016666666666667,3.0,11.0,19.0
Alan Henderson,848,5321.0,6.274764150943396,3400.0,4.009433962264151,414.0,0.4882075471698113,0.3680129716981132,0.00589622641509434,0.3393667452830189,20.182076813655762,379.0,313.0,752.0
Alan Ogg,83,178.0,2.144578313253012,134.0,1.6144578313253013,13.0,0.1566265060240964,0.3389156626506024,0.0,0.1644578313253012,8.096385542168674,13.0,61.0,30.0
Alan Williams,129,438.0,3.4488188976377954,402.0,3.1653543307086616,41.0,0.3228346456692913,0.23654330708661417,0.0,0.20090551181102362,12.48611111111111,39.0,42.0,56.0
Alando Tucker,145,327.0,2.2551724137931033,78.0,0.5379310344827586,26.0,0.1793103448275862,0.16609655172413793,0.0706896551724138,0.1463862068965517,8.76388888888889,9.0,5.0,30.0
Albert King,555,6797.0,12.246846846846847,2358.0,4.248648648648649,1210.0,2.18018018018018,0.43162702702702704,0.06327027027027027,0.5337531531531532,24.10990990990991,406.0,191.0,1004.0
Alberto Abalde,1,0.0,0.0,5.0,5.0,1.0,1.0,0.0,0.0,0.0,,1.0,0.0,0.0
Alec Anigbata,1,0.0,0.0,1.0,1.0,0.0,0.0,0.0,0.0,0.0,,0.0,0.0,0.0
Alec Burks,1017,9238.0,9.110453648915188,2920.0,2.8796844181459567,1690.0,1.6666666666666667,0.3435128205128205,0.2798214990138067,0.4814043392504931,21.638112773302648,583.0,179.0,992.0
Alec Kessler,212,1086.0,5.122641509433962,752.0,3.547169811320755,81.0,0.38207547169811323,0.38012735849056606,0.04245283018867924,0.3769103773584906,13.910377358490566,39.0,71.0,193.0
Alec Peters,41,91.0,2.2195121951219514,41.0,1.0,14.0,0.34146341463414637,0.1380487804878049,0.10646341463414635,0.0975609756097561,10.130434782608695,2.0,2.0,5.0
Aleem Ford,8,21.0,2.625,21.0,2.625,3.0,0.375,0.27075,0.1125,0.125,11.625,1.0,0.0,5.0
Aleks Maric,2,2.0,1.0,7.0,3.5,2.0,1.0,0.25,0.0,0.0,,1.0,1.0,2.0
Aleksandar Djordjevic,12,25.0,2.0833333333333335,5.0,0.4166666666666667,5.0,0.4166666666666667,0.22224999999999998,0.25,0.16666666666666666,7.25,0.0,0.0,5.0
Aleksandar Radojevic,26,32.0,1.2307692307692308,45.0,1.7307692307692308,9.0,0.34615384615384615,0.13526923076923075,0.0,0.1281923076923077,9.117647058823529,2.0,4.0,23.0
Aleksej Pokusevski,226,1378.0,6.097345132743363,855.0,3.7831858407079646,361.0,1.5973451327433628,0.29146902654867257,0.21015929203539824,0.21186283185840707,20.078212290502794,102.0,146.0,282.0
Aleksey Zozulin,1,0.0,0.0,0.0,0.0,0.0,0.0,0.0,0.0,0.0,3.0,0.0,0.0,0.0
Alen Smailagic,63,91.0,1.4444444444444444,46.0,0.7301587301587301,17.0,0.2698412698412698,0.1633174603174603,0.056873015873015874,0.1283015873015873,7.333333333333333,7.0,10.0,16.0
Alessandro Gentile,1,11.0,11.0,4.0,4.0,6.0,6.0,0.231,0.333,0.667,35.0,1.0,0.0,4.0
Alex Abrines,223,1018.0,4.648401826484018,283.0,1.2922374429223744,96.0,0.4383561643835616,0.30882648401826485,0.28885844748858447,0.2175068493150685,15.587301587301587,98.0,25.0,76.0
Alex Acker,72,118.0,1.6388888888888888,49.0,0.6805555555555556,36.0,0.5,0.17531944444444444,0.08101388888888889,0.06944444444444445,7.813953488372093,13.0,4.0,19.0
Alex Antetokounmpo,8,19.0,2.375,6.0,0.75,1.0,0.125,0.208375,0.083375,0.3705,3.263333333333333,0.0,1.0,1.0
Alex Blackwell,27,34.0,1.2592592592592593,23.0,0.8518518518518519,7.0,0.25925925925925924,0.23092592592592595,0.0,0.1111111111111111,4.037037037037037,4.0,2.0,5.0
Alex Bradley,39,137.0,3.5128205128205128,62.0,1.5897435897435896,11.0,0.28205128205128205,0.3633846153846154,0.0,0.2674871794871795,8.384615384615385,4.0,3.0,6.0
Alex Caruso,635,4051.0,6.43015873015873,1628.0,2.5841269841269843,1579.0,2.5063492063492063,0.38885555555555557,0.2983746031746032,0.31375396825396823,21.472544311034877,777.0,284.0,657.0
Alex Chubrevich,7,34.0,4.857142857142857,26.0,3.7142857142857144,7.0,1.0,0.33085714285714285,0.0,0.39285714285714285,12.0,2.0,1.0,14.0
Alex Ducas,42,65.0,1.5476190476190477,34.0,0.8095238095238095,8.0,0.19047619047619047,0.18369047619047618,0.18583333333333332,0.047619047619047616,6.6236,7.0,2.0,8.0
Alex English,1265,27316.0,21.593675889328065,6912.0,5.46403162055336,4643.0,3.6703557312252966,0.49665217391304345,0.013043478260869565,0.7009209486166008,32.02529644268775,1046.0,818.0,2766.0
Alex Fudge,22,27.0,1.2272727272727273,16.0,0.7272727272727273,1.0,0.045454545454545456,0.16163636363636363,0.030272727272727274,0.06818181818181818,7.909090909090909,5.0,2.0,3.0
Alex Garcia,32,76.0,2.375,27.0,0.84375,32.0,1.0,0.16190625,0.08384375,0.11975,14.058823529411764,10.0,1.0,22.0
Alex Hamilton,1,2.0,2.0,0.0,0.0,0.0,0.0,1.0,0.0,0.0,2.0,0.0,0.0,0.0
Alex Hannum,434,2442.0,5.626728110599078,201.0,0.4631336405529954,126.0,0.2903225806451613,0.09227419354838709,0.0,0.45961520737327194,1.5806451612903225,0.0,0.0,0.0
Alex King,1,7.0,7.0,3.0,3.0,2.0,2.0,0.5,0.5,0.5,,2.0,0.0,2.0
Alex Kirk,21,30.0,1.4285714285714286,16.0,0.7619047619047619,2.0,0.09523809523809523,0.10319047619047621,0.0,0.23809523809523808,8.333333333333334,0.0,4.0,4.0
Alex Leder,6,13.0,4.333333333333333,6.0,2.0,6.0,2.0,0.337,0.16666666666666666,0.0,,3.0,1.0,3.0
Alex Len,984,4990.0,5.091836734693878,3922.0,4.002040816326531,649.0,0.6622448979591836,0.35507244897959184,0.050749999999999997,0.2910755102040817,16.322427440633245,273.0,674.0,811.0
Alex McNaught,5,2.0,0.4,2.0,0.4,0.0,0.0,0.1,0.0,0.0,,0.0,0.0,1.0
Alex Morales,15,25.0,1.6666666666666667,13.0,0.8666666666666667,8.0,0.5333333333333333,0.19526666666666667,0.06113333333333334,0.1,8.097142857142858,2.0,1.0,4.0
Alex Mudronja,1,0.0,0.0,1.0,1.0,0.0,0.0,0.0,0.0,0.0,,0.0,0.0,1.0
Alex Mumbru,1,5.0,5.0,6.0,6.0,6.0,6.0,0.154,0.0,0.5,30.0,2.0,0.0,2.0
Alex O'Connell,1,0.0,0.0,0.0,0.0,0.0,0.0,0.0,0.0,0.0,,0.0,0.0,0.0
Alex Pledger,4,42.0,10.5,28.0,7.0,2.0,0.5,0.5005,0.0,0.4375,,0.0,0.0,3.0
Alex Poythress,106,230.0,2.2549019607843137,139.0,1.3627450980392157,32.0,0.3137254901960784,0.17259803921568628,0.09033333333333333,0.10375490196078431,10.627118644067796,13.0,18.0,21.0
Alex Reese,23,83.0,3.608695652173913,53.0,2.3043478260869565,7.0,0.30434782608695654,0.3807826086956522,0.252,0.2826086956521739,12.793529411764707,11.0,11.0,6.0
Alex Renfoe,1,15.0,15.0,3.0,3.0,3.0,3.0,0.556,0.25,0.8,,1.0,1.0,2.0
Alex Sarr,135,1686.0,12.488888888888889,814.0,6.029629629629629,298.0,2.2074074074074073,0.3774,0.26261481481481486,0.4327259259259259,26.733781512605045,82.0,205.0,205.0
Alex Scales,12,63.0,5.25,11.0,0.9166666666666666,8.0,0.6666666666666666,0.24125,0.21525000000000002,0.5526666666666666,8.818181818181818,8.0,1.0,5.0
Alex Stepheson,22,29.0,1.380952380952381,46.0,2.1904761904761907,3.0,0.14285714285714285,0.1148095238095238,0.0,0.13095238095238096,8.545454545454545,1.0,5.0,3.0
Alex Stivrins,22,44.0,2.0,22.0,1.0,4.0,0.18181818181818182,0.3170454545454545,0.0,0.045454545454545456,4.090909090909091,2.0,2.0,10.0
Alex Toohey,3,0.0,0.0,0.0,0.0,0.0,0.0,0.0,0.0,0.0,,0.0,0.0,0.0
Alex Tyus,2,13.0,13.0,6.0,6.0,0.0,0.0,0.455,0.0,0.75,,1.0,5.0,2.0
Alexander Ellis,134,704.0,5.253731343283582,254.0,1.8955223880597014,12.0,0.08955223880597014,0.15080597014925376,0.0,0.44861940298507463,2.298507462686567,0.0,0.0,0.0
Alexander Johnson,172,537.0,3.122093023255814,337.0,1.9593023255813953,37.0,0.21511627906976744,0.2793139534883721,0.0,0.2730755813953488,12.694915254237289,53.0,53.0,111.0
Alexander Rosenberg,11,31.0,2.8181818181818183,0.0,0.0,0.0,0.0,0.0,0.0,0.0,0.0,0.0,0.0,0.0
Alexander Volkov,149,1019.0,6.8389261744966445,384.0,2.577181208053691,333.0,2.2348993288590604,0.4156979865771812,0.15943624161073824,0.3344697986577181,16.463087248322147,102.0,52.0,154.0
Alexey Shved,253,1496.0,5.913043478260869,401.0,1.5849802371541502,508.0,2.007905138339921,0.25836363636363635,0.19112252964426876,0.3981146245059288,17.655172413793103,128.0,54.0,274.0
Alexis Ajinca,475,1700.0,3.6016949152542375,1250.0,2.6483050847457625,154.0,0.326271186440678,0.3113622881355932,0.012921610169491525,0.2125720338983051,12.63302752293578,108.0,212.0,285.0
Alfonso Plummer,1,13.0,13.0,3.0,3.0,4.0,4.0,0.357,0.3,0.0,,2.0,0.0,2.0
Alfonzo McKinnie,315,860.0,2.747603833865815,560.0,1.7891373801916932,66.0,0.2108626198083067,0.27027156549520764,0.1524664536741214,0.10575399361022364,11.319634703196346,63.0,32.0,86.0
Alfredrick Hughes,71,364.0,5.126760563380282,113.0,1.591549295774648,62.0,0.8732394366197183,0.32611267605633804,0.025816901408450704,0.22850704225352114,12.450704225352112,27.0,5.0,62.0
Alijah Martin,38,73.0,1.9210526315789473,34.0,0.8947368421052632,17.0,0.4473684210526316,0.1626578947368421,0.1215,0.17763157894736842,6.868214285714286,9.0,5.0,14.0
Alize Johnson,187,289.0,1.5621621621621622,342.0,1.8486486486486486,54.0,0.2918918918918919,0.18325945945945946,0.02108108108108108,0.10667027027027028,7.290097087378641,26.0,11.0,54.0
Allan Bristow,668,5208.0,7.796407185628743,2560.0,3.8323353293413174,2077.0,3.1092814371257487,0.4218997005988024,0.01671706586826347,0.5037290419161676,19.62425149700599,360.0,41.0,486.0
Allan Houston,937,15781.0,16.84204909284952,2621.0,2.7972251867662754,2134.0,2.277481323372465,0.4168644610458911,0.3424002134471718,0.6736712913553896,33.76022099447514,610.0,149.0,1925.0
Allan Ray,64,319.0,4.984375,78.0,1.21875,51.0,0.796875,0.24246875,0.223171875,0.254296875,13.963636363636363,23.0,3.0,52.0
Allen Crabbe,508,3814.0,7.522682445759369,1169.0,2.3057199211045365,484.0,0.9546351084812623,0.33364694280078894,0.2879802761341223,0.2941775147928994,23.35697399527187,250.0,114.0,308.0
Allen Iverson,1111,26966.0,24.271827182718273,3744.0,3.36993699369937,6211.0,5.59045904590459,0.3831917191719172,0.24099819981998202,0.6907659765976598,40.47247534516765,2186.0,180.0,3573.0
Allen Leavell,763,7086.0,9.2870249017038,1229.0,1.6107470511140236,3491.0,4.575360419397117,0.3959082568807339,0.09591480996068152,0.5603643512450852,22.391874180865006,852.0,111.0,1069.0
Allen Murphy,2,5.0,2.5,4.0,2.0,0.0,0.0,0.1665,0.0,0.4165,9.0,0.0,0.0,0.0
Allie McGuire,2,4.0,2.0,2.0,1.0,1.0,0.5,0.6665,0.0,0.0,5.0,0.0,0.0,0.0
Allonzo Trier,131,907.0,7.0859375,232.0,1.8125,156.0,1.21875,0.3180078125,0.2360546875,0.4213203125,19.43010752688172,36.0,18.0,149.0
Alon Sapir,3,0.0,0.0,2.0,2.0,5.0,5.0,0.0,0.0,0.0,,0.0,1.0,1.0
Alondes Williams,43,86.0,2.0,43.0,1.0,32.0,0.7441860465116279,0.16523255813953489,0.06976744186046512,0.12790697674418605,9.976818181818182,8.0,4.0,17.0
Alonzo Bradley,104,456.0,4.384615384615385,154.0,1.4807692307692308,75.0,0.7211538461538461,0.3336730769230769,0.009615384615384616,0.2051826923076923,11.211538461538462,21.0,6.0,26.0
Alonzo Gee,538,2926.0,5.438661710037175,1462.0,2.717472118959108,486.0,0.9033457249070632,0.3342100371747212,0.16624349442379183,0.3512918215613383,20.90308370044053,411.0,110.0,490.0
Alonzo Mourning,1004,15788.0,15.725099601593625,7882.0,7.850597609561753,1036.0,1.0318725099601593,0.5142390438247012,0.018093625498007967,0.5917250996015936,29.93089005235602,467.0,2617.0,2482.0
Alperen Sengun,400,6528.0,16.32,3355.0,8.3875,1744.0,4.36,0.4979338888888889,0.19994499999999998,0.6134499999999999,28.607650551314673,419.0,355.0,997.0
Alphonso Ford,11,35.0,3.1818181818181817,20.0,1.8181818181818181,10.0,0.9090909090909091,0.33136363636363636,0.09090909090909091,0.09090909090909091,10.363636363636363,3.0,0.0,9.0
Alton Ford,149,190.0,1.2751677852348993,127.0,0.8523489932885906,13.0,0.087248322147651,0.16921476510067116,0.0,0.08528187919463087,6.51948051948052,6.0,8.0,40.0
Alton Lister,1082,6915.0,6.3909426987061,6499.0,6.006469500924214,984.0,0.9094269870609981,0.4575637707948244,0.0009242144177449168,0.3586626617375231,19.922115384615385,392.0,1611.0,1553.0
Alvan Adams,1067,14990.0,14.048734770384256,7525.0,7.052483598875352,4325.0,4.053420805998125,0.49406654170571696,0.0018744142455482662,0.6232483598875351,27.62792877225867,1373.0,861.0,2348.0
Alvin Attles,774,6724.0,8.68733850129199,2698.0,3.4857881136950906,2651.0,3.4250645994832043,0.41887596899224805,0.0,0.49559302325581395,20.21576227390181,0.0,0.0,0.0
Alvin Heggs,4,8.0,2.0,2.0,0.5,0.0,0.0,0.25,0.0,0.375,3.5,0.0,0.0,0.0
Alvin Holt,6,4.0,0.6666666666666666,4.0,0.6666666666666666,0.0,0.0,0.16666666666666666,0.0,0.11116666666666668,1.6666666666666667,0.0,0.0,0.0
Alvin Jones,36,26.0,0.7222222222222222,37.0,1.0277777777777777,3.0,0.08333333333333333,0.09488888888888888,0.0,0.125,4.6,3.0,9.0,12.0
Alvin Robertson,795,11158.0,14.035220125786164,4147.0,5.216352201257862,4018.0,5.054088050314466,0.4629459119496856,0.12747798742138364,0.5607962264150944,31.70062893081761,2145.0,325.0,2162.0
Alvin Scott,688,3312.0,4.813953488372093,2140.0,3.11046511627907,925.0,1.3444767441860466,0.45106104651162787,0.007267441860465116,0.40222529069767443,17.04796511627907,431.0,409.0,670.0
Alvin Sims,4,11.0,2.75,4.0,1.0,5.0,1.25,0.45825,0.25,0.25,5.75,2.0,0.0,6.0
Alvin Williams,536,4390.0,8.190298507462687,1204.0,2.246268656716418,1964.0,3.6641791044776117,0.35612313432835824,0.20085820895522388,0.3916417910447761,27.070247933884296,571.0,119.0,652.0
Amal McCaskill,193,219.0,1.1347150259067358,225.0,1.16580310880829,37.0,0.19170984455958548,0.15690673575129535,0.0,0.09956994818652849,7.880341880341881,25.0,37.0,53.0
Amar'e Stoudemire,1057,18159.0,17.179754020813622,7473.0,7.070009460737937,1162.0,1.099337748344371,0.48714664143803216,0.02822421948912015,0.6403207190160832,30.003336755646817,728.0,1205.0,2241.0
Amari Bailey,38,29.0,0.7631578947368421,11.0,0.2894736842105263,13.0,0.34210526315789475,0.049973684210526316,0.013157894736842105,0.09649999999999999,5.848666666666667,3.0,0.0,7.0
Amari Williams,60,37.0,0.6166666666666667,48.0,0.8,12.0,0.2,0.1118,0.0,0.08916666666666666,6.12,4.0,10.0,15.0
Amen Thompson,249,3382.0,13.582329317269076,1732.0,6.955823293172691,942.0,3.783132530120482,0.49952788933511827,0.13878313253012048,0.5886907630522088,30.85741843971631,329.0,193.0,467.0
Amida Brimah,30,30.0,1.0,28.0,0.9333333333333333,1.0,0.03333333333333333,0.14223333333333332,0.0,0.14166666666666666,4.933333333333334,1.0,12.0,10.0
Amile Jefferson,93,62.0,0.6739130434782609,65.0,0.7065217391304348,12.0,0.13043478260869565,0.15217391304347827,0.0,0.051630434782608696,4.666666666666667,5.0,6.0,11.0
Amir Coffey,540,2511.0,4.65,739.0,1.3685185185185185,439.0,0.812962962962963,0.27564814814814814,0.18597037037037037,0.27395925925925924,16.3016429699842,175.0,58.0,220.0
Amir Hinton,2,0.0,0.0,0.0,0.0,0.0,0.0,0.0,0.0,0.0,,0.0,0.0,0.0
Amir Johnson,1119,6864.0,6.150537634408602,5224.0,4.681003584229391,1158.0,1.0376344086021505,0.4762168458781362,0.06540860215053763,0.32253494623655915,19.90471414242728,594.0,925.0,1053.0
Amit Alon,2,6.0,3.0,1.0,0.5,0.0,0.0,0.5,0.5,0.0,,0.0,0.0,0.0
Amritpal Singh,1,0.0,0.0,2.0,2.0,0.0,0.0,0.0,0.0,0.0,,0.0,0.0,3.0
Anderson Varejao,879,5411.0,6.155858930602958,5307.0,6.037542662116041,857.0,0.9749715585893061,0.42334698521046643,0.0011376564277588168,0.3884072810011377,22.596649484536083,656.0,473.0,730.0
Andersson Garcia,5,26.0,5.2,42.0,8.4,14.0,2.8,0.31520000000000004,0.0334,0.6666000000000001,33.69,8.0,4.0,7.0
Andrae Patterson,65,120.0,1.8461538461538463,71.0,1.0923076923076922,18.0,0.27692307692307694,0.18550769230769232,0.0,0.12204615384615385,6.928571428571429,20.0,7.0,24.0
Andray Blatche,727,6452.0,8.874828060522695,3438.0,4.729023383768913,897.0,1.233837689133425,0.38456396148555705,0.05891609353507565,0.42433425034387895,21.468118195956453,556.0,510.0,1056.0
Andre Barrett,115,300.0,2.608695652173913,93.0,0.808695652173913,175.0,1.5217391304347827,0.23784347826086957,0.07535652173913043,0.1545913043478261,11.329545454545455,40.0,1.0,64.0
Andre Brown,121,280.0,2.3140495867768593,238.0,1.9669421487603307,17.0,0.14049586776859505,0.24963636363636363,0.0,0.14623140495867767,8.822222222222223,20.0,10.0,66.0
Andre Dawkins,33,42.0,1.2727272727272727,5.0,0.15151515151515152,2.0,0.06060606060606061,0.06642424242424243,0.07627272727272727,0.08333333333333333,9.714285714285714,2.0,1.0,4.0
Andre Drummond,1148,12866.0,11.226876090750435,12520.0,10.924956369982548,1302.0,1.1361256544502618,0.5072059336823735,0.030396160558464225,0.37358813263525303,25.50013047530289,1263.0,1308.0,1863.0
Andre Emmett,24,42.0,1.75,12.0,0.5,4.0,0.16666666666666666,0.27825,0.0,0.2708333333333333,4.809523809523809,5.0,1.0,7.0
Andre Iguodala,1572,16439.0,10.48405612244898,7191.0,4.58609693877551,6059.0,3.864158163265306,0.43627487244897956,0.27111415816326534,0.4432691326530613,30.916573146292585,2106.0,753.0,2663.0
Andre Ingram,7,24.0,3.4285714285714284,8.0,1.1428571428571428,7.0,1.0,0.13885714285714285,0.15,0.14285714285714285,12.833333333333334,4.0,3.0,4.0
Andre Jackson Jr.,265,531.0,2.0037735849056606,421.0,1.588679245283019,199.0,0.7509433962264151,0.24019622641509433,0.1224301886792453,0.07468679245283019,11.196562499999999,88.0,28.0,138.0
Andre McCarter,102,392.0,3.843137254901961,95.0,0.9313725490196079,172.0,1.6862745098039216,0.3500098039215686,0.00980392156862745,0.17827450980392157,11.735294117647058,29.0,0.0,11.0
Andre Miller,1518,17753.0,11.694993412384717,5256.0,3.4624505928853755,9146.0,6.025032938076416,0.42808827404479577,0.09197035573122529,0.6057285902503293,29.895138888888887,1688.0,236.0,3408.0
Andre Moore,10,24.0,2.4,14.0,1.4,6.0,0.6,0.33999999999999997,0.0,0.2,5.0,2.0,1.0,4.0
Andre Owens,109,279.0,2.5596330275229358,92.0,0.8440366972477065,70.0,0.6422018348623854,0.17140366972477064,0.10735779816513762,0.1775137614678899,11.746268656716419,31.0,3.0,49.0
Andre Patterson,3,2.0,0.6666666666666666,6.0,2.0,1.0,0.3333333333333333,0.16666666666666666,0.0,0.0,8.333333333333334,3.0,4.0,0.0
Andre Roberson,425,1656.0,3.924170616113744,1501.0,3.556872037914692,329.0,0.7796208530805687,0.3816919431279621,0.1469739336492891,0.1445829383886256,21.86350974930362,336.0,247.0,239.0
Andre Spencer,48,346.0,7.208333333333333,154.0,3.2083333333333335,46.0,0.9583333333333334,0.39599999999999996,0.0,0.4020208333333333,16.0625,36.0,17.0,47.0
Andre Turner,178,825.0,4.634831460674158,276.0,1.550561797752809,570.0,3.202247191011236,0.38699438202247194,0.07584269662921349,0.3114606741573034,15.235955056179776,148.0,3.0,220.0
Andre Wakefield,81,185.0,2.2839506172839505,79.0,0.9753086419753086,71.0,0.8765432098765432,0.2762345679012346,0.0,0.21991358024691357,7.716049382716049,8.0,2.0,45.0
Andrea Bargnani,648,8634.0,13.324074074074074,2787.0,4.300925925925926,712.0,1.0987654320987654,0.3991033950617284,0.2837808641975309,0.5782577160493827,27.861337683523654,232.0,522.0,954.0
Andreas Glyniadakis,36,33.0,0.9166666666666666,18.0,0.5,1.0,0.027777777777777776,0.10741666666666666,0.0,0.06019444444444444,5.636363636363637,1.0,4.0,14.0
Andrei Kirilenko,979,10425.0,10.64862104187947,4825.0,4.92849846782431,2418.0,2.469867211440245,0.43464555669050053,0.18558120531154237,0.6040919305413687,28.88008800880088,1242.0,1643.0,1709.0
Andres Guibert,22,60.0,2.727272727272727,61.0,2.772727272727273,12.0,0.5454545454545454,0.24350000000000002,0.0,0.212,9.090909090909092,8.0,2.0,18.0
Andres Nocioni,656,6107.0,9.309451219512194,2570.0,3.917682926829268,687.0,1.0472560975609757,0.3591920731707317,0.2811707317073171,0.44910060975609756,22.727115716753023,250.0,253.0,829.0
Andrew Andrews,5,12.0,2.4,4.0,0.8,3.0,0.6,0.25,0.2,0.1666,10.0,0.0,0.0,3.0
Andrew Bogut,910,7585.0,8.335164835164836,6973.0,7.662637362637363,1781.0,1.957142857142857,0.48288241758241757,0.0032967032967032967,0.2778120879120879,26.479665071770334,523.0,1250.0,1379.0
Andrew Bynum,578,5947.0,10.288927335640139,3941.0,6.818339100346021,584.0,1.0103806228373702,0.47635121107266437,0.0017301038062283738,0.4799065743944637,24.808209523809523,171.0,809.0,783.0
Andrew DeClercq,658,2870.0,4.361702127659575,2535.0,3.8525835866261398,343.0,0.5212765957446809,0.41907294832826747,0.0,0.2912887537993921,16.166112956810633,396.0,308.0,562.0
Andrew Funk,16,12.0,0.75,3.0,0.1875,0.0,0.0,0.1,0.1,0.0,5.331428571428572,2.0,1.0,0.0
Andrew Gaze,40,43.0,1.075,12.0,0.3,11.0,0.275,0.177075,0.1125,0.025,4.423076923076923,4.0,2.0,7.0
Andrew Goudelock,109,306.0,2.8073394495412844,49.0,0.44954128440366975,37.0,0.3394495412844037,0.1905045871559633,0.1334678899082569,0.09862385321100918,9.415384615384616,16.0,2.0,45.0
Andrew Harrison,201,1163.0,5.873737373737374,328.0,1.6565656565656566,443.0,2.2373737373737375,0.31582828282828285,0.2297121212121212,0.45576767676767677,19.37278106508876,115.0,51.0,199.0
Andrew Lang,875,4624.0,5.284571428571429,3646.0,4.166857142857143,436.0,0.4982857142857143,0.37449485714285713,0.005714285714285714,0.3427017142857143,20.4801026957638,347.0,1149.0,736.0
Andrew Levane,47,187.0,3.978723404255319,0.0,0.0,8.0,0.1702127659574468,0.05082978723404256,0.0,0.3318936170212766,0.0,0.0,0.0,0.0
Andrew Nembhard,347,3597.0,10.36599423631124,871.0,2.510086455331412,1635.0,4.7118155619596545,0.4249250720461095,0.31524207492795386,0.40512680115273775,27.99047318611987,314.0,49.0,562.0
Andrew Nicholson,442,2053.0,4.644796380090498,1013.0,2.2918552036199094,148.0,0.334841628959276,0.2819796380090498,0.0977737556561086,0.20139592760180994,14.367088607594937,85.0,112.0,251.0
Andrew Toney,542,8720.0,16.088560885608857,1179.0,2.1752767527675276,2297.0,4.2380073800738005,0.4794833948339483,0.14499077490774906,0.6598634686346864,27.29889298892989,307.0,119.0,1216.0
Andrew White III,24,69.0,2.875,35.0,1.4583333333333333,7.0,0.2916666666666667,0.18266666666666667,0.19945833333333332,0.041666666666666664,13.0,3.0,1.0,8.0
Andrew Wiggins,979,16601.0,17.00922131147541,4188.0,4.290983606557377,2114.0,2.165983606557377,0.4257305327868852,0.3099661885245901,0.5855071721311476,32.58337634408602,887.0,664.0,1662.0
Andris Biedrins,725,3542.0,4.88551724137931,3998.0,5.51448275862069,517.0,0.713103448275862,0.40296000000000004,0.0,0.16334758620689657,20.95993031358885,371.0,641.0,532.0
Andy Duncan,70,362.0,5.171428571428572,0.0,0.0,2.0,0.02857142857142857,0.0023857142857142857,0.0,0.47280000000000005,0.0,0.0,0.0,0.0
Andy Johnson,305,2951.0,9.675409836065574,1037.0,3.4,493.0,1.616393442622951,0.28677704918032787,0.0,0.4946393442622951,2.6327868852459018,0.0,0.0,0.0
Andy Panko,3,0.0,0.0,0.0,0.0,0.0,0.0,0.0,0.0,0.0,0.0,0.0,0.0,0.0
Andy Phillip,546,4190.0,7.673992673992674,461.0,0.8443223443223443,909.0,1.664835164835165,0.11063186813186814,0.0,0.5397875457875457,5.177655677655678,0.0,0.0,0.0
Andy Rautins,51,57.0,1.1176470588235294,16.0,0.3137254901960784,15.0,0.29411764705882354,0.10845098039215685,0.06509803921568628,0.029411764705882353,9.944444444444445,11.0,2.0,19.0
Andy Toolson,62,159.0,2.564516129032258,73.0,1.1774193548387097,33.0,0.532258064516129,0.28803225806451616,0.1868225806451613,0.2056451612903226,8.5,15.0,2.0,26.0
Andy Walker,40,180.0,4.5,75.0,1.875,32.0,0.8,0.44535,0.0,0.3867,10.95,9.0,4.0,0.0
Anfernee Hardaway,849,12117.0,14.27208480565371,3493.0,4.114252061248528,3961.0,4.665488810365136,0.40846878680800947,0.21435689045936396,0.5553757361601884,33.628025477707006,1259.0,360.0,2007.0
Anfernee Simons,563,7011.0,12.542039355992845,1187.0,2.1234347048300535,1464.0,2.618962432915921,0.3495348837209303,0.2922933810375671,0.45606797853309483,25.612624999999998,247.0,59.0,741.0
Angel Delgado,9,13.0,1.8571428571428572,12.0,1.7142857142857142,1.0,0.14285714285714285,0.2857142857142857,0.0,0.07142857142857142,6.0,3.0,0.0,1.0
Angel Rodriguez,4,36.0,12.0,3.0,1.0,7.0,2.3333333333333335,0.46166666666666667,0.3333333333333333,1.0,6.0,2.0,0.0,10.0
Angelo Musi,54,423.0,7.833333333333333,0.0,0.0,1.0,0.018518518518518517,0.0055370370370370365,0.0,0.33981481481481485,0.0,0.0,0.0,0.0
Angus Brandt,1,0.0,,0.0,,0.0,,,,,,0.0,0.0,0.0
Angus Glover,1,5.0,5.0,2.0,2.0,1.0,1.0,0.222,0.2,0.0,24.52,1.0,1.0,1.0
Ansu Sesay,168,412.0,2.4523809523809526,242.0,1.4404761904761905,68.0,0.40476190476190477,0.2761845238095238,0.03273809523809524,0.1839285714285714,9.701492537313433,40.0,35.0,63.0
Antanas Kavaliauskas,1,9.0,9.0,7.0,7.0,4.0,4.0,0.5,0.0,0.5,31.0,0.0,0.0,5.0
Antawn Jamison,1252,21315.0,17.02476038338658,8748.0,6.987220447284345,1886.0,1.5063897763578276,0.40990734824281144,0.2628738019169329,0.5655287539936102,33.55912310286678,1128.0,474.0,1838.0
Ante Zizic,212,746.0,3.552380952380952,485.0,2.3095238095238093,69.0,0.32857142857142857,0.3061142857142857,0.0,0.21104761904761904,12.356589147286822,24.0,45.0,98.0
Anthony Avent,397,1986.0,5.002518891687657,1603.0,4.037783375314861,279.0,0.7027707808564232,0.30568261964735516,0.0,0.27618639798488664,18.79501385041551,166.0,212.0,419.0
Anthony Bennett,260,865.0,3.33976833976834,586.0,2.2625482625482625,92.0,0.3552123552123552,0.22472200772200773,0.08925096525096525,0.22103088803088802,12.920454545454545,76.0,32.0,131.0
Anthony Black,258,2229.0,8.63953488372093,701.0,2.7170542635658914,621.0,2.4069767441860463,0.372953488372093,0.23350387596899225,0.4383682170542636,22.932419127988748,240.0,125.0,356.0
Anthony Bonner,341,2244.0,6.580645161290323,1764.0,5.173020527859237,447.0,1.310850439882698,0.42868328445747805,0.005865102639296188,0.3753372434017595,22.126099706744867,352.0,85.0,466.0
Anthony Bowie,527,3034.0,5.757115749525616,1050.0,1.9924098671726755,873.0,1.6565464895635673,0.384134724857685,0.09708538899430741,0.2650834914611006,17.27145708582834,293.0,109.0,493.0
Anthony Brown,88,213.0,2.5058823529411764,128.0,1.5058823529411764,33.0,0.38823529411764707,0.22110588235294118,0.2039058823529412,0.1333294117647059,16.436363636363637,20.0,7.0,29.0
Anthony Carter,893,3385.0,3.790593505039194,1466.0,1.6416573348264278,2607.0,2.9193729003359463,0.2720750279955207,0.07849608062709966,0.2036394176931691,18.933812949640288,676.0,124.0,1091.0
Anthony Cook,116,418.0,3.603448275862069,428.0,3.689655172413793,34.0,0.29310344827586204,0.34230172413793103,0.0,0.24652586206896554,12.922413793103448,43.0,91.0,66.0
Anthony Davis,1063,22436.0,21.166037735849056,9948.0,9.384905660377358,2373.0,2.2386792452830186,0.4656009433962264,0.15222358490566038,0.6606481132075472,33.34622621564482,1215.0,2105.0,1876.0
Anthony Drmic,4,23.0,5.75,18.0,4.5,5.0,1.25,0.36675,0.2915,0.375,,1.0,0.0,3.0
Anthony Duruji,5,0.0,0.0,0.0,0.0,0.0,0.0,0.0,0.0,0.0,3.5,0.0,0.0,1.0
Anthony Edwards,530,12637.0,23.843396226415095,2770.0,5.226415094339623,2156.0,4.067924528301887,0.43938113207547175,0.34912830188679245,0.7097867924528302,34.207507966857875,669.0,339.0,1469.0
Anthony Fisher,2,10.0,5.0,2.0,1.0,3.0,1.5,0.5,0.5,0.0,,0.0,0.0,1.0
Anthony Frederick,147,718.0,4.884353741496598,280.0,1.9047619047619047,135.0,0.9183673469387755,0.3416938775510204,0.030612244897959183,0.28454421768707483,11.156462585034014,76.0,45.0,132.0
Anthony Gill,488,1140.0,2.3360655737704916,581.0,1.1905737704918034,201.0,0.41188524590163933,0.24988319672131148,0.08438934426229508,0.1558237704918033,10.332385620915034,81.0,62.0,114.0
Anthony Goldwire,341,1692.0,4.961876832844575,362.0,1.06158357771261,739.0,2.167155425219941,0.27650733137829914,0.22558651026392962,0.2942639296187683,18.01851851851852,170.0,9.0,266.0
Anthony Grundy,15,54.0,3.6,18.0,1.2,12.0,0.8,0.4444666666666667,0.26666666666666666,0.26666666666666666,9.384615384615385,7.0,0.0,10.0
Anthony Johnson,1118,5050.0,4.516994633273703,1586.0,1.4186046511627908,2599.0,2.3246869409660107,0.29863506261180683,0.15002504472271916,0.2728810375670841,18.751351351351353,623.0,105.0,992.0
Anthony Jones,165,594.0,3.6,214.0,1.2969696969696969,119.0,0.7212121212121212,0.3234969696969697,0.07171515151515151,0.22909696969696972,10.345454545454546,85.0,38.0,96.0
Anthony Lamb,131,606.0,4.625954198473282,324.0,2.4732824427480917,129.0,0.9847328244274809,0.3111221374045801,0.2191145038167939,0.18466412213740457,16.770599999999998,42.0,31.0,85.0
Anthony Lever-Pedroza,5,3.0,0.6,2.0,0.4,1.0,0.2,0.05,0.2,0.0,7.8,0.0,0.0,4.0
Anthony Mason,1003,10578.0,10.546360917248256,7932.0,7.908275174476571,3181.0,3.1714855433698905,0.47622532402791623,0.0024925224327018943,0.5668504486540379,34.15580448065173,704.0,273.0,1733.0
Anthony Miller,281,530.0,1.886120996441281,504.0,1.793594306049822,69.0,0.24555160142348753,0.24069039145907473,0.0071174377224199285,0.13706761565836298,8.621052631578948,62.0,27.0,93.0
Anthony Morrow,766,5992.0,7.822454308093994,1332.0,1.7389033942558747,545.0,0.7114882506527415,0.34067493472584853,0.3052402088772846,0.3211331592689295,20.94312796208531,353.0,81.0,429.0
Anthony Morse,3,33.0,16.5,9.0,4.5,1.0,0.5,0.577,0.0,0.5835,,2.0,0.0,1.0
Anthony Parker,590,4990.0,8.457627118644067,1772.0,3.0033898305084747,1230.0,2.0847457627118646,0.39902711864406776,0.33323050847457625,0.377935593220339,27.357400722021662,493.0,96.0,558.0
Anthony Peeler,958,8423.0,8.792275574112734,2329.0,2.431106471816284,2062.0,2.152400835073069,0.36937891440501047,0.2923997912317328,0.3138141962421712,24.311161217587372,839.0,148.0,1083.0
Anthony Petrie,1,4.0,4.0,7.0,7.0,2.0,2.0,0.4,0.0,0.0,,0.0,0.0,1.0
Anthony Pullard,8,17.0,2.125,8.0,1.0,2.0,0.25,0.33125,0.0,0.0625,4.625,2.0,2.0,5.0
Anthony Randolph,477,2118.0,4.440251572327044,1252.0,2.6247379454926625,224.0,0.469601677148847,0.24345492662473794,0.01841299790356394,0.2690922431865828,15.18213058419244,174.0,255.0,365.0
Anthony Richardson,1,0.0,0.0,2.0,2.0,0.0,0.0,0.0,0.0,0.0,4.0,0.0,0.0,1.0
Anthony Roberson,167,471.0,2.820359281437126,80.0,0.47904191616766467,65.0,0.38922155688622756,0.18632335329341318,0.1155868263473054,0.07025748502994013,11.147727272727273,35.0,2.0,53.0
Anthony Roberts,229,1903.0,8.31004366812227,958.0,4.183406113537118,302.0,1.3187772925764192,0.3837947598253275,0.0,0.41387336244541484,18.982532751091703,96.0,20.0,266.0
Anthony Taylor,21,144.0,6.857142857142857,34.0,1.619047619047619,43.0,2.0476190476190474,0.34423809523809523,0.0,0.2864761904761905,17.523809523809526,22.0,5.0,20.0
Anthony Tolliver,971,4913.0,5.080661840744571,2673.0,2.764219234746639,714.0,0.7383660806618407,0.2989772492244054,0.2563846949327818,0.26095760082730096,18.666666666666668,312.0,233.0,522.0
Anthony Tucker,62,243.0,3.9193548387096775,170.0,2.7419354838709675,68.0,1.096774193548387,0.3504193548387097,0.0,0.23809677419354838,15.838709677419354,46.0,11.0,56.0
Antoine Carr,1140,9907.0,8.690350877192982,3659.0,3.2096491228070176,1188.0,1.0421052631578946,0.4594894736842105,0.0061403508771929825,0.4898368421052631,19.645338208409505,389.0,1016.0,1273.0
Antoine Hood,3,7.0,2.3333333333333335,1.0,0.3333333333333333,0.0,0.0,0.39999999999999997,0.16666666666666666,0.3333333333333333,4.666666666666667,0.0,0.0,1.0
Antoine Rigaudeau,21,17.0,0.8095238095238095,8.0,0.38095238095238093,6.0,0.2857142857142857,0.10204761904761904,0.047619047619047616,0.0,7.545454545454546,3.0,0.0,6.0
Antoine Walker,1009,16911.0,16.7601585728444,7466.0,7.399405351833498,3412.0,3.381565906838454,0.3941714568880079,0.2762576808721507,0.48094251734390486,34.687372708757636,1191.0,507.0,2733.0
Antoine Wright,427,1982.0,4.6416861826697895,789.0,1.8477751756440282,354.0,0.8290398126463701,0.29693911007025764,0.17866978922716628,0.24738407494145198,18.4438202247191,169.0,87.0,294.0
Anton Shoutvin,4,26.0,6.5,8.0,2.0,0.0,0.0,0.386,0.41675,0.33925,,1.0,0.0,5.0
Anton Watson,35,17.0,0.4857142857142857,11.0,0.3142857142857143,9.0,0.2571428571428571,0.14,0.02857142857142857,0.02857142857142857,4.785,3.0,0.0,8.0
Antonio Anderson,12,27.0,2.25,11.0,0.9166666666666666,11.0,0.9166666666666666,0.29991666666666666,0.125,0.08333333333333333,12.75,4.0,0.0,7.0
Antonio Blakeney,116,630.0,5.526315789473684,159.0,1.394736842105263,72.0,0.631578947368421,0.2923070175438596,0.1722280701754386,0.2696491228070175,14.305882352941177,20.0,10.0,49.0
Antonio Burks,143,237.0,1.6573426573426573,59.0,0.4125874125874126,141.0,0.986013986013986,0.1714055944055944,0.016314685314685315,0.10908391608391609,9.5,39.0,2.0,61.0
Antonio Daniels,1062,7551.0,7.110169491525424,1832.0,1.7250470809792844,3255.0,3.0649717514124295,0.374515065913371,0.18830037664783428,0.4932937853107345,22.025458248472503,626.0,99.0,1031.0
Antonio Davis,1062,9985.0,9.402071563088512,7482.0,7.045197740112994,1106.0,1.0414312617702448,0.4204661016949153,0.002824858757062147,0.5912777777777778,28.3044776119403,491.0,995.0,1496.0
Antonio Harvey,269,553.0,2.0557620817843865,440.0,1.6356877323420074,58.0,0.21561338289962825,0.21090334572490707,0.0037174721189591076,0.12848698884758364,10.151041666666666,54.0,130.0,109.0
Antonio Lang,174,329.0,1.8908045977011494,210.0,1.206896551724138,50.0,0.28735632183908044,0.24688505747126435,0.0,0.21465517241379312,9.381944444444445,55.0,46.0,89.0
Antonio McDyess,1213,13288.0,10.954657873042045,8557.0,7.054410552349546,1454.0,1.1986809563066776,0.4574361088211047,0.001786479802143446,0.4170618301731245,26.48664944013781,858.0,1209.0,1788.0
Antonio Meeking,6,26.0,4.333333333333333,23.0,3.8333333333333335,5.0,0.8333333333333334,0.3795,0.0,0.31483333333333335,13.833333333333334,4.0,1.0,5.0
Antonio Reeves,91,323.0,3.5494505494505493,74.0,0.8131868131868132,43.0,0.4725274725274725,0.255021978021978,0.18442857142857144,0.1250989010989011,12.50551724137931,23.0,4.0,30.0
Antonis Fotsis,63,108.0,1.7142857142857142,62.0,0.9841269841269841,10.0,0.15873015873015872,0.16285714285714287,0.07142857142857142,0.10714285714285714,10.857142857142858,9.0,11.0,21.0
Antonius Cleveland,64,137.0,2.2096774193548385,55.0,0.8870967741935484,11.0,0.1774193548387097,0.20204838709677417,0.08735483870967743,0.12814516129032258,6.6923076923076925,19.0,14.0,15.0
Antywane Robinson,8,6.0,0.75,3.0,0.375,1.0,0.125,0.125,0.125,0.0,5.5,1.0,0.0,1.0
Anwar Ferguson,1,0.0,0.0,0.0,0.0,0.0,0.0,0.0,0.0,0.0,5.0,0.0,1.0,1.0
Anzejs Pasecniks,62,192.0,3.096774193548387,135.0,2.1774193548387095,27.0,0.43548387096774194,0.273516129032258,0.0,0.1846774193548387,14.24527777777778,15.0,13.0,37.0
Archie Clark,796,12963.0,16.285175879396984,2538.0,3.1884422110552766,3629.0,4.559045226130653,0.44367587939698494,0.0,0.6530778894472362,27.502512562814072,77.0,5.0,0.0
Archie Dees,193,1560.0,8.082901554404145,430.0,2.227979274611399,23.0,0.11917098445595854,0.13203108808290154,0.0,0.5985440414507772,2.098445595854922,0.0,0.0,0.0
Archie Goodwin,289,1207.0,4.176470588235294,370.0,1.2802768166089966,231.0,0.7993079584775087,0.2598304498269896,0.08078546712802769,0.2722318339100346,13.81675392670157,86.0,41.0,238.0
Aric Holman,6,8.0,1.3333333333333333,4.0,0.6666666666666666,0.0,0.0,0.22216666666666665,0.16666666666666666,0.0,3.0,0.0,0.0,3.0
Ariel Eslava,2,8.0,4.0,2.0,1.0,2.0,1.0,0.5335000000000001,0.0,0.0,,1.0,0.0,1.0
Ariel Hukporti,181,220.0,1.2154696132596685,276.0,1.5248618784530388,47.0,0.2596685082872928,0.2000828729281768,0.0027624309392265192,0.09944751381215469,8.702046204620462,16.0,51.0,63.0
Arinze Onuaku,61,76.0,1.2459016393442623,69.0,1.1311475409836065,9.0,0.14754098360655737,0.18768852459016394,0.0,0.0710327868852459,7.617647058823529,4.0,10.0,13.0
Arlen Bockhorn,500,5731.0,11.462,2014.0,4.028,442.0,0.884,0.280008,0.0,0.599542,5.898,0.0,0.0,0.0
Armaan Franklin,2,0.0,0.0,0.0,0.0,0.0,0.0,0.0,0.0,0.0,2.0,0.0,0.0,0.0
Armando Bacot,5,15.0,3.0,11.0,2.2,1.0,0.2,0.2,0.0,0.5,9.48,0.0,1.0,5.0
Armani Moore,1,6.0,6.0,5.0,5.0,2.0,2.0,0.5,0.0,0.4,,2.0,1.0,0.0
Armel Traore,30,31.0,1.0333333333333334,32.0,1.0666666666666667,2.0,0.06666666666666667,0.19499999999999998,0.0,0.06333333333333332,8.917692307692308,6.0,5.0,6.0
Armen Gilliam,982,13002.0,13.240325865580449,6557.0,6.677189409368635,1106.0,1.1262729124236253,0.461255600814664,0.0,0.6413207739307536,28.032191069574246,690.0,627.0,1762.0
Armon Johnson,108,215.0,1.9907407407407407,73.0,0.6759259259259259,72.0,0.6666666666666666,0.18771296296296297,0.04783333333333334,0.09814814814814815,8.725806451612904,18.0,2.0,60.0
Armond Hill,484,3333.0,6.886363636363637,920.0,1.9008264462809918,2182.0,4.508264462809917,0.3560144628099174,0.002066115702479339,0.5419731404958678,24.109504132231404,283.0,37.0,546.0
Armoni Brooks,128,628.0,4.90625,207.0,1.6171875,110.0,0.859375,0.2309296875,0.21209375,0.1067734375,15.44,43.0,17.0,57.0
Arnett Moultrie,126,285.0,2.261904761904762,233.0,1.8492063492063493,20.0,0.15873015873015872,0.2433015873015873,0.0,0.09113492063492064,12.971428571428572,37.0,18.0,45.0
Arnie Ferrin,119,657.0,5.5210084033613445,0.0,0.0,17.0,0.14285714285714285,0.031907563025210084,0.0,0.506235294117647,0.0,0.0,0.0,0.0
Arnie Johnson,242,2120.0,8.760330578512397,105.0,0.43388429752066116,53.0,0.2190082644628099,0.06655785123966942,0.0,0.7285619834710745,0.47107438016528924,0.0,0.0,0.0
Arnie Risen,576,6607.0,11.47048611111111,1438.0,2.4965277777777777,203.0,0.3524305555555556,0.12611631944444446,0.0,0.6566736111111111,4.932291666666667,0.0,0.0,0.0
Arnoldas Kulboka,19,0.0,0.0,0.0,0.0,0.0,0.0,0.0,0.0,0.0,2.0,0.0,0.0,0.0
Aron Baynes,722,3517.0,4.884722222222222,2730.0,3.7916666666666665,465.0,0.6458333333333334,0.3851611111111112,0.06735694444444444,0.2810958333333333,15.28995057660626,143.0,277.0,514.0
Arron Afflalo,953,9038.0,9.493697478991596,2412.0,2.533613445378151,1519.0,1.5955882352941178,0.38240861344537813,0.29201155462184875,0.44585924369747904,26.206293706293707,384.0,157.0,961.0
Arsalan Kazemi,6,2.0,0.3333333333333333,7.0,1.1666666666666667,0.0,0.0,0.0,0.0,0.08333333333333333,7.0,1.0,0.0,0.0
Art Burris,53,138.0,2.6037735849056602,3.0,0.05660377358490566,3.0,0.05660377358490566,0.0,0.0,0.296811320754717,0.22641509433962265,0.0,0.0,0.0
Art Collins,38,196.0,5.157894736842105,41.0,1.0789473684210527,25.0,0.6578947368421053,0.1935,0.0,0.3365,10.394736842105264,5.0,1.0,27.0
Art Harris,246,2214.0,9.0,581.0,2.361788617886179,650.0,2.6422764227642275,0.36545528455284554,0.0,0.3949918699186992,20.24390243902439,0.0,0.0,0.0
Art Heyman,147,1519.0,10.333333333333334,246.0,1.6734693877551021,145.0,0.9863945578231292,0.2462721088435374,0.0,0.5206598639455783,5.523809523809524,0.0,0.0,0.0
Art Hillhouse,18,97.0,5.388888888888889,0.0,0.0,1.0,0.05555555555555555,0.017,0.0,0.19138888888888891,0.0,0.0,0.0,0.0
Art Long,131,345.0,2.633587786259542,319.0,2.435114503816794,48.0,0.366412213740458,0.30116793893129773,0.011450381679389313,0.14898473282442748,11.948979591836734,27.0,42.0,85.0
Art Spector,55,262.0,4.763636363636364,0.0,0.0,0.0,0.0,0.00909090909090909,0.0,0.27298181818181816,0.0,0.0,0.0,0.0
Art Spoelstra,281,2028.0,7.217081850533808,252.0,0.896797153024911,52.0,0.18505338078291814,0.09826690391459074,0.0,0.5131850533807829,2.377224199288256,0.0,0.0,0.0
Arthur Johnson,7,38.0,5.428571428571429,27.0,3.857142857142857,3.0,0.42857142857142855,0.4272857142857143,0.0,0.14285714285714285,7.571428571428571,4.0,5.0,9.0
Arthur Williams,579,3041.0,5.252158894645941,1637.0,2.8272884283246977,2279.0,3.936096718480138,0.33830397236614856,0.0,0.3702055267702936,12.172711571675302,4.0,0.0,0.0
Artis Gilmore,955,16104.0,16.86282722513089,9491.0,9.938219895287958,1739.0,1.8209424083769634,0.5845853403141361,0.0010471204188481676,0.6563968586387435,31.213612565445025,386.0,1699.0,1686.0
Arvid Kramer,8,16.0,2.0,12.0,1.5,3.0,0.375,0.201375,0.0,0.125,5.625,0.0,5.0,5.0
Arvydas Macijauskas,65,87.0,1.3384615384615384,17.0,0.26153846153846155,18.0,0.27692307692307694,0.10852307692307693,0.04101538461538461,0.12252307692307693,8.88,9.0,0.0,15.0
Arvydas Sabonis,556,6246.0,11.233812949640289,3814.0,6.859712230215828,1061.0,1.908273381294964,0.45355395683453237,0.14459352517985613,0.6083237410071942,24.193857965451055,418.0,542.0,919.0
Asa Newell,77,259.0,3.3636363636363638,113.0,1.4675324675324675,31.0,0.4025974025974026,0.2655324675324675,0.1699090909090909,0.12518181818181817,11.533266666666666,19.0,21.0,24.0
Ashraf Amaya,133,379.0,2.8496240601503757,355.0,2.669172932330827,36.0,0.2706766917293233,0.22266917293233085,0.007518796992481203,0.24260150375939848,14.529411764705882,29.0,13.0,67.0
Ashton Hagans,30,95.0,3.1666666666666665,54.0,1.8,74.0,2.466666666666667,0.27626666666666666,0.11666666666666667,0.25,13.652173913043478,16.0,10.0,42.0
Askia Jones,11,45.0,4.090909090909091,11.0,1.0,16.0,1.4545454545454546,0.2850909090909091,0.06063636363636364,0.4620909090909091,12.636363636363637,6.0,0.0,9.0
Ater Majok,2,9.0,4.5,7.0,3.5,1.0,0.5,0.5,0.0,0.5,,1.0,2.0,4.0
Au'Diese Toney,2,0.0,0.0,0.0,0.0,2.0,1.0,0.0,0.0,0.0,1.5,0.0,0.0,0.0
Audie Norris,207,898.0,4.338164251207729,647.0,3.1256038647342996,159.0,0.7681159420289855,0.43181159420289855,0.0,0.35983091787439614,13.497584541062801,92.0,77.0,265.0
Audley Brindley,3,6.0,2.0,0.0,0.0,0.0,0.0,0.0,0.0,0.16666666666666666,0.0,0.0,0.0,0.0
Augustas Marciulionis,5,0.0,0.0,0.0,0.0,0.0,0.0,0.0,0.0,0.0,,0.0,0.0,0.0
Augusto Alcassa,1,2.0,2.0,0.0,0.0,0.0,0.0,1.0,0.0,0.0,,0.0,0.0,1.0
Aurelijius Zukauskas,3,15.0,5.0,25.0,8.333333333333334,5.0,1.6666666666666667,0.5416666666666666,0.0,0.3333333333333333,23.333333333333332,1.0,8.0,8.0
Ausar Thompson,230,2135.0,9.282608695652174,1323.0,5.752173913043478,553.0,2.4043478260869566,0.49496521739130434,0.08746521739130435,0.41623043478260874,24.6803288490284,356.0,206.0,324.0
Austin Carr,701,10687.0,15.245363766048502,1963.0,2.8002853067047075,1830.0,2.6105563480741796,0.4203081312410842,0.0028530670470756064,0.6180727532097005,26.56348074179743,319.0,54.0,427.0
Austin Croshere,960,5171.0,5.386458333333334,3043.0,3.169791666666667,719.0,0.7489583333333333,0.28182916666666663,0.195540625,0.37572500000000003,17.001315789473683,289.0,247.0,761.0
Austin Daye,474,1862.0,3.936575052854123,908.0,1.919661733615222,244.0,0.5158562367864693,0.2513086680761099,0.18051162790697675,0.19822198731501056,13.857566765578635,136.0,148.0,256.0
Austin Foxwell,1,0.0,0.0,0.0,0.0,1.0,1.0,0.0,0.0,0.0,2.25,0.0,0.0,0.0
Austin Reaves,413,6076.0,14.711864406779661,1535.0,3.7167070217917675,1707.0,4.13317191283293,0.44253510895883774,0.32998547215496365,0.683094430992736,30.420352233676976,305.0,131.0,755.0
Austin Rivers,905,6814.0,7.5459579180509415,1677.0,1.8571428571428572,1719.0,1.9036544850498338,0.3461794019933555,0.24747397563676632,0.33568217054263566,23.055893074119076,587.0,133.0,857.0
Austin Wiley,1,14.0,14.0,11.0,11.0,0.0,0.0,0.444,0.0,0.857,23.31,0.0,1.0,1.0
Avery Bradley,865,8198.0,9.488425925925926,2079.0,2.40625,1236.0,1.4305555555555556,0.35072800925925923,0.26112847222222224,0.30201041666666667,26.81132075471698,758.0,146.0,981.0
Avery Johnson,1224,9766.0,7.978758169934641,1937.0,1.582516339869281,6408.0,5.235294117647059,0.408437908496732,0.020016339869281044,0.38919607843137255,25.49125874125874,1109.0,165.0,1919.0
Awvee Storey,169,220.0,1.301775147928994,128.0,0.757396449704142,31.0,0.1834319526627219,0.15085207100591716,0.038461538461538464,0.06253254437869822,7.3,15.0,2.0,26.0
Axel Hervelle,1,14.0,14.0,14.0,14.0,2.0,2.0,0.385,0.0,1.0,29.0,1.0,0.0,5.0
Axel Toupane,69,117.0,1.6956521739130435,56.0,0.8115942028985508,24.0,0.34782608695652173,0.16678260869565217,0.11352173913043478,0.10820289855072464,10.952380952380953,11.0,12.0,10.0
Ayberk Olmaz,1,0.0,0.0,3.0,3.0,1.0,1.0,0.0,0.0,0.0,6.0,0.0,0.0,1.0
Ayo Dosunmu,396,4295.0,10.845959595959595,1153.0,2.9116161616161618,1258.0,3.176767676767677,0.47778535353535356,0.31720454545454546,0.40943939393939394,26.909612403100777,313.0,141.0,519.0
Azuolas Tubelis,4,0.0,0.0,0.0,0.0,0.0,0.0,0.0,0.0,0.0,,0.0,0.0,0.0
B.J. Armstrong,886,8147.0,9.195259593679458,1472.0,1.6613995485327313,2730.0,3.0812641083521446,0.4377200902934537,0.24555191873589163,0.4668566591422122,23.546948356807512,615.0,50.0,968.0
B.J. Taylor,1,0.0,0.0,0.0,0.0,0.0,0.0,0.0,0.0,0.0,,0.0,0.0,0.0
B.J. Tyler,55,195.0,3.5454545454545454,62.0,1.1272727272727272,174.0,3.1636363636363636,0.3588363636363637,0.19090909090909092,0.25,14.709090909090909,36.0,2.0,97.0
BJ Johnson,58,111.0,1.9137931034482758,46.0,0.7931034482758621,8.0,0.13793103448275862,0.20477586206896553,0.11206896551724138,0.11637931034482758,8.068965517241379,5.0,2.0,14.0
Bailey Howell,1041,19207.0,18.450528338136408,6932.0,6.658981748318924,1006.0,0.9663784822286263,0.3258693563880884,0.0,0.7307848222862632,14.503362151777138,0.0,0.0,0.0
Bam Adebayo,811,12231.0,15.118665018541408,6759.0,8.354758961681087,2646.0,3.2707045735475897,0.49628182941903587,0.08523362175525341,0.6197540173053152,30.226261437908498,805.0,632.0,1599.0
Baris Ermis,1,2.0,2.0,1.0,1.0,0.0,0.0,1.0,0.0,0.0,9.0,0.0,1.0,1.0
Barney Cable,372,2440.0,6.559139784946237,1223.0,3.2876344086021505,125.0,0.33602150537634407,0.23061021505376345,0.0,0.35910752688172043,7.900537634408602,0.0,0.0,0.0
Baron Davis,1001,14824.0,14.80919080919081,3504.0,3.5004995004995005,6558.0,6.551448551448551,0.37468631368631367,0.2744795204795205,0.5400989010989011,33.57227668845316,1700.0,393.0,2532.0
Barry Brown Jr.,2,0.0,0.0,0.0,0.0,0.0,0.0,0.0,0.0,0.0,,0.0,0.0,0.0
Barry Kramer,52,186.0,3.576923076923077,86.0,1.6538461538461537,34.0,0.6538461538461539,0.2674615384615385,0.0,0.38725,5.884615384615385,0.0,0.0,0.0
Barry Nelson,30,35.0,1.1666666666666667,18.0,0.6,7.0,0.23333333333333334,0.12996666666666667,0.0,0.09443333333333334,2.7666666666666666,0.0,0.0,0.0
Barry Orms,66,181.0,2.742424242424242,149.0,2.257575757575758,43.0,0.6515151515151515,0.23878787878787877,0.0,0.24495454545454548,12.409090909090908,0.0,0.0,0.0
Barry Stevens,2,2.0,1.0,2.0,1.0,0.0,0.0,0.25,0.0,0.0,3.0,0.0,0.0,0.0
Barry Sumpter,1,0.0,0.0,0.0,0.0,0.0,0.0,0.0,0.0,0.0,1.0,0.0,0.0,0.0
Barry Yates,24,69.0,2.875,40.0,1.6666666666666667,7.0,0.2916666666666667,0.40320833333333334,0.0,0.13891666666666666,5.833333333333333,0.0,0.0,0.0
Bart Kofoed,121,183.0,1.512396694214876,71.0,0.5867768595041323,119.0,0.9834710743801653,0.2746198347107438,0.024793388429752067,0.13017355371900827,6.7190082644628095,20.0,4.0,65.0
Bato Govedarica,19,60.0,3.1578947368421053,14.0,0.7368421052631579,19.0,1.0,0.3932631578947368,0.0,0.4161052631578947,10.736842105263158,0.0,0.0,0.0
Bayard Forrest,154,593.0,3.8506493506493507,594.0,3.857142857142857,307.0,1.9935064935064934,0.39814285714285713,0.0,0.23881818181818182,14.564935064935066,54.0,71.0,201.0
Baylor Scheierman,168,615.0,3.6607142857142856,384.0,2.2857142857142856,167.0,0.9940476190476191,0.24875,0.21736309523809524,0.10446428571428572,15.959635416666666,75.0,10.0,73.0
"Bear, The Body Hoffman",29,76.0,2.6206896551724137,24.0,0.8275862068965517,14.0,0.4827586206896552,0.05227586206896552,0.0,0.2752758620689655,4.103448275862069,0.0,0.0,0.0
Beau Beech,5,3.0,0.6,1.0,0.2,0.0,0.0,0.0666,0.0666,0.0,8.0,0.0,0.0,0.0
Belus Smawley,10,68.0,6.8,0.0,0.0,5.0,0.5,0.0267,0.0,0.6917,0.0,0.0,0.0,0.0
Ben Altit,2,0.0,0.0,1.0,0.5,1.0,0.5,0.0,0.0,0.0,,0.0,0.0,1.0
Ben Bentil,12,15.0,1.25,15.0,1.25,1.0,0.08333333333333333,0.09025,0.0,0.125,7.666666666666667,0.0,3.0,7.0
Ben Clyde,25,69.0,2.76,40.0,1.6,6.0,0.24,0.30632000000000004,0.0,0.09667999999999999,6.28,2.0,0.0,0.0
Ben Coleman,230,1508.0,6.556521739130435,933.0,4.056521739130435,128.0,0.5565217391304348,0.4881173913043478,0.0,0.4585782608695652,15.804347826086957,95.0,99.0,303.0
Ben Davis,93,54.0,0.5806451612903226,53.0,0.5698924731182796,5.0,0.053763440860215055,0.11111827956989247,0.0,0.0456989247311828,3.375,6.0,2.0,7.0
Ben Gillery,24,25.0,1.0416666666666667,23.0,0.9583333333333334,2.0,0.08333333333333333,0.201375,0.0,0.23958333333333334,3.5,2.0,4.0,5.0
Ben Gordon,936,12334.0,13.177350427350428,2068.0,2.2094017094017095,2104.0,2.247863247863248,0.3636965811965812,0.3001036324786325,0.5698963675213675,26.96991576413959,566.0,124.0,1739.0
Ben Handlogten,60,181.0,3.0166666666666666,132.0,2.2,20.0,0.3333333333333333,0.3292,0.0,0.17361666666666667,11.186046511627907,10.0,9.0,32.0
Ben Hansbrough,95,74.0,0.7789473684210526,30.0,0.3157894736842105,36.0,0.37894736842105264,0.08415789473684211,0.056147368421052626,0.07718947368421053,6.615384615384615,8.0,4.0,21.0
Ben Kelso,47,85.0,1.8085106382978724,28.0,0.5957446808510638,18.0,0.3829787234042553,0.24089361702127657,0.0,0.17197872340425532,3.595744680851064,2.0,0.0,0.0
Ben McDonald,186,1069.0,5.747311827956989,582.0,3.129032258064516,246.0,1.3225806451612903,0.41763978494623655,0.0394247311827957,0.23697849462365592,20.306451612903224,82.0,18.0,153.0
Ben McLemore,721,5460.0,7.5938803894297635,1382.0,1.9221140472879,612.0,0.8511821974965229,0.32605980528511824,0.2666981919332406,0.3127287899860918,21.71078431372549,393.0,114.0,672.0
Ben Moore,15,6.0,0.46153846153846156,6.0,0.46153846153846156,3.0,0.23076923076923078,0.05130769230769231,0.0,0.07692307692307693,8.75,0.0,0.0,1.0
Ben Poquette,722,4928.0,6.825484764542936,3682.0,5.099722991689751,850.0,1.1772853185595569,0.4346274238227147,0.01592797783933518,0.42599168975069246,21.47645429362881,263.0,681.0,447.0
Ben Reis,3,8.0,2.6666666666666665,6.0,2.0,2.0,0.6666666666666666,0.19566666666666666,0.5,0.0,17.333333333333332,2.0,0.0,2.0
Ben Saraf,53,373.0,7.037735849056604,99.0,1.8679245283018868,169.0,3.188679245283019,0.37471698113207547,0.16777358490566036,0.4525283018867925,20.583125,43.0,8.0,113.0
Ben Sheppard,268,1277.0,4.764925373134329,572.0,2.1343283582089554,294.0,1.0970149253731343,0.33955223880597013,0.27044776119402986,0.19397014925373135,17.910214592274677,132.0,28.0,104.0
Ben Simmons,469,5747.0,12.306209850107066,3294.0,7.053533190578158,3182.0,6.8137044967880085,0.5274475374732335,0.013918629550321198,0.40032762312633835,30.267011235955056,651.0,302.0,1331.0
Ben Uzoh,93,259.0,2.78494623655914,142.0,1.5268817204301075,137.0,1.4731182795698925,0.27861290322580645,0.03763440860215054,0.17043010752688173,12.46376811594203,33.0,12.0,51.0
Ben Wallace,1370,7462.0,5.446715328467153,12266.0,8.953284671532847,1683.0,1.2284671532846716,0.40654817518248176,0.004744525547445255,0.2538518248175182,29.13333070866142,1630.0,2429.0,1248.0
Ben Warley,298,1804.0,6.053691275167785,1215.0,4.077181208053691,154.0,0.5167785234899329,0.26259060402684564,0.0,0.5077617449664429,4.510067114093959,0.0,0.0,0.0
Bennedict Mathurin,309,4797.0,15.524271844660195,1366.0,4.4207119741100325,546.0,1.766990291262136,0.4267637540453075,0.2996925566343042,0.7137411003236246,27.11775577557756,192.0,74.0,567.0
Bennet Davis,1,0.0,0.0,1.0,1.0,0.0,0.0,0.0,0.0,0.0,4.0,0.0,0.0,0.0
Bennie Boatwright,3,5.0,1.6666666666666667,4.0,1.3333333333333333,1.0,0.3333333333333333,0.16666666666666666,0.111,0.0,5.0,1.0,0.0,2.0
Bennie Swain,63,272.0,4.317460317460317,207.0,3.2857142857142856,7.0,0.1111111111111111,0.23660317460317462,0.0,0.4204603174603175,7.26984126984127,0.0,0.0,0.0
Beno Udrih,1128,7574.0,6.714539007092198,1871.0,1.6586879432624113,3076.0,2.726950354609929,0.34374113475177304,0.19407890070921985,0.3354583333333333,20.611940298507463,632.0,75.0,1304.0
Benoit Benjamin,841,9368.0,11.139120095124852,6163.0,7.328180737217598,1076.0,1.2794292508917955,0.47257788347205704,0.0011890606420927466,0.5465136741973841,27.07151515151515,532.0,1614.0,1872.0
Berk Ugurlu,2,0.0,0.0,0.0,0.0,0.0,0.0,0.0,0.0,0.0,2.0,0.0,0.0,0.0
Bernard James,221,254.0,1.1493212669683257,281.0,1.2714932126696832,18.0,0.08144796380090498,0.15585972850678734,0.0,0.11576018099547511,8.140350877192983,24.0,81.0,47.0
Bernard King,903,20342.0,22.527131782945737,5161.0,5.715393133997785,2923.0,3.236987818383167,0.5079545957918051,0.018918050941306754,0.670421926910299,33.348837209302324,733.0,197.0,2342.0
Bernard Robinson,217,656.0,3.0230414746543777,367.0,1.6912442396313363,166.0,0.7649769585253456,0.21386175115207373,0.02304147465437788,0.2742488479262673,14.680272108843537,129.0,17.0,134.0
Bernard Thompson,215,1281.0,5.9581395348837205,355.0,1.6511627906976745,270.0,1.255813953488372,0.3944232558139535,0.0,0.4369534883720931,13.837209302325581,125.0,28.0,182.0
Bernard Toone,27,55.0,2.037037037037037,35.0,1.2962962962962963,13.0,0.48148148148148145,0.2987777777777778,0.037037037037037035,0.12037037037037036,4.814814814814815,3.0,5.0,6.0
Bernie Bickerstaff,1,0.0,0.0,0.0,0.0,0.0,0.0,0.0,0.0,0.0,0.0,0.0,0.0,0.0
Bernie Fryer,111,686.0,6.18018018018018,204.0,1.837837837837838,330.0,2.972972972972973,0.42524324324324325,0.0,0.4182342342342342,17.34234234234234,104.0,10.0,0.0
Bernie Harris,11,5.0,0.45454545454545453,8.0,0.7272727272727273,0.0,0.0,0.09090909090909091,0.0,0.045454545454545456,1.4545454545454546,0.0,1.0,0.0
Bernie Williams,129,905.0,7.015503875968992,240.0,1.8604651162790697,266.0,2.062015503875969,0.3369457364341085,0.0,0.5299147286821705,11.186046511627907,0.0,0.0,0.0
Bert Cook,38,126.0,3.3157894736842106,4.0,0.10526315789473684,9.0,0.23684210526315788,0.056289473684210535,0.0,0.3464473684210526,2.4473684210526314,0.0,0.0,0.0
Bez Mbeng,17,122.0,7.176470588235294,57.0,3.3529411764705883,62.0,3.6470588235294117,0.36347058823529416,0.11270588235294117,0.388235294117647,32.594,34.0,5.0,22.0
Bilal Coulibaly,196,1969.0,10.045918367346939,824.0,4.204081632653061,462.0,2.357142857142857,0.4029591836734694,0.27145408163265305,0.5664948979591837,28.422065217391303,226.0,149.0,298.0
Bill Bradley,838,10445.0,12.464200477326969,2676.0,3.1933174224343674,2760.0,3.2935560859188544,0.4286085918854415,0.0,0.6017756563245823,30.46778042959427,60.0,23.0,0.0
Bill Bridges,1042,12223.0,11.730326295585412,12195.0,11.703454894433781,2649.0,2.542226487523992,0.4149587332053743,0.0,0.5810806142034549,30.296545105566217,28.0,9.0,0.0
Bill Buntin,41,324.0,7.902439024390244,193.0,4.7073170731707314,23.0,0.5609756097560976,0.27970731707317076,0.0,0.44324390243902445,8.414634146341463,0.0,0.0,0.0
Bill Calhoun,300,2272.0,7.573333333333333,64.0,0.21333333333333335,78.0,0.26,0.054816666666666666,0.0,0.6086166666666667,1.8166666666666667,0.0,0.0,0.0
Bill Cartwright,1088,13821.0,12.703125,6762.0,6.2150735294117645,1553.0,1.427389705882353,0.5030900735294117,0.0,0.6219604779411765,28.392463235294116,413.0,574.0,1607.0
Bill Chamberlain,28,153.0,5.464285714285714,81.0,2.892857142857143,37.0,1.3214285714285714,0.4110714285714286,0.0,0.42496428571428574,13.035714285714286,9.0,6.0,0.0
Bill Closs,94,663.0,7.053191489361702,54.0,0.574468085106383,32.0,0.3404255319148936,0.0595,0.0,0.6250212765957447,0.6063829787234043,0.0,0.0,0.0
Bill Curley,198,394.0,1.9898989898989898,290.0,1.4646464646464648,60.0,0.30303030303030304,0.2708838383838384,0.010101010101010102,0.16077777777777777,10.590604026845638,61.0,44.0,75.0
Bill Dinwiddie,221,984.0,4.452488687782806,689.0,3.1176470588235294,93.0,0.42081447963800905,0.29888235294117643,0.0,0.27570135746606333,7.520361990950226,0.0,0.0,0.0
Bill Ebben,9,15.0,1.6666666666666667,2.0,0.2222222222222222,2.0,0.2222222222222222,0.08700000000000001,0.0,0.16666666666666666,1.7777777777777777,0.0,0.0,0.0
Bill Edwards,3,6.0,2.0,14.0,4.666666666666667,4.0,1.3333333333333333,0.36333333333333334,0.0,0.3333333333333333,14.666666666666666,3.0,1.0,4.0
Bill Fenley,7,31.0,4.428571428571429,0.0,0.0,0.0,0.0,0.0,0.0,0.07142857142857142,0.0,0.0,0.0,0.0
Bill Garnett,309,1676.0,5.423948220064725,1318.0,4.26537216828479,397.0,1.284789644012945,0.46722330097087383,0.003236245954692557,0.4773203883495145,17.262135922330096,155.0,169.0,335.0
Bill Hanzlik,810,5854.0,7.22716049382716,2240.0,2.765432098765432,2225.0,2.746913580246914,0.4233506172839506,0.04022469135802469,0.5651456790123457,20.78641975308642,717.0,215.0,1160.0
Bill Henry,40,239.0,5.975,0.0,0.0,1.0,0.025,0.0225,0.0,0.5474,0.0,0.0,0.0,0.0
Bill Hewitt,376,2202.0,5.8563829787234045,1748.0,4.648936170212766,406.0,1.0797872340425532,0.3208563829787234,0.0,0.2904601063829787,14.672872340425531,4.0,4.0,0.0
Bill Jones,37,129.0,3.4864864864864864,47.0,1.2702702702702702,20.0,0.5405405405405406,0.3891891891891892,0.0,0.3581081081081081,8.297297297297296,17.0,6.0,18.0
Bill Kenville,378,2642.0,6.98941798941799,772.0,2.0423280423280423,448.0,1.1851851851851851,0.20707142857142857,0.0,0.5851931216931217,10.068783068783068,0.0,0.0,0.0
Bill Laimbeer,1183,15156.0,12.81149619611158,11481.0,9.704987320371936,2377.0,2.0092983939137787,0.47808960270498735,0.09721470836855452,0.5757218934911242,31.791208791208792,738.0,1007.0,1576.0
Bill Ligon,40,128.0,3.2,23.0,0.575,21.0,0.525,0.23405,0.0,0.14750000000000002,4.7,0.0,1.0,0.0
Bill Martin,84,397.0,4.726190476190476,136.0,1.619047619047619,58.0,0.6904761904761905,0.39432142857142854,0.0,0.31626190476190474,10.238095238095237,30.0,9.0,73.0
Bill Mayfield,7,17.0,2.4285714285714284,9.0,1.2857142857142858,1.0,0.14285714285714285,0.4167142857142857,0.0,0.07142857142857142,7.714285714285714,0.0,1.0,2.0
Bill McGill,163,1619.0,9.932515337423313,350.0,2.147239263803681,72.0,0.44171779141104295,0.25576687116564417,0.0,0.49263803680981594,4.92638036809816,0.0,0.0,0.0
Bill Melchionni,154,658.0,4.2727272727272725,208.0,1.3506493506493507,210.0,1.3636363636363635,0.35048051948051945,0.0,0.22760389610389611,6.51948051948052,0.0,0.0,0.0
Bill Mlkvy,23,171.0,7.434782608695652,1.0,0.043478260869565216,2.0,0.08695652173913043,0.021739130434782608,0.0,0.3637391304347826,0.0,0.0,0.0,0.0
Bill Roberts,8,15.0,1.875,0.0,0.0,0.0,0.0,0.0,0.0,0.0625,0.0,0.0,0.0,0.0
Bill Robinzine,537,5620.0,10.465549348230912,3251.0,6.054003724394786,557.0,1.037243947858473,0.4547690875232775,0.0037243947858473,0.5707932960893856,21.30167597765363,490.0,77.0,460.0
Bill Russell,1139,17303.0,15.191395961369622,25429.0,22.325724319578576,3770.0,3.3099209833187007,0.3431369622475856,0.0,0.5520728709394206,29.299385425812115,0.0,0.0,0.0
Bill Sharman,725,13215.0,18.22758620689655,1202.0,1.6579310344827587,1086.0,1.4979310344827585,0.2688524137931035,0.0,0.8363103448275863,15.539310344827586,0.0,0.0,0.0
Bill Smith,41,246.0,6.0,157.0,3.8292682926829267,23.0,0.5609756097560976,0.31926829268292684,0.0,0.4200243902439024,13.512195121951219,0.0,0.0,0.0
Bill Stricker,1,4.0,4.0,0.0,0.0,0.0,0.0,0.667,0.0,0.0,2.0,0.0,0.0,0.0
Bill Thieben,88,355.0,4.034090909090909,42.0,0.4772727272727273,6.0,0.06818181818181818,0.08434090909090909,0.0,0.3115909090909091,0.8977272727272727,0.0,0.0,0.0
Bill Tosheff,63,456.0,7.238095238095238,23.0,0.36507936507936506,33.0,0.5238095238095238,0.05217460317460317,0.0,0.6385555555555555,3.0952380952380953,0.0,0.0,0.0
Bill Turner,316,1694.0,5.360759493670886,1096.0,3.4683544303797467,173.0,0.5474683544303798,0.34589556962025314,0.0,0.3771487341772152,12.221518987341772,0.0,0.0,0.0
Bill Walton,518,6758.0,13.046332046332047,5374.0,10.374517374517374,1737.0,3.353281853281853,0.5146081081081081,0.0,0.5238725868725869,27.945945945945947,408.0,1103.0,856.0
Bill Wennington,841,3479.0,4.136741973840666,2248.0,2.6730083234244946,465.0,0.5529131985731273,0.3639310344827586,0.007134363852556481,0.2605541022592152,12.950632911392406,241.0,259.0,468.0
Bill Willoughby,513,3050.0,5.94541910331384,1948.0,3.797270955165692,425.0,0.8284600389863548,0.408962962962963,0.012670565302144249,0.3351929824561404,17.003898635477583,134.0,223.0,248.0
Bill Zopf,53,118.0,2.2264150943396226,42.0,0.7924528301886793,67.0,1.2641509433962264,0.25560377358490566,0.0,0.1701132075471698,6.773584905660377,0.0,0.0,0.0
Billy Cunningham,696,14421.0,20.719827586206897,6923.0,9.94683908045977,2696.0,3.8735632183908044,0.4281795977011494,0.0,0.6929181034482759,28.735632183908045,34.0,4.0,0.0
Billy Donovan,44,105.0,2.3863636363636362,25.0,0.5681818181818182,87.0,1.9772727272727273,0.30361363636363636,0.0,0.11136363636363637,8.272727272727273,16.0,1.0,42.0
Billy Gabor,255,2257.0,8.850980392156863,115.0,0.45098039215686275,224.0,0.8784313725490196,0.10975294117647058,0.0,0.6421686274509805,4.87843137254902,0.0,0.0,0.0
Billy Garrett,5,26.0,5.2,3.0,0.6,7.0,1.4,0.32120000000000004,0.0,0.4,15.5,1.0,1.0,2.0
Billy Hassett,35,103.0,2.942857142857143,0.0,0.0,6.0,0.17142857142857143,0.04285714285714286,0.0,0.3531714285714286,0.0,0.0,0.0,0.0
Billy Knight,681,10632.0,15.612334801762115,3052.0,4.481644640234949,1433.0,2.104258443465492,0.47941262848751837,0.035487518355359765,0.662330396475771,27.01762114537445,457.0,61.0,786.0
Billy McKinney,495,3967.0,8.014141414141415,702.0,1.4181818181818182,1700.0,3.4343434343434343,0.45446868686868686,0.006060606060606061,0.4568282828282828,19.086868686868687,328.0,39.0,515.0
Billy Owens,667,7195.0,10.787106446776612,4105.0,6.1544227886056975,1744.0,2.6146926536731634,0.4237646176911544,0.08495802098950525,0.42701049475262365,29.291325695581016,585.0,326.0,1334.0
Billy Paultz,706,5947.0,8.423512747875353,3918.0,5.54957507082153,1137.0,1.6104815864022664,0.4190354107648725,0.0,0.3613031161473088,21.444759206798867,281.0,718.0,341.0
Billy Preston,4,5.0,1.6666666666666667,6.0,2.0,0.0,0.0,0.08333333333333333,0.0,0.16666666666666666,11.5,0.0,0.0,1.0
Billy Reid,59,190.0,3.2203389830508473,60.0,1.0169491525423728,71.0,1.2033898305084745,0.3671694915254237,0.0,0.1652542372881356,10.11864406779661,33.0,5.0,77.0
Billy Thomas,101,180.0,1.7821782178217822,64.0,0.6336633663366337,30.0,0.297029702970297,0.13000990099009901,0.11148514851485149,0.08663366336633663,8.840579710144928,29.0,2.0,25.0
Billy Thompson,304,2590.0,8.519736842105264,1621.0,5.332236842105263,516.0,1.6973684210526316,0.47888157894736844,0.006578947368421052,0.4142269736842105,22.207236842105264,162.0,272.0,529.0
Billyray Bates,193,2357.0,12.212435233160623,330.0,1.7098445595854923,377.0,1.9533678756476685,0.44110362694300514,0.11778238341968912,0.5279378238341969,18.378238341968913,155.0,18.0,292.0
Bimbo Coles,944,6720.0,7.11864406779661,1842.0,1.951271186440678,3338.0,3.5360169491525424,0.35603389830508475,0.11474364406779661,0.42679131355932204,23.546929316338353,745.0,135.0,1283.0
Bingo Smith,889,11232.0,12.634420697412823,3563.0,4.0078740157480315,1721.0,1.935883014623172,0.4160933633295838,0.01162204724409449,0.49911698537682786,23.82339707536558,354.0,139.0,236.0
Bismack Biyombo,1204,4870.0,4.0515806988352745,5723.0,4.761231281198003,634.0,0.5274542429284526,0.39254825291181367,0.0,0.2672678868552413,18.48268341708543,262.0,1210.0,898.0
Bison Dele,458,4840.0,10.56768558951965,2774.0,6.056768558951965,465.0,1.01528384279476,0.5077816593886463,0.004366812227074236,0.5078471615720523,23.736725663716815,346.0,377.0,870.0
Blair Rasmussen,561,5464.0,9.739750445632799,3186.0,5.679144385026738,492.0,0.8770053475935828,0.4398306595365419,0.010843137254901962,0.38445811051693407,21.461675579322637,220.0,512.0,480.0
Blake Ahearn,39,137.0,3.5128205128205128,25.0,0.6410256410256411,32.0,0.8205128205128205,0.20535897435897438,0.22492307692307692,0.2727948717948718,10.1,8.0,0.0,27.0
Blake Griffin,1026,16842.0,16.447265625,7068.0,6.90234375,3483.0,3.4013671875,0.4226103515625,0.1447080078125,0.5432021484375,31.014273029966706,771.0,439.0,2008.0
Blake Hinson,24,170.0,7.083333333333333,33.0,1.375,16.0,0.6666666666666666,0.3384583333333333,0.3345416666666667,0.16666666666666666,18.310624999999998,5.0,2.0,6.0
Blake Stepp,2,10.0,5.0,0.0,0.0,1.0,0.5,0.2,0.1425,0.0,5.0,0.0,0.0,3.0
Blake Wesley,274,892.0,3.2554744525547443,319.0,1.1642335766423357,493.0,1.7992700729927007,0.2773284671532847,0.12731386861313868,0.2245802919708029,13.337001594896332,118.0,30.0,231.0
Blue Edwards,761,7850.0,10.315374507227332,2479.0,3.2575558475689883,1453.0,1.909329829172142,0.44103679369250987,0.1779986859395532,0.49258607095926416,25.8130081300813,768.0,303.0,1242.0
Bo Ellis,183,665.0,3.633879781420765,529.0,2.890710382513661,122.0,0.6666666666666666,0.4004426229508197,0.0,0.3052021857923497,11.901639344262295,71.0,86.0,159.0
Bo Erias,18,148.0,8.222222222222221,20.0,1.1111111111111112,5.0,0.2777777777777778,0.09661111111111112,0.0,0.535,1.1666666666666667,0.0,0.0,0.0
Bo Kimble,108,574.0,5.314814814814815,162.0,1.5,99.0,0.9166666666666666,0.3459074074074074,0.09961111111111111,0.34628703703703706,12.416666666666666,41.0,14.0,99.0
Bo Lamar,81,535.0,6.604938271604938,101.0,1.2469135802469136,191.0,2.3580246913580245,0.3357037037037037,0.0,0.29577777777777775,15.728395061728396,39.0,3.0,0.0
Bo McCalebb,5,24.0,4.8,5.0,1.0,12.0,2.4,0.336,0.13340000000000002,0.2,15.6,5.0,0.0,7.0
Bo Outlaw,1089,5082.0,4.666666666666667,4582.0,4.2075298438934805,1481.0,1.359963269054178,0.43732966023875114,0.0027548209366391185,0.2656978879706153,22.038743455497382,872.0,1223.0,1095.0
Bob Allen,31,52.0,1.6774193548387097,62.0,2.0,10.0,0.3225806451612903,0.19461290322580646,0.0,0.23009677419354838,8.096774193548388,0.0,0.0,0.0
Bob Anderegg,31,133.0,4.290322580645161,26.0,0.8387096774193549,12.0,0.3870967741935484,0.08629032258064516,0.0,0.3053548387096774,1.8064516129032258,0.0,0.0,0.0
Bob Armstrong,20,28.0,1.4,36.0,1.8,3.0,0.15,0.14255,0.0,0.1375,0.85,0.0,0.0,0.0
Bob Arnzen,55,301.0,5.472727272727273,148.0,2.690909090909091,20.0,0.36363636363636365,0.4182545454545455,0.0,0.3408909090909091,8.563636363636364,0.0,0.0,0.0
Bob Bigelow,94,234.0,2.4893617021276597,109.0,1.1595744680851063,42.0,0.44680851063829785,0.29288297872340424,0.0,0.21222340425531916,8.085106382978724,16.0,4.0,18.0
Bob Boozer,922,13521.0,14.664859002169198,6371.0,6.90997830802603,705.0,0.764642082429501,0.36652711496746204,0.0,0.6911898047722344,12.762472885032539,0.0,0.0,0.0
Bob Brannum,261,1578.0,6.045977011494253,423.0,1.6206896551724137,242.0,0.9272030651340997,0.18733333333333332,0.0,0.48530268199233717,9.620689655172415,0.0,0.0,0.0
Bob Burrow,81,459.0,5.666666666666667,76.0,0.9382716049382716,8.0,0.09876543209876543,0.062407407407407404,0.0,0.4088395061728395,1.6296296296296295,0.0,0.0,0.0
Bob Carney,26,79.0,3.0384615384615383,1.0,0.038461538461538464,2.0,0.07692307692307693,0.05188461538461538,0.0,0.28800000000000003,0.7692307692307693,0.0,0.0,0.0
Bob Carpenter,79,573.0,7.253164556962025,7.0,0.08860759493670886,15.0,0.189873417721519,0.03375949367088607,0.0,0.6263924050632911,0.0,0.0,0.0,0.0
Bob Carrington,82,672.0,8.195121951219512,186.0,2.268292682926829,120.0,1.4634146341463414,0.4221463414634146,0.0,0.4669756097560976,21.26829268292683,37.0,17.0,47.0
Bob Christian,252,949.0,3.765873015873016,945.0,3.75,194.0,0.7698412698412699,0.38116666666666665,0.0,0.3380952380952381,11.107142857142858,2.0,12.0,0.0
Bob Cousy,981,17952.0,18.299694189602448,2268.0,2.311926605504587,5112.0,5.2110091743119265,0.23681753312945975,0.0,0.7646901121304792,17.494393476044852,0.0,0.0,0.0
Bob Dandridge,940,17520.0,18.638297872340427,6285.0,6.6861702127659575,3130.0,3.3297872340425534,0.4624542553191489,0.0,0.663627659574468,34.10425531914893,486.0,248.0,347.0
Bob Davies,379,5300.0,13.984168865435356,79.0,0.20844327176781002,277.0,0.7308707124010554,0.07288390501319261,0.0,0.7201767810026385,1.849604221635884,0.0,0.0,0.0
Bob Davis,11,34.0,3.090909090909091,5.0,0.45454545454545453,2.0,0.18181818181818182,0.1590909090909091,0.0,0.18181818181818182,3.727272727272727,0.0,0.0,0.0
Bob Doll,44,328.0,7.454545454545454,0.0,0.0,0.0,0.0,0.016454545454545454,0.0,0.5750227272727272,0.0,0.0,0.0,0.0
Bob Donham,228,1467.0,6.434210526315789,59.0,0.25877192982456143,252.0,1.105263157894737,0.18836842105263157,0.0,0.4842587719298246,8.026315789473685,0.0,0.0,0.0
Bob Duffy,100,414.0,4.14,72.0,0.72,96.0,0.96,0.24785000000000001,0.0,0.32089,6.21,0.0,0.0,0.0
Bob Elliott,141,980.0,6.950354609929078,496.0,3.517730496453901,201.0,1.425531914893617,0.445,0.0070921985815602835,0.4915460992907802,16.26241134751773,23.0,17.0,67.0
Bob Ferry,676,6080.0,8.994082840236686,2099.0,3.1050295857988166,377.0,0.5576923076923077,0.23483579881656805,0.0,0.5072647928994083,6.2825443786982245,0.0,0.0,0.0
Bob Fitzgerald,14,19.0,1.3571428571428572,0.0,0.0,0.0,0.0,0.0,0.0,0.21428571428571427,0.0,0.0,0.0,0.0
Bob Greacen,52,125.0,2.4038461538461537,70.0,1.3461538461538463,41.0,0.7884615384615384,0.23648076923076924,0.0,0.18,5.711538461538462,0.0,0.0,0.0
Bob Gross,538,4874.0,9.059479553903346,2377.0,4.4182156133829,1568.0,2.9144981412639406,0.5003011152416357,0.00929368029739777,0.533046468401487,24.66542750929368,640.0,370.0,729.0
Bob Hansen,625,4370.0,6.992,1406.0,2.2496,1028.0,1.6448,0.41946880000000003,0.147952,0.3089616,19.5104,379.0,54.0,621.0
Bob Harris,258,1741.0,6.748062015503876,222.0,0.8604651162790697,148.0,0.5736434108527132,0.1511356589147287,0.0,0.5446162790697674,8.5968992248062,0.0,0.0,0.0
Bob Harrison,579,4206.0,7.2642487046632125,277.0,0.4784110535405872,352.0,0.6079447322970639,0.13038514680483593,0.0,0.5124179620034542,3.483592400690846,0.0,0.0,0.0
Bob Hogsett,7,16.0,2.2857142857142856,2.0,0.2857142857142857,0.0,0.0,0.14285714285714285,0.0,0.42857142857142855,0.2857142857142857,0.0,0.0,0.0
Bob Hopkins,291,2362.0,8.116838487972508,945.0,3.247422680412371,94.0,0.3230240549828179,0.1729656357388316,0.0,0.5921958762886598,6.123711340206185,0.0,0.0,0.0
Bob Houbregs,236,2178.0,9.228813559322035,246.0,1.0423728813559323,65.0,0.2754237288135593,0.09998305084745762,0.0,0.6412245762711865,1.75,0.0,0.0,0.0
Bob Kauffman,532,6058.0,11.387218045112782,3222.0,6.056390977443609,1190.0,2.236842105263158,0.36840977443609024,0.0,0.5676635338345865,19.216165413533833,13.0,4.0,0.0
Bob Kinney,57,525.0,9.210526315789474,0.0,0.0,3.0,0.05263157894736842,0.005842105263157895,0.0,0.5456315789473684,0.0,0.0,0.0,0.0
Bob Knight,2,7.0,3.5,1.0,0.5,8.0,4.0,0.214,0.0,0.5,14.5,0.0,0.0,0.0
Bob Lanier,1029,20525.0,19.946550048590865,9736.0,9.461613216715257,3013.0,2.9280855199222544,0.47717201166180756,0.001943634596695821,0.6951739552964042,29.05539358600583,543.0,731.0,854.0
Bob Lavoy,71,416.0,5.859154929577465,268.0,3.7746478873239435,65.0,0.9154929577464789,0.25478873239436617,0.0,0.5528591549295775,14.549295774647888,0.0,0.0,0.0
Bob Leonard,462,4558.0,9.865800865800866,443.0,0.9588744588744589,343.0,0.7424242424242424,0.12576623376623378,0.0,0.5948874458874459,3.538961038961039,0.0,0.0,0.0
Bob Lochmueller,49,184.0,3.7551020408163267,14.0,0.2857142857142857,4.0,0.08163265306122448,0.0386734693877551,0.0,0.39808163265306123,1.2040816326530612,0.0,0.0,0.0
Bob Love,838,14994.0,17.892601431980907,4733.0,5.647971360381861,1098.0,1.3102625298329356,0.38427326968973746,0.0,0.6682147971360383,26.80310262529833,83.0,22.0,0.0
Bob Martin,54,113.0,2.0925925925925926,119.0,2.2037037037037037,18.0,0.3333333333333333,0.2959814814814815,0.0,0.19720370370370371,10.166666666666666,8.0,34.0,29.0
Bob McAdoo,949,20550.0,21.654373024236037,8514.0,8.97154899894626,1970.0,2.0758693361433087,0.45560273972602744,0.0020200210748155954,0.6638967334035827,28.54794520547945,434.0,678.0,865.0
Bob McCann,180,745.0,4.138888888888889,472.0,2.6222222222222222,104.0,0.5777777777777777,0.35275,0.005555555555555556,0.2721111111111111,13.396648044692737,79.0,80.0,136.0
Bob McNeill,130,584.0,4.492307692307692,112.0,0.8615384615384616,136.0,1.0461538461538462,0.20073846153846153,0.0,0.4461538461538462,1.8692307692307693,0.0,0.0,0.0
Bob Miller,2,4.0,2.0,5.0,2.5,1.0,0.5,0.5,0.0,0.0,4.0,0.0,1.0,0.0
Bob Mullens,4,10.0,2.5,0.0,0.0,0.0,0.0,0.0,0.0,0.25,0.0,0.0,0.0,0.0
Bob Nash,224,1060.0,4.732142857142857,474.0,2.1160714285714284,145.0,0.6473214285714286,0.34539732142857144,0.0,0.2662098214285714,10.96875,56.0,36.0,68.0
Bob O'Brien,15,19.0,1.2666666666666666,0.0,0.0,0.0,0.0,0.0,0.0,0.25,0.0,0.0,0.0,0.0
Bob Peterson,102,498.0,4.882352941176471,89.0,0.8725490196078431,28.0,0.27450980392156865,0.11040196078431372,0.0,0.3339607843137255,2.7941176470588234,0.0,0.0,0.0
Bob Pettit,893,23370.0,26.170212765957448,11793.0,13.206047032474803,1029.0,1.1522956326987681,0.3023292273236282,0.0,0.7647625979843224,18.469204927211646,0.0,0.0,0.0
Bob Portman,232,1313.0,5.6594827586206895,759.0,3.271551724137931,131.0,0.5646551724137931,0.3926336206896551,0.0,0.3495818965517241,13.301724137931034,0.0,0.0,0.0
Bob Quick,137,826.0,6.029197080291971,343.0,2.5036496350364965,83.0,0.6058394160583942,0.3846350364963504,0.0,0.4762919708029197,11.153284671532846,0.0,0.0,0.0
Bob Riley,8,13.0,1.625,10.0,1.25,1.0,0.125,0.270875,0.0,0.270875,3.5,0.0,0.0,0.0
Bob Rule,404,7012.0,17.356435643564357,3307.0,8.185643564356436,587.0,1.452970297029703,0.41719554455445546,0.0,0.5724727722772277,26.23267326732673,4.0,4.0,0.0
Bob Santini,4,11.0,2.75,0.0,0.0,0.0,0.0,0.1,0.0,0.125,0.0,0.0,0.0,0.0
Bob Schafer,66,286.0,4.333333333333333,20.0,0.30303030303030304,23.0,0.3484848484848485,0.13263636363636364,0.0,0.44003030303030305,1.1818181818181819,0.0,0.0,0.0
Bob Sims,65,509.0,7.8307692307692305,164.0,2.523076923076923,31.0,0.47692307692307695,0.30924615384615384,0.0,0.4690153846153846,13.292307692307693,0.0,0.0,0.0
Bob Sura,707,5717.0,8.086280056577086,2271.0,3.212164073550212,2495.0,3.528995756718529,0.35211881188118815,0.21645261669024046,0.4612687411598303,23.213432835820896,651.0,142.0,1248.0
Bob Thornton,299,868.0,2.903010033444816,735.0,2.4581939799331103,104.0,0.34782608695652173,0.3203444816053512,0.006688963210702341,0.25542809364548497,11.73913043478261,76.0,36.0,213.0
Bob Tough,22,201.0,9.136363636363637,0.0,0.0,0.0,0.0,0.0,0.0,0.5496363636363637,0.0,0.0,0.0,0.0
Bob Verga,21,104.0,4.9523809523809526,18.0,0.8571428571428571,17.0,0.8095238095238095,0.4042857142857143,0.0,0.3142857142857143,10.285714285714286,12.0,0.0,0.0
Bob Warlick,170,1322.0,7.776470588235294,504.0,2.9647058823529413,333.0,1.9588235294117646,0.3719470588235294,0.0,0.4412411764705882,14.994117647058824,0.0,0.0,0.0
Bob Weiss,836,6391.0,7.644736842105263,1345.0,1.6088516746411483,2762.0,3.3038277511961724,0.3589533492822966,0.0,0.5209186602870813,17.4688995215311,66.0,18.0,0.0
Bob Wiesenhahn,61,123.0,2.0163934426229506,112.0,1.8360655737704918,0.0,0.0,0.3022295081967213,0.0,0.18988524590163935,0.47540983606557374,0.0,0.0,0.0
Bob Wilkerson,558,5625.0,10.080645161290322,2341.0,4.195340501792114,1927.0,3.453405017921147,0.4047992831541219,0.011648745519713262,0.4779964157706093,27.682795698924732,524.0,131.0,957.0
Bob Williams,25,69.0,2.76,16.0,0.64,0.0,0.0,0.05600000000000001,0.0,0.45908,1.64,0.0,0.0,0.0
Bob Wilson,48,181.0,3.7708333333333335,0.0,0.0,7.0,0.14583333333333334,0.021520833333333333,0.0,0.3729166666666666,1.0833333333333333,0.0,0.0,0.0
Boban Marjanovic,790,2251.0,2.85297845373891,1469.0,1.861850443599493,198.0,0.2509505703422053,0.24120025348542457,0.01161850443599493,0.195595690747782,8.620603015075377,74.0,126.0,289.0
Boban Marjanović,2,20.0,10.0,13.0,6.5,0.0,0.0,0.909,0.0,0.0,,1.0,1.0,1.0
Bobby Brown,299,911.0,3.0468227424749164,143.0,0.4782608695652174,293.0,0.979933110367893,0.1976923076923077,0.1519799331103679,0.11421070234113713,11.151351351351352,52.0,5.0,156.0
Bobby Cattage,78,242.0,3.1025641025641026,102.0,1.3076923076923077,10.0,0.1282051282051282,0.2943205128205128,0.01282051282051282,0.3418846153846154,6.461538461538462,8.0,0.0,21.0
Bobby Hurley,318,1032.0,3.2452830188679247,283.0,0.889937106918239,880.0,2.7672955974842766,0.2518176100628931,0.10241194968553459,0.309940251572327,15.255555555555556,120.0,7.0,385.0
Bobby Jackson,898,8132.0,9.055679287305123,2569.0,2.8608017817371936,2120.0,2.3608017817371936,0.36980512249443204,0.24318374164810688,0.4512906458797328,21.585017835909632,770.0,74.0,1115.0
Bobby Jones,1046,10754.0,10.281070745697896,5056.0,4.833652007648183,2228.0,2.130019120458891,0.4999483747609943,0.01080210325047801,0.5850621414913958,24.502487562189053,900.0,1085.0,942.0
Bobby Lewis,267,1508.0,5.647940074906367,536.0,2.00749063670412,555.0,2.0786516853932584,0.35755056179775285,0.0,0.4330786516853933,16.325842696629213,0.0,0.0,0.0
Bobby Phills,515,5331.0,10.351456310679612,1538.0,2.986407766990291,1294.0,2.512621359223301,0.4100621359223301,0.23220970873786406,0.4670932038834951,28.253549695740364,616.0,142.0,746.0
Bobby Portis,893,9736.0,10.927048260381595,5812.0,6.52300785634119,1070.0,1.2008978675645343,0.4258294051627385,0.28891919191919196,0.3780909090909091,22.295347137637027,487.0,297.0,895.0
Bobby Simmons,611,4521.0,7.399345335515548,1960.0,3.2078559738134205,767.0,1.2553191489361701,0.32790180032733224,0.22588870703764322,0.3557528641571195,23.65497076023392,443.0,90.0,567.0
Bobby Smith,13,37.0,2.8461538461538463,3.0,0.23076923076923078,0.0,0.0,0.08353846153846155,0.0,0.27684615384615385,0.0,0.0,0.0,0.0
Bobby Wanzer,485,5966.0,12.301030927835052,202.0,0.41649484536082476,235.0,0.4845360824742268,0.0835278350515464,0.0,0.7818288659793815,2.218556701030928,0.0,0.0,0.0
Bobby Washington,115,700.0,6.086956521739131,229.0,1.991304347826087,405.0,3.5217391304347827,0.34624347826086954,0.0,0.5024173913043478,15.365217391304348,0.0,0.0,0.0
Bobby Watson,63,177.0,2.8095238095238093,17.0,0.2698412698412698,13.0,0.20634920634920634,0.15041269841269841,0.0,0.27379365079365076,1.873015873015873,0.0,0.0,0.0
Bobby Wilson,153,850.0,5.555555555555555,170.0,1.1111111111111112,108.0,0.7058823529411765,0.3221633986928104,0.0,0.30217647058823527,9.784313725490197,26.0,1.0,2.0
Bobi Klintman,69,68.0,0.9855072463768116,45.0,0.6521739130434783,21.0,0.30434782608695654,0.09471014492753624,0.05327536231884058,0.02415942028985507,6.621666666666667,8.0,1.0,18.0
Bogdan Bogdanovic,660,8098.0,12.288315629742034,1959.0,2.9726858877086495,1852.0,2.810318664643399,0.3845402124430956,0.3358846737481032,0.42418209408194235,27.36608843537415,585.0,148.0,835.0
Bogdan Bogdanović,2,0.0,,0.0,,0.0,,,,,,0.0,0.0,0.0
Bojan Bogdanovic,826,12158.0,14.754854368932039,2858.0,3.4684466019417477,1311.0,1.5910194174757282,0.4213155339805825,0.3448883495145631,0.6260800970873787,28.403245942571786,450.0,63.0,1330.0
Bojan Bogdanović,3,26.0,8.666666666666666,7.0,2.3333333333333335,8.0,2.6666666666666665,0.2996666666666667,0.16666666666666666,0.5833333333333334,,2.0,0.0,3.0
Bol Bol,399,1429.0,3.581453634085213,852.0,2.1353383458646618,152.0,0.38095238095238093,0.2625764411027569,0.12193483709273183,0.16353634085213034,13.024135021097045,64.0,186.0,222.0
Bones Hyland,418,2792.0,6.679425837320574,639.0,1.5287081339712918,784.0,1.875598086124402,0.26846650717703346,0.22706698564593303,0.30616746411483253,16.49852097130243,200.0,71.0,364.0
Boniface Ndong,60,74.0,1.2333333333333334,49.0,0.8166666666666667,11.0,0.18333333333333332,0.1725,0.0,0.0595,7.074074074074074,3.0,7.0,9.0
Bonzi Wells,726,7827.0,10.78099173553719,3023.0,4.163911845730028,1355.0,1.8663911845730028,0.393495867768595,0.14690220385674932,0.4632520661157025,24.722560975609756,830.0,209.0,1330.0
Bonzie Colson,18,50.0,2.9411764705882355,40.0,2.3529411764705883,4.0,0.23529411764705882,0.1401764705882353,0.08494117647058823,0.13529411764705881,11.272727272727273,5.0,4.0,4.0
Boo Buie III,1,0.0,0.0,0.0,0.0,0.0,0.0,0.0,0.0,0.0,,0.0,0.0,0.0
Boogie Ellis,5,27.0,5.4,4.0,0.8,1.0,0.2,0.2514,0.24380000000000002,0.0,12.74,1.0,0.0,4.0
Boris Diaw,1298,10716.0,8.2557781201849,5458.0,4.204930662557781,4302.0,3.3143297380585515,0.463100154083205,0.1978351309707242,0.3379098613251156,26.267729083665337,783.0,594.0,2223.0
Boris Nachamkin,6,20.0,3.3333333333333335,0.0,0.0,0.0,0.0,0.0,0.0,0.36083333333333334,0.0,0.0,0.0,0.0
Bostjan Nachbar,481,2650.0,5.509355509355509,956.0,1.9875259875259876,322.0,0.6694386694386695,0.26161746361746363,0.20624324324324325,0.33147817047817046,17.481792717086833,153.0,96.0,337.0
Bracey Wright,66,204.0,3.090909090909091,56.0,0.8484848484848485,27.0,0.4090909090909091,0.18934848484848485,0.08810606060606062,0.2414848484848485,13.421052631578947,13.0,3.0,21.0
Brad Branson,72,391.0,5.430555555555555,206.0,2.861111111111111,52.0,0.7222222222222222,0.36227777777777775,0.0,0.3317638888888889,11.88888888888889,24.0,27.0,30.0
Brad Daugherty,590,11183.0,18.954237288135594,5649.0,9.57457627118644,2166.0,3.671186440677966,0.5273932203389831,0.002542372881355932,0.722471186440678,36.68474576271186,449.0,438.0,1609.0
Brad Davis,1006,8210.0,8.1610337972167,1814.0,1.8031809145129225,4869.0,4.8399602385685885,0.48363320079522865,0.16402982107355865,0.5144850894632207,23.106361829025843,695.0,147.0,1431.0
Brad Holland,104,309.0,2.9711538461538463,64.0,0.6153846153846154,67.0,0.6442307692307693,0.3047403846153846,0.03365384615384615,0.2115576923076923,6.961538461538462,47.0,0.0,48.0
Brad Lohaus,685,3922.0,5.725547445255475,1911.0,2.7897810218978103,721.0,1.0525547445255474,0.35924379562043796,0.1878773722627737,0.21203211678832115,15.66715976331361,316.0,513.0,568.0
Brad Miller,1081,10578.0,9.785383903792784,6721.0,6.217391304347826,2671.0,2.4708603145235895,0.40353469010175763,0.11049213691026828,0.5655217391304347,27.294791666666665,699.0,645.0,1533.0
Brad Newley,2,22.0,11.0,6.0,3.0,3.0,1.5,0.432,0.0835,0.75,,0.0,0.0,3.0
Brad Sellers,426,2629.0,6.171361502347418,1123.0,2.636150234741784,463.0,1.0868544600938967,0.38022535211267605,0.014084507042253521,0.37107276995305166,17.760563380281692,142.0,256.0,346.0
Brad Stricker,4,2.0,0.5,2.0,0.5,0.0,0.0,0.0,0.0,0.25,4.0,0.0,0.0,1.0
Brad Wanamaker,308,1236.0,4.03921568627451,406.0,1.326797385620915,534.0,1.7450980392156863,0.3031699346405229,0.16310457516339869,0.3693169934640523,15.506607929515418,151.0,42.0,238.0
Brad Wright,16,54.0,3.375,54.0,3.375,1.0,0.0625,0.3363125,0.0,0.171875,9.0625,3.0,6.0,15.0
Bradley Beal,965,19316.0,20.07900207900208,3639.0,3.7827442827442828,3785.0,3.9345114345114345,0.4377952182952183,0.34942619542619546,0.6580893970893971,33.43930054644809,1007.0,385.0,2173.0
Brady Heslip,14,34.0,2.4285714285714284,5.0,0.35714285714285715,8.0,0.5714285714285714,0.3023571428571428,0.2262142857142857,0.14285714285714285,4.142857142857143,6.0,0.0,3.0
Brady Walker,42,260.0,6.190476190476191,0.0,0.0,2.0,0.047619047619047616,0.04207142857142857,0.0,0.42021428571428576,0.0,0.0,0.0,0.0
Braian Angola-Rodas,5,6.0,1.5,0.0,0.0,0.0,0.0,0.16675,0.16675,0.0,3.0,0.0,0.0,0.0
Brandan Wright,650,3388.0,5.212307692307692,1765.0,2.7153846153846155,226.0,0.3476923076923077,0.42740307692307694,0.0,0.2822169230769231,15.731404958677686,224.0,474.0,250.0
Branden Carlson,108,402.0,3.7222222222222223,201.0,1.8611111111111112,48.0,0.4444444444444444,0.33043518518518517,0.2019537037037037,0.13657407407407407,9.533253012048192,15.0,49.0,26.0
Branden Dawson,27,17.0,0.6296296296296297,10.0,0.37037037037037035,0.0,0.0,0.1141851851851852,0.0,0.037037037037037035,5.0,1.0,1.0,0.0
Brandin Knight,2,0.0,0.0,0.0,0.0,1.0,0.5,0.0,0.0,0.0,2.0,0.0,0.0,0.0
Brandin Podziemski,260,2866.0,11.023076923076923,1319.0,5.073076923076923,902.0,3.4692307692307693,0.4069346153846154,0.3355423076923077,0.42625,27.10738955823293,254.0,47.0,353.0
Brandon Armstrong,200,256.0,1.28,69.0,0.345,28.0,0.14,0.17318,0.06783,0.030834999999999998,5.703389830508475,23.0,4.0,39.0
Brandon Ashley,15,39.0,2.6,39.0,2.6,7.0,0.4666666666666667,0.16773333333333335,0.1222,0.24446666666666667,12.25,5.0,6.0,11.0
Brandon Austin,1,0.0,,0.0,,0.0,,,,,,0.0,0.0,0.0
Brandon Bass,1058,7761.0,7.3424787133396405,4092.0,3.871333964049196,723.0,0.6840113528855251,0.4089214758751183,0.010406811731315043,0.4705127719962157,21.23766816143498,358.0,547.0,857.0
Brandon Boston,1,7.0,7.0,1.0,1.0,1.0,1.0,0.111,0.0,0.833,,0.0,1.0,2.0
Brandon Boston Jr.,244,1186.0,4.860655737704918,350.0,1.4344262295081966,191.0,0.7827868852459017,0.2370573770491803,0.14906147540983608,0.27748770491803276,15.018895705521471,102.0,31.0,133.0
Brandon Bowman,10,70.0,7.0,22.0,2.2,7.0,0.7,0.43790000000000007,0.16670000000000001,0.4,6.857142857142857,8.0,6.0,8.0
Brandon Clarke,399,3541.0,8.87468671679198,1905.0,4.774436090225564,476.0,1.1929824561403508,0.5106741854636592,0.09405513784461153,0.3739523809523809,20.322141472868218,250.0,270.0,253.0
Brandon Davies,115,359.0,3.121739130434783,240.0,2.0869565217391304,75.0,0.6521739130434783,0.27241739130434783,0.07390434782608696,0.24027826086956522,12.945054945054945,45.0,15.0,84.0
Brandon Goodwin,204,656.0,3.263681592039801,218.0,1.0845771144278606,271.0,1.3482587064676617,0.23584577114427863,0.14411940298507464,0.18565671641791046,11.560283687943262,58.0,5.0,113.0
Brandon Heath,6,10.0,1.6666666666666667,4.0,0.6666666666666666,5.0,0.8333333333333334,0.111,0.0,0.4166666666666667,7.5,2.0,0.0,8.0
Brandon Hunter,108,233.0,2.1574074074074074,206.0,1.9074074074074074,25.0,0.23148148148148148,0.2945740740740741,0.0,0.13942592592592593,8.354430379746836,17.0,10.0,59.0
Brandon Ingram,681,12185.0,17.97197640117994,3232.0,4.766961651917404,2591.0,3.821533923303835,0.42768731563421825,0.29901327433628316,0.667075221238938,32.096698463169055,461.0,364.0,1578.0
Brandon Jennings,648,8445.0,13.032407407407407,1822.0,2.8117283950617282,3421.0,5.279320987654321,0.34257561728395064,0.27795987654320986,0.5388981481481482,29.30210016155089,752.0,108.0,1329.0
Brandon Knight,613,6615.0,10.808823529411764,1490.0,2.434640522875817,1902.0,3.107843137254902,0.30648039215686274,0.2662205882352941,0.4547630718954248,28.474120082815734,417.0,80.0,1178.0
Brandon McCoy,5,1.0,0.5,0.0,0.0,0.0,0.0,0.0,0.0,0.25,4.0,0.0,0.0,0.0
Brandon Miller,186,3373.0,18.134408602150536,819.0,4.403225806451613,532.0,2.860215053763441,0.42320967741935483,0.35490860215053766,0.6325591397849463,30.88961325966851,177.0,113.0,402.0
Brandon Paul,91,207.0,2.2747252747252746,91.0,1.0,44.0,0.4835164835164835,0.2257142857142857,0.10365934065934065,0.13827472527472529,8.783783783783784,31.0,9.0,32.0
Brandon Rachal,1,0.0,0.0,0.0,0.0,0.0,0.0,0.0,0.0,0.0,,0.0,0.0,0.0
Brandon Robinson,1,4.0,4.0,1.0,1.0,0.0,0.0,0.5,0.0,1.0,9.0,0.0,0.0,1.0
Brandon Roy,436,6852.0,15.715596330275229,1531.0,3.511467889908257,1675.0,3.841743119266055,0.3914197247706422,0.26485550458715595,0.6086605504587156,34.107267904509285,370.0,89.0,683.0
Brandon Rush,712,3711.0,5.212078651685394,1590.0,2.2331460674157304,534.0,0.75,0.28634269662921347,0.2507373595505618,0.17963904494382024,20.902527075812273,260.0,294.0,468.0
Brandon Sampson,22,75.0,3.409090909090909,22.0,1.0,13.0,0.5909090909090909,0.27586363636363637,0.23863636363636365,0.056818181818181816,14.333333333333334,12.0,3.0,14.0
Brandon Wallace,7,2.0,0.2857142857142857,7.0,1.0,1.0,0.14285714285714285,0.14285714285714285,0.0,0.0,4.833333333333333,0.0,1.0,1.0
Brandon Williams,237,1646.0,6.9451476793248945,369.0,1.5569620253164558,470.0,1.9831223628691983,0.28062869198312235,0.1638691983122363,0.3661223628691983,17.459464285714287,129.0,39.0,251.0
Brant Weidner,8,8.0,1.0,11.0,1.375,0.0,0.0,0.104125,0.0,0.25,4.75,0.0,2.0,2.0
Braxton Key,114,182.0,1.5964912280701755,123.0,1.0789473684210527,34.0,0.2982456140350877,0.15331578947368418,0.07046491228070174,0.12704385964912282,8.504150943396226,23.0,19.0,36.0
Breein Tyree,1,0.0,0.0,0.0,0.0,1.0,1.0,0.0,0.0,0.0,3.0,0.0,0.0,0.0
Brendan Haywood,1072,6186.0,5.770522388059701,5432.0,5.067164179104478,497.0,0.46361940298507465,0.4235858208955224,0.0,0.3732733208955224,22.058504875406285,366.0,1240.0,969.0
Brendan McCann,41,74.0,1.8048780487804879,21.0,0.5121951219512195,20.0,0.4878048780487805,0.029268292682926834,0.0,0.29473170731707315,1.0731707317073171,0.0,0.0,0.0
Brendan Teys,2,5.0,2.5,2.0,1.0,0.0,0.0,0.4165,0.0,0.25,,4.0,0.0,4.0
Brent Barry,1133,9221.0,8.13857016769638,3025.0,2.6699029126213594,3105.0,2.740511915269197,0.39467078552515444,0.336738746690203,0.41116769638128864,24.704965920155793,1020.0,273.0,1393.0
Brent Petway,3,10.0,3.3333333333333335,7.0,2.3333333333333335,1.0,0.3333333333333333,0.4666666666666666,0.0,0.3333333333333333,10.666666666666666,1.0,1.0,3.0
Brent Price,543,2533.0,4.664825046040516,701.0,1.29097605893186,1256.0,2.313075506445672,0.30467771639042357,0.22096685082872927,0.29328729281767957,16.59718969555035,321.0,17.0,638.0
Brent Scott,41,19.0,0.4634146341463415,9.0,0.21951219512195122,3.0,0.07317073170731707,0.12195121951219512,0.0,0.036585365853658534,2.875,1.0,1.0,4.0
Brett Szabo,81,153.0,1.8888888888888888,165.0,2.037037037037037,17.0,0.20987654320987653,0.2729259259259259,0.0,0.21674074074074076,8.957142857142857,16.0,32.0,41.0
Brett Vroman,11,34.0,3.090909090909091,25.0,2.272727272727273,9.0,0.8181818181818182,0.2575454545454546,0.0,0.5288181818181819,8.454545454545455,2.0,4.0,6.0
Brevin Knight,891,5551.0,6.2300785634118965,1877.0,2.10662177328844,4656.0,5.225589225589226,0.32265993265993265,0.015151515151515152,0.41861167227833895,24.106631989596877,1293.0,94.0,1415.0
Brian Bowen II,53,16.0,0.3018867924528302,14.0,0.2641509433962264,1.0,0.018867924528301886,0.08490566037735849,0.0,0.05660377358490566,3.4705882352941178,0.0,2.0,1.0
Brian Butch,2,0.0,0.0,7.0,3.5,0.0,0.0,0.0,0.0,0.0,7.5,0.0,0.0,1.0
Brian Cardinal,692,2250.0,3.2514450867052025,1135.0,1.6401734104046244,499.0,0.7210982658959537,0.22645231213872835,0.16254335260115607,0.22589739884393062,13.498,313.0,77.0,354.0
Brian Chase,15,106.0,7.066666666666666,16.0,1.0666666666666667,17.0,1.1333333333333333,0.5061333333333333,0.4444,0.26113333333333333,12.666666666666666,5.0,0.0,16.0
Brian Cook,704,2781.0,3.950284090909091,1347.0,1.9133522727272727,298.0,0.42329545454545453,0.27230823863636366,0.1734715909090909,0.1661278409090909,12.587426326129666,161.0,153.0,316.0
Brian Davis,68,131.0,1.9264705882352942,55.0,0.8088235294117647,22.0,0.3235294117647059,0.1885294117647059,0.014705882352941176,0.2806176470588235,5.5,16.0,4.0,19.0
Brian Evans,162,377.0,2.3271604938271606,165.0,1.0185185185185186,79.0,0.4876543209876543,0.17714197530864198,0.09680246913580247,0.13322839506172837,9.794392523364486,36.0,18.0,42.0
Brian Grant,872,8445.0,9.684633027522937,6065.0,6.955275229357798,973.0,1.1158256880733946,0.44174311926605503,0.005733944954128441,0.4938245412844037,27.712545676004872,486.0,610.0,1324.0
Brian Hamilton,5,1.0,0.2,8.0,1.6,0.0,0.0,0.0,0.0,0.1,7.6,2.0,1.0,3.0
Brian Heaney,20,28.0,1.4,5.0,0.25,7.0,0.35,0.27835,0.0,0.075,3.65,0.0,0.0,0.0
Brian Howard,95,570.0,6.0,263.0,2.768421052631579,81.0,0.8526315789473684,0.4113473684210527,0.021052631578947368,0.35297894736842106,16.978947368421053,66.0,42.0,83.0
Brian II,1,3.0,3.0,6.0,6.0,1.0,1.0,0.0,0.0,0.75,,0.0,1.0,2.0
Brian Martin,8,6.0,0.75,4.0,0.5,0.0,0.0,0.3125,0.0,0.0,2.625,0.0,1.0,2.0
Brian Oliver,124,395.0,3.185483870967742,123.0,0.9919354838709677,115.0,0.9274193548387096,0.31150806451612906,0.03225806451612903,0.23579032258064517,9.778688524590164,46.0,6.0,78.0
Brian Quinnett,144,488.0,3.388888888888889,233.0,1.6180555555555556,81.0,0.5625,0.32876388888888886,0.09560416666666666,0.1357638888888889,10.98611111111111,42.0,25.0,75.0
Brian Qvale,8,0.0,0.0,0.0,0.0,0.0,0.0,0.0,0.0,0.0,3.0,0.0,0.0,0.0
Brian Randle,5,56.0,14.0,18.0,4.5,5.0,1.25,0.6065,0.0,0.25,30.0,2.0,4.0,9.0
Brian Roberts,455,2363.0,5.193406593406594,484.0,1.0637362637362637,827.0,1.8175824175824176,0.2914307692307692,0.21637802197802197,0.32173846153846153,16.202247191011235,156.0,19.0,316.0
Brian Rowsom,82,457.0,5.573170731707317,273.0,3.3292682926829267,47.0,0.573170731707317,0.3943536585365854,0.024390243902439025,0.502390243902439,13.317073170731707,29.0,23.0,44.0
Brian Scalabrine,864,1884.0,2.1805555555555554,1185.0,1.3715277777777777,500.0,0.5787037037037037,0.21641203703703701,0.1192962962962963,0.1150462962962963,12.505804311774462,179.0,139.0,402.0
Brian Shaw,1125,7271.0,6.463111111111111,3542.0,3.1484444444444444,4293.0,3.816,0.33699466666666666,0.1634737777777778,0.30937244444444445,22.296261682242992,813.0,275.0,1818.0
Brian Skinner,888,3088.0,3.4774774774774775,3042.0,3.425675675675676,324.0,0.36486486486486486,0.3162038288288288,0.0022522522522522522,0.19976914414414415,17.084821428571427,278.0,596.0,578.0
Brian Taylor,330,4066.0,12.32121212121212,797.0,2.415151515151515,1476.0,4.472727272727273,0.4667363636363636,0.1647878787878788,0.549369696969697,31.084848484848486,571.0,79.0,426.0
Brian Winters,693,11184.0,16.138528138528137,1815.0,2.619047619047619,2857.0,4.1226551226551225,0.46724098124098123,0.09545310245310246,0.5868874458874459,30.639249639249638,723.0,179.0,843.0
Briante Weber,97,216.0,2.3225806451612905,119.0,1.2795698924731183,101.0,1.086021505376344,0.2054516129032258,0.060924731182795705,0.16666666666666666,13.216666666666667,69.0,9.0,59.0
Brice Johnson,67,70.0,1.044776119402985,57.0,0.8507462686567164,5.0,0.07462686567164178,0.14743283582089553,0.0037313432835820895,0.04477611940298507,5.785714285714286,14.0,9.0,13.0
Brice Sensabaugh,217,2257.0,10.400921658986174,578.0,2.6635944700460827,323.0,1.4884792626728112,0.36100921658986174,0.28461751152073733,0.41278801843317975,20.908609625668447,123.0,27.0,295.0
Brice Williams,4,11.0,2.75,2.0,0.5,1.0,0.25,0.25,0.125,0.25,9.1075,0.0,1.0,1.0
Britton Johnsen,31,71.0,2.2903225806451615,65.0,2.096774193548387,18.0,0.5806451612903226,0.25064516129032255,0.016129032258064516,0.14516129032258066,12.766666666666667,9.0,1.0,22.0
Brock Motum,8,7.0,0.875,2.0,0.25,1.0,0.125,0.075,0.125,0.0,10.0,0.0,0.0,0.0
Brodric Thomas,94,165.0,1.7553191489361701,80.0,0.851063829787234,48.0,0.5106382978723404,0.17140425531914896,0.12269148936170213,0.1488191489361702,9.514259259259259,17.0,13.0,31.0
Brody Angley,4,44.0,11.0,13.0,3.25,24.0,6.0,0.45175,0.61675,0.375,,5.0,0.0,6.0
Bronny James,149,245.0,1.6442953020134228,67.0,0.44966442953020136,90.0,0.6040268456375839,0.15638255033557047,0.11426174496644294,0.07718120805369127,8.693636363636363,34.0,14.0,57.0
Bronson Koenig,6,0.0,0.0,0.0,0.0,0.0,0.0,0.0,0.0,0.0,1.0,0.0,0.0,0.0
Brook Lopez,1398,20423.0,14.629656160458453,7926.0,5.677650429799427,1855.0,1.3287965616045845,0.46791618911174787,0.19055659025787966,0.5716626074498568,29.025430906389303,781.0,2428.0,2062.0
Brook Steppe,242,1305.0,5.392561983471074,348.0,1.43801652892562,282.0,1.165289256198347,0.38764876033057855,0.01859504132231405,0.5180165289256198,11.892561983471074,105.0,17.0,232.0
Brooks Barnhizer,54,125.0,2.314814814814815,118.0,2.185185185185185,33.0,0.6111111111111112,0.23857407407407405,0.07611111111111112,0.12459259259259259,11.027234042553191,23.0,6.0,15.0
Brooks Thompson,216,798.0,3.6944444444444446,165.0,0.7638888888888888,291.0,1.3472222222222223,0.26556944444444447,0.20038425925925926,0.12229629629629629,9.8125,87.0,7.0,165.0
Bruce Bowen,1054,6181.0,5.864326375711575,2825.0,2.6802656546489563,1292.0,1.2258064516129032,0.37870018975332065,0.3189696394686907,0.2244506641366224,27.238603297769156,832.0,403.0,743.0
Bruce Brown,649,5295.0,8.183925811437403,2511.0,3.8809891808346215,1420.0,2.1947449768160743,0.4301344667697064,0.2233786707882535,0.4098253477588871,24.04404567699837,572.0,272.0,674.0
Bruce Douglas,8,14.0,1.75,14.0,1.75,17.0,2.125,0.24475,0.0,0.0,12.25,9.0,0.0,9.0
Bruce Flowers,53,261.0,4.9245283018867925,181.0,3.4150943396226414,47.0,0.8867924528301887,0.5044150943396227,0.0,0.31886792452830187,13.18867924528302,13.0,12.0,37.0
Bruce Hale,16,121.0,7.5625,0.0,0.0,0.0,0.0,0.0,0.0,0.726125,0.0,0.0,0.0,0.0
Bruce Kuczenski,15,28.0,1.8666666666666667,23.0,1.5333333333333334,8.0,0.5333333333333333,0.23326666666666668,0.0,0.21666666666666667,7.933333333333334,0.0,1.0,14.0
Bruce Seals,250,2527.0,10.108,1146.0,4.584,303.0,1.212,0.399992,0.0,0.471848,24.064,72.0,84.0,45.0
Bruno Caboclo,283,611.0,2.182142857142857,391.0,1.3964285714285714,89.0,0.31785714285714284,0.15534285714285714,0.08957857142857144,0.10297857142857143,12.037313432835822,57.0,92.0,109.0
Bruno Fernando,431,995.0,2.308584686774942,826.0,1.9164733178654292,182.0,0.4222737819025522,0.25444315545243623,0.013533642691415314,0.16884686774941995,10.311778656126483,67.0,123.0,199.0
Bruno Sundov,359,185.0,0.5153203342618384,107.0,0.298050139275766,18.0,0.05013927576601671,0.08842339832869081,0.010214484679665738,0.0201949860724234,4.579439252336448,15.0,14.0,30.0
Bryan Michaels,2,0.0,,0.0,,0.0,,,,,,0.0,0.0,0.0
Bryan Warrick,169,677.0,4.005917159763314,218.0,1.2899408284023668,435.0,2.57396449704142,0.3481597633136095,0.023668639053254437,0.3082899408284024,14.076923076923077,74.0,20.0,186.0
Bryant Matthews,3,13.0,4.333333333333333,7.0,2.3333333333333335,1.0,0.3333333333333333,0.23766666666666666,0.0,0.19966666666666666,9.0,4.0,0.0,3.0
Bryant Reeves,425,4945.0,11.635294117647058,2745.0,6.458823529411765,623.0,1.4658823529411764,0.42190823529411764,0.004705882352941176,0.5205741176470589,30.12405063291139,200.0,302.0,744.0
Bryant Stith,680,6132.0,9.01764705882353,2048.0,3.011764705882353,1211.0,1.7808823529411764,0.3450985294117647,0.15258823529411766,0.5614882352941176,27.88685524126456,606.0,133.0,790.0
Bryce Alford,8,4.0,1.0,0.0,0.0,0.0,0.0,0.0,0.0,0.2,5.0,0.0,0.0,1.0
Bryce Brown,1,3.0,3.0,0.0,0.0,0.0,0.0,0.333,0.5,0.0,4.0,0.0,0.0,1.0
Bryce Cotton,55,172.0,3.185185185185185,37.0,0.6851851851851852,31.0,0.5740740740740741,0.1750925925925926,0.10246296296296296,0.17592592592592593,9.241379310344827,14.0,0.0,31.0
Bryce Dejean-Jones,27,141.0,5.222222222222222,59.0,2.185185185185185,25.0,0.9259259259259259,0.3192962962962963,0.24318518518518517,0.33025925925925925,18.761904761904763,15.0,3.0,16.0
Bryce Drew,370,1085.0,2.9324324324324325,298.0,0.8054054054054054,528.0,1.427027027027027,0.2068,0.1563972972972973,0.1149945945945946,15.670731707317072,123.0,10.0,209.0
Bryce McGowens,244,952.0,3.901639344262295,300.0,1.2295081967213115,175.0,0.7172131147540983,0.2460655737704918,0.13360245901639345,0.30368032786885246,15.244913294797687,66.0,28.0,102.0
Bryce Wills,1,0.0,0.0,0.0,0.0,0.0,0.0,0.0,0.0,0.0,,0.0,0.0,0.0
Bryn Forbes,569,4394.0,7.763250883392226,834.0,1.4734982332155477,577.0,1.019434628975265,0.3532703180212014,0.3141696113074205,0.278178445229682,19.033663366336633,182.0,20.0,347.0
Bryon Russell,1011,7715.0,7.631058358061326,3368.0,3.33135509396637,1225.0,1.2116716122650841,0.3733946587537092,0.2549673590504451,0.4284906033630069,23.74342797055731,986.0,231.0,920.0
Bryson Williams,4,7.0,1.75,1.0,0.25,0.0,0.0,0.33325,0.0,0.125,5.5,0.0,1.0,0.0
Bub Carrington,172,1732.0,10.069767441860465,639.0,3.7151162790697674,757.0,4.401162790697675,0.40743604651162796,0.35891279069767446,0.37600581395348837,28.075523255813952,106.0,38.0,348.0
Bubba Wells,76,128.0,1.6842105263157894,68.0,0.8947368421052632,34.0,0.4473684210526316,0.1595,0.006578947368421052,0.14693421052631578,9.461538461538462,15.0,4.0,31.0
Bubu Palo,2,0.0,0.0,0.0,0.0,0.0,0.0,0.0,0.0,0.0,,0.0,0.0,0.0
Buck Johnson,525,4747.0,9.041904761904762,1809.0,3.4457142857142857,886.0,1.6876190476190476,0.4472895238095238,0.010476190476190476,0.4569485714285714,23.291428571428572,416.0,257.0,686.0
Buck Williams,1445,17997.0,12.454671280276816,13951.0,9.654671280276817,1753.0,1.2131487889273356,0.5291453287197232,0.004152249134948097,0.5602387543252595,32.46045197740113,1072.0,1105.0,2736.0
Buckshot O'Brien,5,11.0,2.2,0.0,0.0,0.0,0.0,0.0,0.0,0.2,0.6,0.0,0.0,0.0
Bud Grant,76,206.0,2.710526315789474,0.0,0.0,7.0,0.09210526315789473,0.022513157894736843,0.0,0.23876315789473684,0.0,0.0,0.0,0.0
Bud Koper,54,247.0,4.574074074074074,61.0,1.1296296296296295,43.0,0.7962962962962963,0.3875555555555556,0.0,0.3055555555555556,11.814814814814815,0.0,0.0,0.0
Buddy Boeheim,55,65.0,1.1818181818181819,17.0,0.3090909090909091,8.0,0.14545454545454545,0.11536363636363636,0.0997818181818182,0.06545454545454546,6.76551724137931,3.0,1.0,1.0
Buddy Hield,873,11972.0,13.7451205510907,3279.0,3.764638346727899,2013.0,2.3111366245694605,0.401247990815155,0.36408725602755454,0.3988243398392652,26.631200480192078,710.0,247.0,1311.0
Bul Kuol,2,15.0,7.5,2.0,1.0,3.0,1.5,0.2715,0.1875,0.5,,5.0,0.0,3.0
Butch Beard,637,5909.0,9.27629513343799,2156.0,3.3846153846153846,2264.0,3.554160125588697,0.4521679748822606,0.0,0.5044960753532182,23.350078492935637,367.0,22.0,66.0
Butch Carter,361,3139.0,8.695290858725762,546.0,1.5124653739612188,683.0,1.89196675900277,0.4175872576177285,0.10595567867036011,0.4615567867036012,18.87534626038781,288.0,35.0,397.0
Butch Feher,48,248.0,5.166666666666667,74.0,1.5416666666666667,36.0,0.75,0.3478333333333334,0.0,0.3775,10.145833333333334,11.0,7.0,0.0
Butch Graves,4,5.0,1.25,2.0,0.5,1.0,0.25,0.5,0.0,0.0625,2.75,1.0,0.0,1.0
Butch Lee,99,775.0,7.828282828282828,130.0,1.3131313131313131,287.0,2.898989898989899,0.35793939393939395,0.0,0.4845252525252526,17.333333333333332,53.0,1.0,133.0
Butch Van Breda Kolff,70,352.0,5.0285714285714285,0.0,0.0,4.0,0.05714285714285714,0.007385714285714286,0.0,0.5414857142857143,0.0,0.0,0.0,0.0
Byron Beck,58,258.0,4.448275862068965,102.0,1.7586206896551724,34.0,0.5862068965517241,0.3666896551724138,0.0,0.28305172413793106,8.775862068965518,14.0,1.0,0.0
Byron Dinkins,45,151.0,3.3555555555555556,52.0,1.1555555555555554,94.0,2.088888888888889,0.3487777777777778,0.022222222222222223,0.3370444444444444,11.488888888888889,21.0,2.0,50.0
Byron Houston,218,850.0,3.8990825688073394,653.0,2.9954128440366974,117.0,0.536697247706422,0.37488990825688073,0.03822477064220184,0.32089449541284404,12.48165137614679,104.0,88.0,173.0
Byron Irvin,90,466.0,5.177777777777778,131.0,1.4555555555555555,78.0,0.8666666666666667,0.4062444444444444,0.07036666666666667,0.39314444444444446,9.944444444444445,46.0,3.0,62.0
Byron Mullens,296,1612.0,5.445945945945946,902.0,3.0472972972972974,168.0,0.5675675675675675,0.25353716216216216,0.1246722972972973,0.21305743243243241,18.046511627906977,90.0,112.0,214.0
Byron Scott,1260,17548.0,13.926984126984127,3523.0,2.796031746031746,3119.0,2.4753968253968255,0.46375793650793656,0.2849801587301587,0.6180111111111111,28.238057324840764,1448.0,306.0,1860.0
C.J. Anderson,2,0.0,0.0,0.0,0.0,0.0,0.0,0.0,0.0,0.0,,0.0,0.0,0.0
C.J. Watson,791,4968.0,6.288607594936709,1350.0,1.7088607594936709,1721.0,2.178481012658228,0.33551139240506334,0.2547810126582279,0.3763455696202532,19.498559077809798,643.0,75.0,767.0
C.J. Wilcox,179,186.0,1.0508474576271187,49.0,0.2768361581920904,36.0,0.2033898305084746,0.12235593220338983,0.07692655367231638,0.06026553672316384,6.176470588235294,23.0,5.0,31.0
C.J. Williams,92,290.0,3.2954545454545454,79.0,0.8977272727272727,67.0,0.7613636363636364,0.2690681818181818,0.15414772727272727,0.09753409090909092,14.615384615384615,41.0,14.0,31.0
CJ Elleby,168,450.0,2.6785714285714284,284.0,1.6904761904761905,108.0,0.6428571428571429,0.2081547619047619,0.1360059523809524,0.15829761904761905,15.23,47.0,24.0,79.0
CJ Fair,14,14.0,1.0,14.0,1.0,3.0,0.21428571428571427,0.17857142857142858,0.07142857142857142,0.10714285714285714,8.285714285714286,1.0,3.0,2.0
CJ Giles,5,8.0,1.6,12.0,2.4,3.0,0.6,0.33340000000000003,0.0,0.0,8.8,0.0,0.0,3.0
CJ Harris,2,36.0,18.0,7.0,3.5,5.0,2.5,0.48350000000000004,0.45,0.8335,,2.0,0.0,6.0
CJ Huntley,14,14.0,1.0,6.0,0.42857142857142855,2.0,0.14285714285714285,0.11607142857142858,0.0,0.0,10.574,5.0,0.0,0.0
CJ Leslie,5,12.0,2.4,7.0,1.4,2.0,0.4,0.4,0.0,0.15,7.2,2.0,2.0,2.0
CJ Massinburg,1,0.0,0.0,0.0,0.0,0.0,0.0,0.0,0.0,0.0,,0.0,0.0,0.0
CJ McCollum,1061,19129.0,18.114583333333332,3595.0,3.4043560606060606,3697.0,3.5009469696969697,0.40687026515151514,0.3420984848484849,0.5509318181818181,31.393643097643096,885.0,427.0,1838.0
CJ Miles,1122,9055.0,8.099284436493738,2253.0,2.01520572450805,1027.0,0.9186046511627907,0.32323166368515205,0.24952146690518787,0.3911994633273703,19.689583333333335,684.0,277.0,824.0
Cade Cunningham,343,6885.0,20.072886297376094,1673.0,4.877551020408164,2418.0,7.049562682215743,0.40393586005830906,0.291268221574344,0.6456297376093294,33.06147909967846,350.0,203.0,1181.0
Cai Liang,4,8.0,2.0,8.0,2.0,11.0,2.75,0.1665,0.0,0.25,,2.0,0.0,10.0
Caio Brandao,1,0.0,0.0,0.0,0.0,0.0,0.0,0.0,0.0,0.0,,0.0,0.0,0.0
Cairen Zhang,1,3.0,3.0,1.0,1.0,0.0,0.0,0.5,1.0,0.0,,0.0,0.0,3.0
Cal Bowdler,239,424.0,1.7740585774058577,272.0,1.1380753138075315,29.0,0.12133891213389121,0.18595397489539747,0.008368200836820083,0.16492468619246864,9.211267605633802,42.0,45.0,43.0
Cal Christensen,259,1322.0,5.104247104247104,117.0,0.4517374517374517,46.0,0.1776061776061776,0.060675675675675673,0.0,0.4801621621621621,1.5250965250965252,0.0,0.0,0.0
Cal Ramsey,13,103.0,7.923076923076923,24.0,1.8461538461538463,2.0,0.15384615384615385,0.09192307692307691,0.0,0.314,1.8461538461538463,0.0,0.0,0.0
Calbert Cheaney,945,7917.0,8.377777777777778,2644.0,2.797883597883598,1415.0,1.4973544973544974,0.38356296296296294,0.0785079365079365,0.3116582010582011,26.143705463182897,667.0,201.0,1014.0
Caldwell Jones,1184,7414.0,6.261824324324325,8610.0,7.27195945945946,1486.0,1.2550675675675675,0.43139358108108106,0.0016891891891891893,0.40613766891891895,25.11570945945946,354.0,1463.0,1140.0
Caleb Daniels,1,9.0,9.0,9.0,9.0,0.0,0.0,0.5,0.667,0.5,16.36,0.0,0.0,1.0
Caleb Homesley,2,2.0,1.0,4.0,2.0,0.0,0.0,0.0715,0.0,0.0,9.0,0.0,0.0,0.0
Caleb Houstan,302,809.0,2.6788079470198674,303.0,1.0033112582781456,103.0,0.34105960264900664,0.22673914643119944,0.20191012298959318,0.08319205298013245,12.709615384615384,57.0,20.0,61.0
Caleb Love,55,560.0,10.181818181818182,123.0,2.2363636363636363,129.0,2.3454545454545452,0.3360727272727273,0.24421818181818183,0.3068181818181818,19.889814814814812,29.0,4.0,70.0
Caleb Martin,515,3447.0,6.693203883495146,1615.0,3.1359223300970873,680.0,1.3203883495145632,0.3444116504854369,0.24741941747572818,0.33959029126213597,22.204864253393662,350.0,173.0,417.0
Caleb McConnell,1,0.0,0.0,0.0,0.0,0.0,0.0,0.0,0.0,0.0,,0.0,0.0,0.0
Caleb Swanigan,183,229.0,1.2722222222222221,275.0,1.5277777777777777,70.0,0.3888888888888889,0.15209444444444445,0.022222222222222223,0.09916666666666668,8.764705882352942,19.0,14.0,95.0
Calvin Booth,630,1285.0,2.0396825396825395,1104.0,1.7523809523809524,162.0,0.2571428571428571,0.22054603174603174,0.0031746031746031746,0.1623015873015873,11.556109725685786,117.0,375.0,193.0
Calvin Garrett,180,880.0,4.888888888888889,424.0,2.3555555555555556,227.0,1.261111111111111,0.3531388888888889,0.018516666666666667,0.23140555555555556,16.41111111111111,64.0,9.0,115.0
Calvin Murphy,1052,18894.0,17.960076045627375,1985.0,1.8868821292775666,4166.0,3.9600760456273765,0.4054914448669201,0.006653992395437262,0.7586083650190114,26.065589353612168,776.0,39.0,415.0
Calvin Natt,644,11115.0,17.259316770186334,4384.0,6.807453416149069,1411.0,2.190993788819876,0.5116350931677018,0.020186335403726708,0.685416149068323,31.425465838509318,503.0,190.0,1243.0
Cam Christie,124,215.0,1.7338709677419355,101.0,0.8145161290322581,42.0,0.3387096774193548,0.1860967741935484,0.06854032258064517,0.1670483870967742,7.635641025641026,24.0,6.0,25.0
Cam Gliddon,2,2.0,1.0,1.0,0.5,1.0,0.5,0.0,0.0,0.5,,0.0,0.0,0.0
Cam Reddish,379,2372.0,6.258575197889182,754.0,1.9894459102902375,325.0,0.8575197889182058,0.26344591029023745,0.19930606860158312,0.3596596306068602,22.43811387900356,296.0,101.0,322.0
Cam Reynolds,44,125.0,2.9761904761904763,46.0,1.0952380952380953,20.0,0.47619047619047616,0.24533333333333335,0.14533333333333334,0.15476190476190477,11.838709677419354,7.0,4.0,11.0
Cam Spencer,131,959.0,7.320610687022901,225.0,1.717557251908397,452.0,3.450381679389313,0.3381526717557252,0.3076106870229008,0.43166412213740457,19.7547572815534,66.0,12.0,100.0
Cam Thomas,353,4089.0,11.58356940509915,674.0,1.9093484419263456,593.0,1.679886685552408,0.2981614730878187,0.20228045325779037,0.48896883852691214,22.089211469534053,131.0,42.0,412.0
Cam Whitmore,170,1359.0,7.9941176470588236,410.0,2.411764705882353,110.0,0.6470588235294118,0.3140235294117647,0.2400705882352941,0.3307941176470588,16.618106060606063,87.0,42.0,119.0
Cameron Bairstow,159,69.0,0.4339622641509434,63.0,0.39622641509433965,10.0,0.06289308176100629,0.056484276729559746,0.012578616352201259,0.04454716981132076,5.619047619047619,5.0,6.0,11.0
Cameron Johnson,502,5764.0,11.50499001996008,1773.0,3.538922155688623,888.0,1.7724550898203593,0.41574850299401195,0.366373253493014,0.4858582834331337,26.185108695652172,374.0,142.0,418.0
Cameron Jones,9,33.0,3.6666666666666665,11.0,1.2222222222222223,6.0,0.6666666666666666,0.4366666666666667,0.059222222222222225,0.24077777777777776,9.625,3.0,0.0,7.0
Cameron Matthews,4,3.0,0.75,3.0,0.75,3.0,0.75,0.25,0.0,0.125,11.416666666666666,2.0,1.0,2.0
Cameron McGriff,7,14.0,2.0,15.0,2.142857142857143,3.0,0.42857142857142855,0.14757142857142855,0.119,0.14285714285714285,14.666666666666666,0.0,1.0,0.0
Cameron Oliver,23,78.0,4.105263157894737,35.0,1.8421052631578947,13.0,0.6842105263157895,0.3026315789473684,0.10873684210526315,0.1403157894736842,13.833333333333334,6.0,5.0,4.0
Cameron Payne,701,4527.0,6.494978479196557,1186.0,1.7015781922525108,1828.0,2.6226685796269726,0.3277216642754663,0.2606714490674319,0.24006025824964133,16.627346600331677,388.0,131.0,657.0
Cameron Thew,2,0.0,0.0,0.0,0.0,0.0,0.0,0.0,0.0,0.0,,0.0,0.0,0.0
Campy Russell,586,9287.0,15.848122866894197,2803.0,4.783276450511946,1709.0,2.916382252559727,0.44394368600682593,0.023436860068259385,0.6776655290102389,29.3259385665529,453.0,112.0,717.0
Can Altintig,1,0.0,0.0,1.0,1.0,0.0,0.0,0.0,0.0,0.0,,0.0,0.0,0.0
Carey Scurry,188,888.0,4.723404255319149,554.0,2.9468085106382977,195.0,1.0372340425531914,0.41475,0.0398936170212766,0.3335425531914894,13.22872340425532,185.0,150.0,199.0
Caris LeVert,691,8509.0,12.331884057971015,2333.0,3.381159420289855,2476.0,3.588405797101449,0.4024333333333333,0.29912898550724637,0.48403913043478264,26.19836934156379,666.0,262.0,1109.0
Carl Bailey,1,2.0,2.0,0.0,0.0,0.0,0.0,1.0,0.0,0.0,7.0,0.0,0.0,2.0
Carl Braun,697,9150.0,13.127690100430415,516.0,0.7403156384505022,712.0,1.0215208034433285,0.11807460545193688,0.0,0.7088794835007174,4.144906743185079,0.0,0.0,0.0
Carl English,1,1.0,1.0,0.0,0.0,0.0,0.0,0.0,0.0,0.5,5.0,1.0,0.0,1.0
Carl Henry,29,81.0,2.793103448275862,19.0,0.6551724137931034,4.0,0.13793103448275862,0.33779310344827584,0.1206896551724138,0.16551724137931034,5.206896551724138,4.0,0.0,9.0
Carl Herrera,554,2631.0,4.749097472924188,1789.0,3.229241877256318,274.0,0.49458483754512633,0.38532129963898915,0.004332129963898917,0.24802346570397113,16.6751968503937,247.0,209.0,470.0
Carl Kilpatrick,2,3.0,1.5,4.0,2.0,0.0,0.0,0.25,0.0,0.25,3.0,0.0,0.0,0.0
Carl Landry,666,6356.0,9.543543543543544,2917.0,4.37987987987988,415.0,0.6231231231231231,0.45892792792792797,0.00975975975975976,0.5374009009009009,21.87627118644068,257.0,234.0,712.0
Carl McNulty,1,2.0,2.0,0.0,0.0,0.0,0.0,0.167,0.0,0.0,14.0,0.0,0.0,0.0
Carl Nicks,156,1068.0,6.846153846153846,285.0,1.8269230769230769,244.0,1.564102564102564,0.40775,0.0,0.30824358974358973,15.717948717948717,81.0,6.0,137.0
Carl Thomas,102,183.0,1.7941176470588236,61.0,0.5980392156862745,28.0,0.27450980392156865,0.16765686274509803,0.10557843137254902,0.10131372549019607,7.90625,24.0,8.0,25.0
Carldell Johnson,28,39.0,1.3928571428571428,12.0,0.42857142857142855,28.0,1.0,0.13017857142857142,0.0625,0.07142857142857142,8.777777777777779,11.0,0.0,11.0
Carleton Scott,3,9.0,3.0,10.0,3.3333333333333335,0.0,0.0,0.28933333333333333,0.08333333333333333,0.0,17.0,1.0,3.0,1.0
Carlik Jones,43,61.0,1.4186046511627908,25.0,0.5813953488372093,34.0,0.7906976744186046,0.15486046511627907,0.06006976744186047,0.11046511627906977,8.26086956521739,13.0,1.0,14.0
Carlin Davison,3,2.0,0.6666666666666666,0.0,0.0,0.0,0.0,0.0,0.0,0.3333333333333333,,0.0,1.0,1.0
Carlon Brown,6,2.0,0.3333333333333333,2.0,0.3333333333333333,3.0,0.5,0.0,0.0,0.16666666666666666,3.3333333333333335,0.0,0.0,4.0
Carlos Alexandre,1,6.0,6.0,2.0,2.0,0.0,0.0,0.286,0.0,1.0,,1.0,0.0,3.0
Carlos Arroyo,777,4141.0,5.329472329472329,1038.0,1.335907335907336,1945.0,2.503217503217503,0.31753281853281856,0.09765894465894466,0.3431724581724582,17.865930599369086,317.0,28.0,749.0
Carlos Boozer,1038,16136.0,15.545279383429673,9529.0,9.180154142581888,2212.0,2.1310211946050095,0.4893236994219653,0.0004816955684007707,0.5763352601156069,30.653299999999998,891.0,390.0,2168.0
Carlos Clark,104,240.0,2.3076923076923075,89.0,0.8557692307692307,69.0,0.6634615384615384,0.2964038461538462,0.0,0.21033653846153846,6.923076923076923,44.0,5.0,55.0
Carlos Delfino,656,4725.0,7.202743902439025,2080.0,3.1707317073170733,1038.0,1.5823170731707317,0.32302439024390245,0.2571006097560976,0.31312804878048783,21.887394957983194,530.0,99.0,587.0
Carlos Morais,3,6.0,2.0,2.0,0.6666666666666666,0.0,0.0,0.3333333333333333,0.5,0.0,7.0,1.0,0.0,2.0
Carlos Ogden,76,269.0,3.539473684210526,109.0,1.4342105263157894,54.0,0.7105263157894737,0.4143684210526316,0.0,0.25132894736842104,6.578947368421052,0.0,0.0,0.0
Carlos Powell,5,31.0,6.2,11.0,2.2,1.0,0.2,0.433,0.33340000000000003,0.43339999999999995,11.8,1.0,0.0,2.0
Carlos Rogers,429,2196.0,5.118881118881119,1272.0,2.965034965034965,182.0,0.42424242424242425,0.35052913752913756,0.04428904428904429,0.24871328671328669,18.651006711409394,128.0,235.0,297.0
Carlos Schattmann,1,4.0,4.0,0.0,0.0,2.0,2.0,0.167,0.0,1.0,,0.0,0.0,2.0
Carlos Terry,97,285.0,2.9381443298969074,229.0,2.3608247422680413,123.0,1.268041237113402,0.2577525773195876,0.0,0.18470103092783505,11.185567010309278,31.0,11.0,26.0
Carlton McKinney,9,22.0,2.4444444444444446,13.0,1.4444444444444444,7.0,0.7777777777777778,0.223,0.0,0.1111111111111111,12.555555555555555,6.0,1.0,7.0
Carmelo Anthony,1531,31855.0,20.847513089005236,8829.0,5.778141361256544,3827.0,2.5045811518324608,0.4144070680628273,0.28399149214659686,0.6926793193717278,33.60264111498258,1414.0,711.0,3478.0
Caron Butler,1167,13894.0,11.905741216795201,4987.0,4.273350471293916,2227.0,1.908311910882605,0.35158954584404456,0.20315167095115683,0.5089982862039417,31.119822309970385,1320.0,251.0,1805.0
Carrick Felix,37,53.0,1.4324324324324325,20.0,0.5405405405405406,11.0,0.2972972972972973,0.13243243243243244,0.06756756756756757,0.0945945945945946,9.0625,8.0,6.0,13.0
Carsen Edwards,157,371.0,2.3630573248407645,96.0,0.6114649681528662,64.0,0.40764331210191085,0.15289171974522295,0.10768789808917198,0.08651592356687898,9.726190476190476,25.0,7.0,35.0
Carter Bryant,112,409.0,3.6517857142857144,234.0,2.0892857142857144,70.0,0.625,0.3311071428571429,0.23926785714285717,0.15646428571428572,11.011066666666666,23.0,32.0,55.0
Cartier Martin,397,1345.0,3.3879093198992445,510.0,1.2846347607052897,135.0,0.34005037783375314,0.2076926952141058,0.17106297229219145,0.1580478589420655,13.556390977443609,121.0,27.0,145.0
Casey Jacobsen,346,1566.0,4.526011560693641,546.0,1.5780346820809248,323.0,0.9335260115606936,0.3041387283236994,0.250271676300578,0.3263901734104046,17.616883116883116,129.0,24.0,223.0
Casey Prather,4,11.0,3.6666666666666665,8.0,2.6666666666666665,5.0,1.6666666666666667,0.08900000000000001,0.08333333333333333,0.3333333333333333,4.0,2.0,0.0,2.0
Casey Shaw,19,2.0,0.10526315789473684,3.0,0.15789473684210525,0.0,0.0,0.017526315789473685,0.0,0.0,1.0,0.0,0.0,2.0
Cason Wallace,296,2189.0,7.39527027027027,840.0,2.8378378378378377,626.0,2.114864864864865,0.44279729729729733,0.33730405405405406,0.22128716216216218,23.93783160322953,443.0,123.0,226.0
Casper Ware,30,166.0,5.533333333333333,37.0,1.2333333333333334,56.0,1.8666666666666667,0.2679,0.18763333333333335,0.30556666666666665,15.294117647058824,17.0,0.0,30.0
Cassius Stanley,73,125.0,1.7123287671232876,53.0,0.726027397260274,8.0,0.1095890410958904,0.17513698630136987,0.06278082191780822,0.12101369863013699,7.578947368421052,7.0,4.0,12.0
Cassius Winston,75,67.0,0.8933333333333333,17.0,0.22666666666666666,29.0,0.38666666666666666,0.11126666666666668,0.10310666666666667,0.06666666666666667,4.6571428571428575,3.0,1.0,15.0
Cat Barber,10,11.0,1.1,6.0,0.6,6.0,0.6,0.0875,0.0,0.05,6.0,0.0,0.0,2.0
Cazzie Russell,890,13229.0,14.864044943820225,3096.0,3.4786516853932583,1774.0,1.993258426966292,0.4175808988764045,0.0,0.6291348314606741,24.564044943820225,171.0,25.0,13.0
Cecil Hankins,8,9.0,1.125,0.0,0.0,0.0,0.0,0.0,0.0,0.125,0.0,0.0,0.0,0.0
Cedi Osman,570,4689.0,8.240773286467487,1519.0,2.669595782073814,986.0,1.7328646748681897,0.36752724077328647,0.2775395430579965,0.3339121265377856,21.56346153846154,334.0,77.0,512.0
Cedric Ball,7,8.0,1.1428571428571428,11.0,1.5714285714285714,0.0,0.0,0.26185714285714284,0.0,0.14285714285714285,3.7142857142857144,0.0,2.0,2.0
Cedric Bozeman,37,50.0,1.3513513513513513,33.0,0.8918918918918919,12.0,0.32432432432432434,0.19578378378378378,0.08108108108108109,0.10810810810810811,9.67741935483871,11.0,2.0,15.0
Cedric Ceballos,755,9270.0,12.278145695364238,3521.0,4.663576158940398,785.0,1.0397350993377483,0.41249668874172185,0.1147933774834437,0.4787788079470199,23.691616766467067,491.0,210.0,1057.0
Cedric Coward,81,893.0,11.024691358024691,383.0,4.728395061728395,179.0,2.2098765432098766,0.38182716049382714,0.23545679012345677,0.5730123456790124,25.33641791044776,47.0,28.0,112.0
Cedric Henderson,313,1926.0,6.15335463258786,777.0,2.4824281150159746,430.0,1.3738019169329074,0.33833546325878594,0.01437699680511182,0.3108115015974441,22.654545454545456,234.0,111.0,416.0
Cedric Hunter,1,0.0,0.0,0.0,0.0,0.0,0.0,0.0,0.0,0.0,1.0,0.0,0.0,0.0
Cedric Jackson,25,20.0,0.8,8.0,0.32,14.0,0.56,0.05868,0.01332,0.1,5.357142857142857,4.0,2.0,11.0
Cedric Lewis,3,4.0,1.3333333333333333,2.0,0.6666666666666666,0.0,0.0,0.6666666666666666,0.0,0.0,1.3333333333333333,1.0,0.0,0.0
Cedric Maxwell,936,11577.0,12.368589743589743,5812.0,6.2094017094017095,2056.0,2.1965811965811968,0.5195021367521367,0.0010683760683760685,0.693082264957265,28.306623931623932,531.0,366.0,1485.0
Cedric Simmons,202,205.0,1.0148514851485149,175.0,0.8663366336633663,14.0,0.06930693069306931,0.12388613861386139,0.0,0.060559405940594065,9.593023255813954,12.0,43.0,36.0
Cedrick Hordges,148,1118.0,7.554054054054054,866.0,5.851351351351352,171.0,1.1554054054054055,0.4456756756756756,0.012385135135135134,0.45385810810810817,20.385135135135137,60.0,38.0,234.0
Cezary Trybanski,92,18.0,0.1956521739130435,18.0,0.1956521739130435,1.0,0.010869565217391304,0.02627173913043478,0.0,0.04166304347826087,4.041666666666667,1.0,7.0,10.0
Chad Gallagher,2,6.0,3.0,0.0,0.0,0.0,0.0,1.0,0.0,0.0,1.5,0.0,0.0,0.0
Chad Kinch,41,118.0,2.8780487804878048,33.0,0.8048780487804879,45.0,1.0975609756097562,0.28380487804878046,0.0,0.1361951219512195,8.609756097560975,10.0,5.0,23.0
Chance Comanche,2,7.0,3.5,3.0,1.5,0.0,0.0,0.3,0.0,0.125,20.0,0.0,1.0,0.0
Chandler Hutchison,187,635.0,3.4324324324324325,430.0,2.324324324324324,92.0,0.4972972972972973,0.2572756756756757,0.13725405405405405,0.20210270270270272,16.89830508474576,73.0,23.0,85.0
Chandler Parsons,582,6065.0,10.474956822107082,2151.0,3.715025906735751,1302.0,2.2487046632124352,0.3629620034542314,0.2774766839378238,0.3524559585492228,29.521920668058456,443.0,165.0,717.0
Chaney Johnson,24,143.0,5.958333333333333,79.0,3.2916666666666665,37.0,1.5416666666666667,0.40875,0.23608333333333334,0.35625,18.530526315789473,17.0,9.0,20.0
Channing Frye,1131,8638.0,7.651018600531444,4405.0,3.9016829052258637,956.0,0.8467670504871567,0.365939769707706,0.2340017714791851,0.3174605845881311,21.335335335335337,498.0,602.0,867.0
Charles Acton,23,76.0,3.3043478260869565,44.0,1.9130434782608696,10.0,0.43478260869565216,0.26,0.0,0.23769565217391306,5.086956521739131,0.0,0.0,0.0
Charles Barkley,1242,26624.0,21.436392914653783,14144.0,11.388083735909824,4701.0,3.785024154589372,0.5204074074074074,0.17434460547504027,0.676950885668277,36.785,1846.0,999.0,3734.0
Charles Bassey,232,632.0,2.7241379310344827,615.0,2.6508620689655173,115.0,0.4956896551724138,0.3264051724137931,0.01293103448275862,0.14721551724137932,10.775734265734267,50.0,124.0,108.0
Charles Bediako,12,4.0,0.3333333333333333,3.0,0.25,0.0,0.0,0.05558333333333334,0.0,0.0,2.71,0.0,0.0,1.0
Charles Bradley,119,351.0,2.9495798319327733,124.0,1.0420168067226891,56.0,0.47058823529411764,0.3017478991596639,0.0,0.23656302521008404,7.831932773109243,30.0,27.0,50.0
Charles Claxton,3,2.0,0.6666666666666666,2.0,0.6666666666666666,0.0,0.0,0.3333333333333333,0.0,0.0,2.3333333333333335,0.0,1.0,1.0
Charles Cooke,46,19.0,0.41304347826086957,5.0,0.10869565217391304,2.0,0.043478260869565216,0.05615217391304348,0.03260869565217391,0.043478260869565216,4.444444444444445,4.0,1.0,4.0
Charles Dudley,397,2075.0,5.226700251889169,1175.0,2.959697732997481,1350.0,3.4005037783375314,0.4325944584382872,0.0,0.4248715365239295,17.403022670025187,294.0,16.0,198.0
Charles Gaines,4,13.0,3.25,3.0,0.75,0.0,0.0,0.75,0.0,0.125,7.5,2.0,0.0,0.0
Charles Jenkins,160,437.0,2.73125,110.0,0.6875,232.0,1.45,0.2159875,0.0140625,0.134375,11.625,52.0,9.0,87.0
Charles Jones,1027,2936.0,2.7988560533841755,3851.0,3.671115347950429,724.0,0.6901811248808389,0.33438989513822687,0.0009532888465204957,0.22145853193517637,16.539795918367346,509.0,1215.0,598.0
Charles Kupec,158,627.0,3.9683544303797467,329.0,2.0822784810126582,111.0,0.7025316455696202,0.37555696202531647,0.0,0.2701012658227848,10.234177215189874,19.0,4.0,7.0
Charles Lee,4,14.0,3.5,9.0,2.25,7.0,1.75,0.4875,0.25,0.375,12.0,1.0,0.0,5.0
Charles Matthews,4,7.0,1.75,7.0,1.75,1.0,0.25,0.0625,0.125,0.16675,15.0,0.0,1.0,2.0
Charles Nash,45,139.0,3.088888888888889,82.0,1.8222222222222222,17.0,0.37777777777777777,0.24544444444444444,0.0,0.3413333333333333,6.044444444444444,0.0,0.0,0.0
Charles O'Bannon,100,124.0,1.24,68.0,0.68,30.0,0.3,0.16718,0.0,0.09,7.3076923076923075,11.0,4.0,20.0
Charles Oakley,1500,13967.0,9.311333333333334,13650.0,9.1,3500.0,2.3333333333333335,0.4297606666666666,0.03844333333333333,0.505672,31.64656381486676,1530.0,426.0,3089.0
Charles R. Jones,117,296.0,2.52991452991453,104.0,0.8888888888888888,135.0,1.1538461538461537,0.2087863247863248,0.19001709401709402,0.08974358974358974,12.858823529411765,48.0,10.0,57.0
Charles Rhodes,5,5.0,1.0,12.0,2.4,1.0,0.2,0.0,0.0,0.3,6.2,1.0,4.0,2.0
Charles Shackleford,321,1625.0,5.062305295950155,1448.0,4.510903426791277,170.0,0.5295950155763239,0.41593769470404984,0.0,0.2604797507788162,15.158415841584159,119.0,148.0,276.0
Charles Smith,961,9696.0,10.058091286307054,3814.0,3.9564315352697097,1127.0,1.1690871369294606,0.3780363070539419,0.03794709543568465,0.4754429460580913,24.03488372093023,643.0,941.0,1305.0
Charles Thomas,36,48.0,1.3333333333333333,22.0,0.6111111111111112,22.0,0.6111111111111112,0.21608333333333332,0.03702777777777778,0.125,4.333333333333333,4.0,1.0,17.0
Charles Vaughn,350,3151.0,9.002857142857144,701.0,2.0028571428571427,621.0,1.7742857142857142,0.3328257142857143,0.0,0.5480114285714286,17.125714285714285,0.0,0.0,0.0
Charles Whitney,70,404.0,5.771428571428571,146.0,2.085714285714286,87.0,1.2428571428571429,0.41774285714285714,0.014285714285714285,0.3014142857142857,14.971428571428572,58.0,7.0,28.0
Charlie Bell,479,3532.0,7.3736951983298535,883.0,1.8434237995824634,939.0,1.9603340292275575,0.30454906054279746,0.2614801670146138,0.3186847599164927,23.734597156398106,342.0,35.0,407.0
Charlie Black,37,244.0,6.594594594594595,0.0,0.0,0.0,0.0,0.005405405405405406,0.0,0.4662432432432433,0.10810810810810811,0.0,0.0,0.0
Charlie Brown Jr.,125,154.0,1.232,76.0,0.608,23.0,0.184,0.103632,0.07065600000000001,0.13,8.285625,25.0,13.0,27.0
Charlie Criss,443,3709.0,8.372460496613995,616.0,1.3905191873589164,1350.0,3.0474040632054176,0.3841309255079006,0.022196388261851017,0.5804266365688489,20.679458239277654,199.0,15.0,440.0
Charlie Davis,607,3656.0,6.023064250411862,1312.0,2.161449752883031,643.0,1.0593080724876442,0.3839835255354201,0.025260296540362437,0.3056490939044481,13.406919275123558,121.0,61.0,311.0
Charlie Hardnett,166,1208.0,7.27710843373494,518.0,3.1204819277108435,27.0,0.16265060240963855,0.2034698795180723,0.0,0.4849819277108434,3.9156626506024095,0.0,0.0,0.0
Charlie Johnson,610,4989.0,8.178688524590164,1525.0,2.5,1115.0,1.8278688524590163,0.3714639344262295,0.0,0.2932016393442623,19.15081967213115,529.0,46.0,102.0
Charlie Parsley,3,13.0,4.333333333333333,0.0,0.0,0.0,0.0,0.0,0.0,0.5556666666666666,0.0,0.0,0.0,0.0
Charlie Paulk,127,745.0,5.866141732283465,454.0,3.574803149606299,33.0,0.25984251968503935,0.31319685039370077,0.0,0.30351181102362207,10.496062992125983,0.0,0.0,0.0
Charlie Pittman,255,1174.0,4.603921568627451,801.0,3.1411764705882352,224.0,0.8784313725490196,0.4402274509803921,0.0,0.39475294117647064,14.2,81.0,80.0,332.0
Charlie Scott,595,10543.0,17.719327731092438,2182.0,3.6672268907563024,2829.0,4.754621848739496,0.4304672268907563,0.0025210084033613447,0.6368655462184873,34.43361344537815,432.0,122.0,585.0
Charlie Share,617,5175.0,8.387358184764992,1568.0,2.5413290113452187,154.0,0.24959481361426256,0.15309076175040517,0.0,0.6252009724473258,3.5235008103727714,0.0,0.0,0.0
Charlie Sitton,43,91.0,2.116279069767442,60.0,1.3953488372093024,25.0,0.5813953488372093,0.3158604651162791,0.0,0.14727906976744187,7.069767441860465,7.0,6.0,22.0
Charlie Tyra,350,3122.0,8.92,997.0,2.8485714285714288,73.0,0.20857142857142857,0.12828857142857145,0.0,0.5136742857142857,2.0028571428571427,0.0,0.0,0.0
Charlie Villanueva,885,7535.0,8.514124293785311,3345.0,3.7796610169491527,626.0,0.7073446327683616,0.3221943502824859,0.2163412429378531,0.3225175141242938,20.14344262295082,360.0,383.0,744.0
Charlie Ward,759,4352.0,5.733860342555995,1833.0,2.4150197628458496,2808.0,3.699604743083004,0.349368906455863,0.2922173913043478,0.26924110671936763,21.860795454545453,885.0,138.0,1132.0
Charlie Westbrook,5,14.0,2.8,6.0,1.2,2.0,0.4,0.495,0.0,0.3,6.4,3.0,0.0,0.0
Charlie Yelverton,69,545.0,7.898550724637682,201.0,2.9130434782608696,81.0,1.173913043478261,0.3964782608695652,0.0,0.5666376811594203,17.782608695652176,0.0,0.0,0.0
Chase Audige,1,0.0,0.0,1.0,1.0,1.0,1.0,0.0,0.0,0.0,,1.0,0.0,0.0
Chase Budinger,506,3592.0,7.098814229249012,1362.0,2.691699604743083,522.0,1.0316205533596838,0.3453418972332016,0.2695316205533597,0.32860474308300397,19.437219730941703,240.0,73.0,350.0
Chasson Randle,157,734.0,4.735483870967742,184.0,1.1870967741935483,221.0,1.4258064516129032,0.2934451612903226,0.24336774193548388,0.3066709677419355,15.377952755905511,67.0,10.0,119.0
Chauncey Billups,1302,18847.0,14.47542242703533,3592.0,2.758832565284178,6712.0,5.1551459293394775,0.38588479262672815,0.34268970814132105,0.725989247311828,31.347987117552332,1238.0,199.0,2550.0
Chaundee Brown,15,69.0,4.6,23.0,1.5333333333333334,5.0,0.3333333333333333,0.28973333333333334,0.21666666666666667,0.23333333333333334,16.0,4.0,0.0,5.0
Chaz Lanier,81,112.0,1.382716049382716,27.0,0.3333333333333333,24.0,0.2962962962962963,0.1419753086419753,0.08509876543209877,0.024691358024691357,8.49,10.0,2.0,3.0
Cheick Diallo,318,1023.0,3.2476190476190476,829.0,2.6317460317460317,86.0,0.273015873015873,0.31005714285714286,0.006349206349206349,0.2038825396825397,11.23671497584541,62.0,81.0,141.0
Cheikh Samb,64,53.0,0.828125,59.0,0.921875,5.0,0.078125,0.119625,0.015625,0.041671875,7.4375,8.0,23.0,8.0
Chen Guohao,3,33.0,11.0,10.0,3.3333333333333335,1.0,0.3333333333333333,0.35833333333333334,0.5556666666666666,0.8306666666666667,19.683333333333334,1.0,0.0,1.0
Cherokee Parks,589,2068.0,3.5110356536502545,1719.0,2.9185059422750426,265.0,0.44991511035653653,0.3087164685908319,0.006621392190152801,0.19651612903225807,15.244258872651358,208.0,308.0,283.0
Chet Holmgren,253,3873.0,15.430278884462151,1962.0,7.816733067729084,452.0,1.800796812749004,0.5006693227091634,0.3212788844621514,0.6468685258964144,28.320438957475996,164.0,498.0,376.0
Chet Mason,1,0.0,0.0,0.0,0.0,0.0,0.0,0.0,0.0,0.0,3.0,0.0,0.0,0.0
Chet Walker,1144,20795.0,18.177447552447553,7435.0,6.499125874125874,2131.0,1.8627622377622377,0.426618006993007,0.0,0.7640428321678322,22.430944055944057,39.0,4.0,0.0
Cheyne Gadson,5,8.0,1.6,3.0,0.6,7.0,1.4,0.2,0.0,0.4,7.4,0.0,0.0,7.0
Chima Moneke,15,12.0,0.8,11.0,0.7333333333333333,3.0,0.2,0.1444,0.0,0.06666666666666667,7.8,4.0,1.0,5.0
Chimezie Metu,410,1654.0,4.063882063882064,982.0,2.4127764127764126,210.0,0.515970515970516,0.32626044226044226,0.10226781326781326,0.2307862407862408,12.820069204152249,147.0,105.0,225.0
Chinanu Onuaku,45,32.0,0.7619047619047619,30.0,0.7142857142857143,6.0,0.14285714285714285,0.14047619047619048,0.0,0.07142857142857142,8.818181818181818,4.0,4.0,10.0
Chris Alexander,4,5.0,1.25,10.0,2.5,2.0,0.5,0.16675,0.0,0.25,2.0,0.0,0.0,0.0
Chris Andersen,971,4383.0,4.513903192584964,4072.0,4.19361483007209,393.0,0.4047373841400618,0.4222059732234809,0.016992790937178166,0.37421421215242023,17.109876543209875,355.0,1124.0,593.0
Chris Anstey,204,813.0,3.985294117647059,534.0,2.6176470588235294,127.0,0.6225490196078431,0.27481372549019606,0.016338235294117646,0.3269607843137255,13.432258064516128,78.0,65.0,147.0
Chris Arcidiacono,3,0.0,0.0,0.0,0.0,1.0,0.5,0.0,0.0,0.0,,1.0,0.0,0.0
Chris Babb,36,51.0,1.4166666666666667,24.0,0.6666666666666666,11.0,0.3055555555555556,0.16849999999999998,0.131,0.0,8.72,7.0,2.0,5.0
Chris Bosh,1087,19706.0,18.128794848206073,8738.0,8.038638454461822,2030.0,1.8675252989880404,0.4799052437902484,0.14187580496780128,0.7095777368905244,34.36147031102733,882.0,1084.0,2066.0
Chris Boucher,606,3948.0,6.54726368159204,2275.0,3.772802653399668,221.0,0.36650082918739635,0.33817081260364845,0.2035356550580431,0.3595837479270315,16.816899563318778,222.0,433.0,248.0
Chris Carr,350,2015.0,5.757142857142857,672.0,1.92,299.0,0.8542857142857143,0.31370285714285717,0.18545714285714285,0.3585285714285714,14.633663366336634,96.0,47.0,316.0
Chris Childs,675,4226.0,6.260740740740741,1523.0,2.2562962962962962,2952.0,4.373333333333333,0.3473570370370371,0.2410725925925926,0.3974696296296296,24.995114006514658,552.0,58.0,1214.0
Chris Chiozza,185,392.0,2.1420765027322406,169.0,0.9234972677595629,289.0,1.5792349726775956,0.1750655737704918,0.12997814207650274,0.08469945355191257,11.02608695652174,61.0,14.0,105.0
Chris Clemons,87,263.0,3.0229885057471266,60.0,0.6896551724137931,51.0,0.5862068965517241,0.17008045977011496,0.13916091954022988,0.10919540229885058,9.044444444444444,19.0,9.0,30.0
Chris Copeland,352,1317.0,3.741477272727273,349.0,0.9914772727272727,134.0,0.3806818181818182,0.21988920454545455,0.17130397727272728,0.1564403409090909,12.337962962962964,48.0,43.0,168.0
Chris Corchiani,112,416.0,3.7142857142857144,129.0,1.1517857142857142,243.0,2.169642857142857,0.39905357142857145,0.1279732142857143,0.37870535714285714,11.723214285714286,73.0,4.0,120.0
Chris Crawford,431,1743.0,4.044083526682135,581.0,1.3480278422273781,178.0,0.41299303944315546,0.22934570765661252,0.07404872389791183,0.2795475638051044,15.264925373134329,107.0,86.0,247.0
Chris Daniels,6,37.0,7.4,14.0,2.8,5.0,1.0,0.3296,0.3144,0.3,12.6,2.0,3.0,10.0
Chris Douglas-Roberts,338,1974.0,5.840236686390533,563.0,1.665680473372781,308.0,0.9112426035502958,0.2999378698224852,0.11813609467455621,0.3848520710059172,19.78490566037736,172.0,65.0,259.0
Chris Duarte,252,1489.0,5.908730158730159,510.0,2.0238095238095237,257.0,1.0198412698412698,0.2802698412698413,0.22953174603174603,0.2561230158730159,17.71896373056995,115.0,35.0,183.0
Chris Dudley,1042,3591.0,3.446257197696737,5694.0,5.464491362763916,392.0,0.3761996161228407,0.3172629558541267,0.0,0.22791458733205375,17.956613756613756,359.0,1054.0,768.0
Chris Duhon,800,4356.0,5.445,1542.0,1.9275,2964.0,3.705,0.30124125,0.257415,0.29446625,24.643377001455605,527.0,47.0,1067.0
Chris Ellis,3,7.0,2.3333333333333335,11.0,3.6666666666666665,2.0,0.6666666666666666,0.22233333333333336,0.0,0.25,9.666666666666666,0.0,0.0,5.0
Chris Engler,196,345.0,1.760204081632653,388.0,1.9795918367346939,45.0,0.22959183673469388,0.29841326530612244,0.0,0.15901020408163266,7.198979591836735,32.0,42.0,91.0
Chris Ford,852,7746.0,9.091549295774648,2379.0,2.7922535211267605,2706.0,3.176056338028169,0.41002934272300473,0.060415492957746474,0.3616713615023474,25.36150234741784,547.0,102.0,411.0
Chris Garner,71,72.0,1.0140845070422535,36.0,0.5070422535211268,63.0,0.8873239436619719,0.11432394366197185,0.04929577464788732,0.06338028169014084,9.0,28.0,5.0,34.0
Chris Gatling,779,7374.0,9.465982028241335,3822.0,4.906290115532734,468.0,0.6007702182284981,0.44777406931964053,0.0374390243902439,0.4576007702182285,19.400837988826815,474.0,388.0,1085.0
Chris Goulding,6,71.0,14.2,6.0,1.2,9.0,1.8,0.35419999999999996,0.24559999999999998,0.4,,1.0,0.0,10.0
Chris Harris,41,99.0,2.4146341463414633,8.0,0.1951219512195122,16.0,0.3902439024390244,0.10790243902439026,0.0,0.29229268292682925,2.4146341463414633,0.0,0.0,0.0
Chris Herren,91,224.0,2.4615384615384617,73.0,0.8021978021978022,167.0,1.835164835164835,0.20150549450549451,0.15462637362637363,0.13662637362637362,13.857142857142858,29.0,2.0,62.0
Chris Hunter,74,278.0,3.7567567567567566,169.0,2.2837837837837838,37.0,0.5,0.3243783783783784,0.0,0.2662162162162162,12.419354838709678,13.0,36.0,30.0
Chris Jefferies,122,281.0,2.30327868852459,88.0,0.7213114754098361,29.0,0.23770491803278687,0.19595081967213113,0.12142622950819672,0.14344262295081966,11.51388888888889,23.0,23.0,64.0
Chris Jent,22,50.0,2.272727272727273,25.0,1.1363636363636365,15.0,0.6818181818181818,0.16263636363636366,0.1439090909090909,0.022727272727272728,8.764705882352942,2.0,0.0,8.0
Chris Johnson,351,1015.0,2.883522727272727,509.0,1.4460227272727273,128.0,0.36363636363636365,0.26663352272727275,0.11265625,0.1978465909090909,12.416666666666666,125.0,91.0,148.0
Chris Kaman,984,8905.0,9.049796747967479,6034.0,6.132113821138211,1018.0,1.0345528455284554,0.3977723577235773,0.0010162601626016261,0.4013485772357724,25.884863184079602,352.0,1006.0,1706.0
Chris King,112,693.0,6.1875,311.0,2.7767857142857144,116.0,1.0357142857142858,0.36030357142857145,0.15721428571428572,0.3076964285714286,19.471698113207548,75.0,34.0,120.0
Chris Kramer,4,23.0,5.75,14.0,3.5,4.0,1.0,0.50275,0.25,0.708,23.25,3.0,3.0,5.0
Chris Livingston,131,105.0,0.8015267175572519,74.0,0.5648854961832062,12.0,0.0916030534351145,0.12837404580152673,0.015267175572519083,0.08448091603053436,4.77948275862069,10.0,2.0,18.0
Chris Manon,20,7.0,0.35,10.0,0.5,3.0,0.15,0.05,0.0,0.075,4.365,5.0,2.0,1.0
Chris McCray,22,29.0,1.3181818181818181,14.0,0.6363636363636364,7.0,0.3181818181818182,0.09090909090909091,0.06818181818181818,0.10227272727272728,13.75,5.0,2.0,7.0
Chris McCullough,144,238.0,1.676056338028169,142.0,1.0,16.0,0.11267605633802817,0.18966901408450704,0.06396478873239436,0.0976549295774648,9.030303030303031,32.0,22.0,30.0
Chris McNealy,108,466.0,4.314814814814815,494.0,4.574074074074074,110.0,1.0185185185185186,0.39351851851851855,0.0,0.39041666666666663,17.25925925925926,90.0,30.0,116.0
Chris Mihm,586,3422.0,5.839590443686006,2412.0,4.1160409556314,236.0,0.40273037542662116,0.3387935153583618,0.005119453924914676,0.37558703071672356,19.1931330472103,140.0,465.0,569.0
Chris Mills,664,6528.0,9.831325301204819,2890.0,4.352409638554217,1092.0,1.644578313253012,0.3698222891566265,0.24785993975903617,0.5027635542168675,30.063032367972742,441.0,254.0,746.0
Chris Morris,863,8632.0,10.002317497103128,3768.0,4.366164542294322,1235.0,1.4310544611819236,0.38605446118192355,0.20191193511008113,0.4579559675550406,24.252450980392158,963.0,571.0,1216.0
Chris Mullin,1115,18893.0,16.94439461883408,4271.0,3.8304932735426007,3598.0,3.2269058295964124,0.4662959641255605,0.2633076233183857,0.6702295964125561,32.22989593188269,1604.0,594.0,2449.0
Chris Munk,11,13.0,1.1818181818181819,14.0,1.2727272727272727,1.0,0.09090909090909091,0.22727272727272727,0.0,0.25,2.6363636363636362,1.0,2.0,5.0
Chris Owens,5,4.0,0.8,1.0,0.2,0.0,0.0,0.13340000000000002,0.0,0.0,6.0,0.0,0.0,1.0
Chris Paul,1758,27234.0,15.517948717948718,7074.0,4.030769230769231,14635.0,8.339031339031338,0.42589116809116806,0.30829515669515667,0.6559150997150998,32.79701851851852,3195.0,262.0,3744.0
Chris Porter,82,440.0,5.365853658536586,189.0,2.3048780487804876,61.0,0.7439024390243902,0.22876829268292684,0.0,0.26620731707317075,21.96078431372549,45.0,6.0,59.0
Chris Quinn,372,1187.0,3.1908602150537635,300.0,0.8064516129032258,510.0,1.3709677419354838,0.21873387096774194,0.15455376344086022,0.18013440860215055,13.218518518518518,118.0,10.0,159.0
Chris Richard,121,171.0,1.4132231404958677,254.0,2.0991735537190084,30.0,0.24793388429752067,0.25480165289256196,0.0,0.08907438016528926,11.101123595505618,26.0,25.0,53.0
Chris Robinson,110,350.0,3.1818181818181817,117.0,1.0636363636363637,104.0,0.9454545454545454,0.22587272727272728,0.19937272727272728,0.08650909090909091,13.973684210526315,47.0,13.0,67.0
Chris Silva,157,236.0,1.5031847133757963,221.0,1.4076433121019107,42.0,0.267515923566879,0.21263057324840767,0.006369426751592357,0.17070063694267518,7.148148148148148,16.0,30.0,62.0
Chris Singleton,227,670.0,2.951541850220264,517.0,2.2775330396475773,95.0,0.4185022026431718,0.2190308370044053,0.121,0.15705286343612337,17.132911392405063,127.0,58.0,107.0
Chris Smith,239,1143.0,4.7824267782426775,294.0,1.2301255230125523,629.0,2.6317991631799162,0.3689581589958159,0.10684518828451883,0.31427615062761505,17.366812227074234,119.0,55.0,220.0
Chris Taft,34,66.0,1.9411764705882353,48.0,1.411764705882353,2.0,0.058823529411764705,0.35544117647058826,0.0,0.049029411764705884,8.5,2.0,8.0,5.0
Chris Udofia,2,0.0,0.0,0.0,0.0,0.0,0.0,0.0,0.0,0.0,,0.0,0.0,0.0
Chris Walker,8,17.0,2.125,16.0,2.0,0.0,0.0,0.20275,0.0,0.0625,7.666666666666667,1.0,2.0,4.0
Chris Washburn,78,233.0,2.9871794871794872,177.0,2.269230769230769,24.0,0.3076923076923077,0.32726923076923076,0.0,0.2247820512820513,8.666666666666666,11.0,16.0,60.0
Chris Webber,1033,18799.0,18.198451113262344,8886.0,8.602129719264278,3845.0,3.72216844143272,0.4267860600193611,0.1276679574056147,0.5067715392061956,36.403033586132175,1308.0,1293.0,2565.0
Chris Welp,112,361.0,3.2232142857142856,272.0,2.4285714285714284,43.0,0.38392857142857145,0.3613125,0.0,0.25269642857142854,10.669642857142858,34.0,54.0,67.0
Chris Whitney,629,3772.0,5.996820349761526,828.0,1.3163751987281398,1622.0,2.5786963434022256,0.3268998410174881,0.2681558028616852,0.37235930047694754,16.840677966101694,353.0,34.0,626.0
Chris Wilcox,833,5531.0,6.6398559423769505,3325.0,3.991596638655462,492.0,0.5906362545018007,0.4131200480192077,0.0,0.32521848739495796,19.31547619047619,347.0,272.0,764.0
Chris Wright,79,136.0,1.7894736842105263,76.0,1.0,14.0,0.18421052631578946,0.17775,0.0,0.17496052631578948,7.863636363636363,18.0,20.0,19.0
Chris Youngblood,65,139.0,2.1384615384615384,45.0,0.6923076923076923,20.0,0.3076923076923077,0.17927692307692308,0.1645076923076923,0.10487692307692308,7.619268292682927,8.0,4.0,6.0
Christ Koumadje,5,4.0,0.8,5.0,1.0,1.0,0.2,0.2,0.0,0.0,3.0,1.0,0.0,0.0
Christian Bihurriet,1,0.0,0.0,0.0,0.0,0.0,0.0,0.0,0.0,0.0,,0.0,0.0,0.0
Christian Braun,360,3171.0,8.808333333333334,1339.0,3.7194444444444446,602.0,1.6722222222222223,0.4529972222222222,0.2652805555555556,0.42412777777777777,23.920019267822735,244.0,128.0,259.0
Christian Eyenga,84,352.0,4.190476190476191,149.0,1.7738095238095237,47.0,0.5595238095238095,0.2900595238095238,0.16407142857142856,0.15773809523809523,18.459016393442624,42.0,37.0,61.0
Christian Koloko,182,383.0,2.1043956043956045,380.0,2.087912087912088,75.0,0.41208791208791207,0.30979670329670334,0.016483516483516484,0.14193956043956044,12.032121212121211,47.0,110.0,62.0
Christian Laettner,978,11619.0,11.88036809815951,6043.0,6.178936605316974,2302.0,2.3537832310838445,0.4471124744376278,0.06997137014314929,0.6033732106339469,29.003264417845486,956.0,697.0,2008.0
Christian Shumate,4,12.0,3.0,7.0,1.75,0.0,0.0,0.75,0.0,0.0,5.95,0.0,2.0,0.0
Christian Watford,8,0.0,0.0,0.0,0.0,0.0,0.0,0.0,0.0,0.0,1.6666666666666667,0.0,0.0,0.0
Christian Wood,491,4958.0,10.139059304703476,2570.0,5.25562372188139,497.0,1.016359918200409,0.36569529652351734,0.21906748466257667,0.406241308793456,22.346883468834687,193.0,313.0,527.0
Chuck Aleksinas,74,377.0,5.094594594594595,270.0,3.6486486486486487,36.0,0.4864864864864865,0.4292837837837838,0.0,0.3175810810810811,15.027027027027026,14.0,15.0,70.0
Chuck Connors,12,41.0,3.4166666666666665,0.0,0.0,0.0,0.0,0.0,0.0,0.02775,0.0,0.0,0.0,0.0
Chuck Cooper,373,2411.0,6.463806970509383,222.0,0.5951742627345844,200.0,0.5361930294906166,0.11112332439678284,0.0,0.5716219839142092,6.343163538873995,0.0,0.0,0.0
Chuck Grigsby,7,16.0,2.2857142857142856,1.0,0.14285714285714285,3.0,0.42857142857142855,0.03571428571428571,0.0,0.09514285714285715,0.42857142857142855,0.0,0.0,0.0
Chuck Halbert,28,275.0,9.821428571428571,0.0,0.0,1.0,0.03571428571428571,0.008928571428571428,0.0,0.45685714285714285,0.0,0.0,0.0,0.0
Chuck Hayes,858,2653.0,3.0956826137689615,3631.0,4.236872812135356,851.0,0.9929988331388565,0.37700233372228703,0.0,0.16499299883313887,17.657103825136613,543.0,266.0,536.0
Chuck Lowery,27,51.0,1.8888888888888888,18.0,0.6666666666666666,10.0,0.37037037037037035,0.18825925925925927,0.0,0.21355555555555555,3.5185185185185186,0.0,0.0,0.0
Chuck Mencel,151,1047.0,6.933774834437086,71.0,0.47019867549668876,73.0,0.48344370860927155,0.10813907284768212,0.0,0.5609536423841059,2.6556291390728477,0.0,0.0,0.0
Chuck Nevitt,172,267.0,1.552325581395349,255.0,1.4825581395348837,20.0,0.11627906976744186,0.2666453488372093,0.0,0.1438953488372093,5.122093023255814,22.0,119.0,83.0
Chuck Noble,443,3463.0,7.817155756207675,384.0,0.8668171557562077,318.0,0.7178329571106095,0.10446952595936795,0.0,0.4815214446952596,2.539503386004515,0.0,0.0,0.0
Chuck Osborne,4,5.0,1.25,7.0,1.75,1.0,0.25,0.05,0.0,0.375,3.75,0.0,0.0,0.0
Chuck Person,1013,14435.0,14.249753208292201,4947.0,4.883514313919052,2731.0,2.695952615992103,0.41992892398815396,0.2934679170779862,0.43059624876604147,30.375251509054326,706.0,209.0,2010.0
Chuck Terry,140,447.0,3.192857142857143,292.0,2.085714285714286,83.0,0.5928571428571429,0.29550714285714286,0.0,0.1700357142857143,12.435714285714285,27.0,4.0,0.0
Chuck Williams,138,754.0,5.463768115942029,230.0,1.6666666666666667,423.0,3.0652173913043477,0.3313913043478261,0.0,0.4032173913043478,18.753623188405797,38.0,5.0,56.0
Chuckie Williams,22,37.0,1.6818181818181819,4.0,0.18181818181818182,7.0,0.3181818181818182,0.225,0.0,0.20454545454545456,2.9545454545454546,1.0,0.0,0.0
Chucky Atkins,878,7355.0,8.376993166287017,1287.0,1.4658314350797266,2535.0,2.887243735763098,0.3241469248291572,0.2635455580865604,0.345628701594533,24.028985507246375,510.0,37.0,1100.0
Chucky Brown,804,4343.0,5.401741293532338,2263.0,2.8146766169154227,568.0,0.7064676616915423,0.39426741293532336,0.01907089552238806,0.3227375621890547,16.968707482993196,243.0,222.0,558.0
Chucky Hepburn,11,37.0,3.3636363636363638,5.0,0.45454545454545453,15.0,1.3636363636363635,0.2300909090909091,0.23481818181818184,0.24245454545454545,11.11,13.0,0.0,7.0
Chuma Okeke,299,1310.0,4.381270903010034,778.0,2.6020066889632107,316.0,1.0568561872909699,0.24771237458193981,0.19062541806020067,0.1623745819397993,19.11655963302752,191.0,91.0,144.0
Chunjun Zhang,2,0.0,0.0,4.0,2.0,2.0,1.0,0.0,0.0,0.0,,0.0,0.0,0.0
Clar. Weatherspoon,1020,10607.0,10.399019607843137,6936.0,6.8,1353.0,1.326470588235294,0.4180833333333333,0.008659803921568628,0.5464696078431373,29.637820512820515,891.0,799.0,1443.0
Clarence Glover,28,71.0,2.5357142857142856,34.0,1.2142857142857142,4.0,0.14285714285714285,0.36064285714285715,0.0,0.23214285714285715,3.25,0.0,0.0,0.0
Clarence Hermsen,56,407.0,7.267857142857143,0.0,0.0,1.0,0.017857142857142856,0.006214285714285714,0.0,0.5323392857142857,0.08928571428571429,0.0,0.0,0.0
Clarence Kea,51,198.0,3.8823529411764706,128.0,2.5098039215686274,19.0,0.37254901960784315,0.3393529411764706,0.0,0.3536078431372549,8.764705882352942,4.0,5.0,32.0
Clark Kellogg,260,4918.0,18.915384615384614,2482.0,9.546153846153846,764.0,2.9384615384615387,0.49426538461538466,0.075,0.6692115384615385,32.753846153846155,363.0,101.0,671.0
Claude English,18,27.0,1.5,20.0,1.1111111111111112,6.0,0.3333333333333333,0.19944444444444442,0.0,0.12038888888888888,3.888888888888889,0.0,0.0,0.0
Claude Gregory,25,136.0,5.44,97.0,3.88,16.0,0.64,0.36408,0.0,0.16943999999999998,12.6,10.0,13.0,24.0
Claude Overton,9,42.0,4.666666666666667,4.0,0.4444444444444444,2.0,0.2222222222222222,0.09166666666666666,0.0,0.29988888888888887,0.6666666666666666,0.0,0.0,0.0
Claude Terry,72,287.0,3.986111111111111,61.0,0.8472222222222222,57.0,0.7916666666666666,0.3437361111111111,0.0,0.242125,9.055555555555555,12.0,0.0,5.0
Clay Johnson,108,417.0,3.861111111111111,101.0,0.9351851851851852,106.0,0.9814814814814815,0.3125925925925926,0.009259259259259259,0.2746388888888889,7.361111111111111,23.0,8.0,41.0
Cleanthony Early,91,313.0,3.4395604395604398,148.0,1.6263736263736264,53.0,0.5824175824175825,0.21562637362637363,0.16243956043956043,0.19230769230769232,14.029411764705882,32.0,20.0,65.0
Clem Haskins,709,8907.0,12.562764456981665,1917.0,2.703808180535966,2229.0,3.143864598025388,0.3899294781382228,0.0,0.5907729196050776,21.063469675599436,37.0,7.0,0.0
Clemon Johnson,848,4620.0,5.44811320754717,3747.0,4.418632075471698,788.0,0.9292452830188679,0.43263679245283015,0.0005896226415094339,0.3263242924528302,17.06367924528302,283.0,664.0,570.0
Cleo Hill,58,321.0,5.5344827586206895,159.0,2.7413793103448274,17.0,0.29310344827586204,0.2680344827586207,0.0,0.4636896551724138,13.258620689655173,0.0,0.0,0.0
Cleveland Buckner,66,409.0,6.196969696969697,107.0,1.621212121212121,17.0,0.25757575757575757,0.16912121212121214,0.0,0.3754848484848485,1.803030303030303,0.0,0.0,0.0
Cliff Alexander,34,21.0,0.6176470588235294,23.0,0.6764705882352942,1.0,0.029411764705882353,0.13726470588235293,0.0,0.058823529411764705,5.357142857142857,1.0,4.0,5.0
Cliff Anderson,84,251.0,2.988095238095238,100.0,1.1904761904761905,64.0,0.7619047619047619,0.258452380952381,0.0,0.36739285714285713,5.166666666666667,0.0,0.0,0.0
Cliff Hagan,840,15336.0,18.257142857142856,4407.0,5.246428571428571,1077.0,1.2821428571428573,0.33442738095238095,0.0,0.7143761904761905,16.804761904761904,0.0,0.0,0.0
Cliff Levingston,912,6200.0,6.798245614035087,4534.0,4.9714912280701755,784.0,0.8596491228070176,0.46592105263157896,0.007675438596491228,0.40705811403508774,19.724780701754387,553.0,616.0,854.0
Cliff Meely,318,2659.0,8.361635220125786,1270.0,3.993710691823899,287.0,0.9025157232704403,0.28804088050314464,0.0,0.4384402515723271,12.974842767295597,27.0,21.0,0.0
Cliff Pondexter,200,780.0,3.9,738.0,3.69,200.0,1.0,0.354885,0.0,0.274755,12.83,32.0,32.0,6.0
Cliff T. Robinson,645,11059.0,17.145736434108528,5340.0,8.279069767441861,1269.0,1.9674418604651163,0.4536062015503876,0.009302325581395349,0.6113162790697674,30.43565891472868,560.0,404.0,1272.0
Cliff Williams,3,4.0,1.3333333333333333,0.0,0.0,0.0,0.0,0.0,0.0,0.0,0.6666666666666666,0.0,0.0,0.0
Clifford Hammonds,1,15.0,15.0,4.0,4.0,4.0,4.0,0.5,0.333,0.0,,1.0,0.0,0.0
Clifford Lett,11,38.0,3.4545454545454546,7.0,0.6363636363636364,8.0,0.7272727272727273,0.39499999999999996,0.0,0.25,11.545454545454545,2.0,1.0,10.0
Clifford Ray,844,6318.0,7.485781990521327,7314.0,8.665876777251185,1789.0,2.1196682464454977,0.490239336492891,0.0,0.41944075829383887,24.312796208530806,478.0,543.0,527.0
Clifford Robinson,1575,21122.0,13.41079365079365,6936.0,4.403809523809524,3367.0,2.137777777777778,0.40329523809523815,0.22798412698412698,0.512783492063492,30.10909090909091,1553.0,1531.0,2757.0
Clifford Rozier,193,827.0,4.284974093264249,897.0,4.647668393782383,98.0,0.5077720207253886,0.39827979274611397,0.010362694300518135,0.18507253886010364,17.07514450867052,78.0,113.0,162.0
Clint Capela,939,9425.0,10.058697972251867,8478.0,9.048025613660618,850.0,0.9071504802561366,0.5572251867662753,0.0005336179295624333,0.3697449306296692,24.01577497129736,559.0,1167.0,860.0
Clint McDaniel,12,30.0,2.5,10.0,0.8333333333333334,7.0,0.5833333333333334,0.29441666666666666,0.125,0.25,5.916666666666667,5.0,0.0,2.0
Clint Richardson,658,4502.0,6.8419452887537995,1570.0,2.386018237082067,1581.0,2.4027355623100304,0.4375699088145897,0.013677811550151976,0.36886322188449844,20.085106382978722,311.0,114.0,615.0
Clint Steindl,2,19.0,9.5,3.0,1.5,1.0,0.5,0.522,0.4645,0.0,,0.0,0.0,4.0
Clint Wager,34,97.0,2.8529411764705883,0.0,0.0,3.0,0.08823529411764706,0.007352941176470588,0.0,0.3774117647058824,0.0,0.0,0.0,0.0
Clinton Smith,45,134.0,2.977777777777778,62.0,1.3777777777777778,49.0,1.0888888888888888,0.2814,0.0,0.2722222222222222,8.555555555555555,14.0,1.0,27.0
Clinton Wheeler,87,254.0,2.9195402298850577,71.0,0.8160919540229885,157.0,1.8045977011494252,0.36170114942528736,0.0,0.17240229885057473,9.96551724137931,63.0,2.0,76.0
Clyde Drexler,1250,25191.0,20.1528,7690.0,6.152,7021.0,5.6168,0.45612240000000004,0.1976336,0.7096319999999999,34.913290113452184,2495.0,828.0,3385.0
Clyde Lee,794,6099.0,7.681360201511335,8061.0,10.152392947103275,841.0,1.0591939546599496,0.402323677581864,0.0,0.42895340050377834,26.046599496221663,34.0,25.0,0.0
Clyde Lovellette,770,12924.0,16.784415584415584,3285.0,4.266233766233766,285.0,0.37012987012987014,0.24388961038961038,0.0,0.6532181818181818,6.881818181818182,0.0,0.0,0.0
Clyde Mayes,77,302.0,3.9220779220779223,277.0,3.5974025974025974,41.0,0.5324675324675324,0.3701818181818182,0.0,0.2954675324675325,13.363636363636363,15.0,40.0,0.0
Coby Dietrick,509,3073.0,6.037328094302554,1967.0,3.864440078585462,998.0,1.9607072691552063,0.4540255402750491,0.003929273084479371,0.34788998035363455,19.074656188605108,375.0,269.0,242.0
Coby Karl,93,146.0,1.5698924731182795,67.0,0.7204301075268817,60.0,0.6451612903225806,0.10609677419354838,0.10574193548387097,0.12453763440860216,9.673469387755102,13.0,6.0,36.0
Coby White,517,7756.0,15.001934235976789,1824.0,3.528046421663443,1922.0,3.7176015473887816,0.40924177949709867,0.3410135396518375,0.569504835589942,28.612257425742577,337.0,81.0,947.0
Codi Miller-McIntyre,3,0.0,0.0,0.0,0.0,2.0,1.0,0.0,0.0,0.0,,0.0,0.0,0.0
Cody Demps,2,0.0,0.0,0.0,0.0,0.0,0.0,0.0,0.0,0.0,,0.0,0.0,0.0
Cody Martin,329,1666.0,5.0638297872340425,1024.0,3.1124620060790273,599.0,1.8206686930091185,0.3418693009118541,0.2154528875379939,0.2615531914893617,21.282254545454546,278.0,111.0,263.0
Cody Williams,142,884.0,6.225352112676056,332.0,2.3380281690140845,208.0,1.4647887323943662,0.3315,0.16832394366197184,0.29245774647887324,22.73008064516129,78.0,46.0,123.0
Cody Zeller,726,4863.0,6.716850828729282,3464.0,4.7845303867403315,823.0,1.1367403314917126,0.4291049723756906,0.04108839779005525,0.456585635359116,19.8256735340729,361.0,353.0,630.0
Colby Jones,142,265.0,1.8661971830985915,144.0,1.0140845070422535,82.0,0.5774647887323944,0.1774154929577465,0.07259154929577465,0.07838732394366198,10.109382716049383,43.0,18.0,41.0
Cole Aldrich,655,1189.0,1.8208269525267995,1340.0,2.0520673813169985,205.0,0.31393568147013784,0.22414241960183767,0.0,0.12111791730474733,10.0078125,171.0,270.0,241.0
Cole Anthony,429,4563.0,10.661214953271028,1553.0,3.628504672897196,1432.0,3.3457943925233646,0.3689556074766355,0.28505841121495323,0.5361658878504674,22.889666666666663,267.0,148.0,726.0
Cole Swider,93,247.0,2.6559139784946235,86.0,0.9247311827956989,28.0,0.3010752688172043,0.15589247311827958,0.12943010752688172,0.11469892473118279,11.1686,12.0,5.0,24.0
Coleman Collins,1,0.0,0.0,3.0,3.0,0.0,0.0,0.0,0.0,0.0,9.0,0.0,0.0,0.0
Colin Castleton,88,208.0,2.3636363636363638,197.0,2.2386363636363638,45.0,0.5113636363636364,0.2444431818181818,0.015147727272727273,0.22405681818181816,10.824406779661016,15.0,23.0,47.0
Collin Gillespie,196,1440.0,7.346938775510204,483.0,2.4642857142857144,528.0,2.693877551020408,0.3150357142857143,0.2745765306122449,0.27458163265306124,20.912200854700853,145.0,27.0,178.0
Collin Murray-Boyles,73,605.0,8.287671232876713,341.0,4.671232876712328,131.0,1.7945205479452055,0.5262054794520548,0.1257945205479452,0.38294520547945204,21.672156862745098,61.0,63.0,72.0
Collin Sexton,532,9057.0,17.056497175141242,1371.0,2.5819209039548023,1822.0,3.431261770244821,0.44063276836158194,0.32815065913370994,0.7090734463276835,28.207948207171313,410.0,68.0,1175.0
Conner Henry,104,327.0,3.144230769230769,89.0,0.8557692307692307,102.0,0.9807692307692307,0.27603846153846157,0.17034615384615387,0.2592019230769231,7.605769230769231,21.0,6.0,69.0
Connie Dierking,726,7241.0,9.973829201101928,4495.0,6.191460055096419,749.0,1.0316804407713498,0.33966391184573,0.0,0.48250137741046834,10.081267217630854,0.0,0.0,0.0
Connie Hawkins,517,8541.0,16.520309477756285,4101.0,7.932301740812379,2087.0,4.036750483558994,0.45110831721470024,0.0,0.6763326885880077,33.682785299806575,86.0,55.0,0.0
Connie Norman,100,597.0,5.97,142.0,1.42,94.0,0.94,0.37273,0.0,0.16249,11.19,14.0,5.0,20.0
Connie Simmons,405,3831.0,9.459259259259259,432.0,1.0666666666666667,248.0,0.6123456790123457,0.12330370370370371,0.0,0.571046913580247,3.8296296296296295,0.0,0.0,0.0
Connor Atchley,3,2.0,0.6666666666666666,3.0,1.0,0.0,0.0,0.16666666666666666,0.0,0.0,2.6666666666666665,0.0,0.0,0.0
Cooper Flagg,75,1518.0,20.24,484.0,6.453333333333333,327.0,4.36,0.45205333333333336,0.25476,0.7697466666666667,32.18506666666667,89.0,67.0,166.0
Corey Beck,136,256.0,1.8823529411764706,126.0,0.9264705882352942,123.0,0.9044117647058824,0.2586985294117647,0.029411764705882353,0.1648235294117647,9.936170212765957,47.0,9.0,90.0
Corey Benjamin,193,835.0,4.3264248704663215,259.0,1.3419689119170986,143.0,0.7409326424870466,0.2665492227979275,0.12033678756476685,0.24340414507772018,13.81045751633987,71.0,48.0,164.0
Corey Brewer,980,8140.0,8.306122448979592,2585.0,2.6377551020408165,1386.0,1.4142857142857144,0.38304489795918367,0.19748469387755102,0.4160132653061224,22.162566844919787,1156.0,252.0,1072.0
Corey Crowder,62,130.0,2.096774193548387,46.0,0.7419354838709677,19.0,0.3064516129032258,0.31362903225806454,0.15054838709677418,0.14919354838709678,5.951612903225806,9.0,2.0,17.0
Corey Gaines,84,248.0,2.9523809523809526,71.0,0.8452380952380952,249.0,2.9642857142857144,0.3253571428571429,0.09404761904761905,0.25215476190476194,12.261904761904763,39.0,4.0,72.0
Corey Hawkins,6,6.0,1.0,2.0,0.3333333333333333,1.0,0.16666666666666666,0.3333333333333333,0.3333333333333333,0.0,6.5,0.0,0.0,2.0
Corey Kispert,388,3908.0,10.072164948453608,997.0,2.5695876288659796,554.0,1.4278350515463918,0.4348969072164949,0.33024226804123713,0.40845360824742266,23.86104222821204,160.0,74.0,331.0
Corey Maggette,1028,13955.0,13.57490272373541,4282.0,4.165369649805448,1780.0,1.7315175097276265,0.37473929961089497,0.17816342412451364,0.6378531128404669,27.463553530751707,633.0,149.0,1999.0
Corey Walden,5,2.0,0.4,6.0,1.2,3.0,0.6,0.0666,0.0,0.0,6.5,0.0,0.0,3.0
Corey Webster,6,60.0,10.0,17.0,2.8333333333333335,22.0,3.6666666666666665,0.33816666666666667,0.22783333333333333,0.16666666666666666,6.666666666666667,6.0,3.0,6.0
Corey Williams,43,108.0,2.511627906976744,38.0,0.8837209302325582,33.0,0.7674418604651163,0.2866511627906977,0.023255813953488372,0.1984186046511628,7.558139534883721,9.0,1.0,21.0
Corie Blount,793,2372.0,2.991172761664565,2831.0,3.569987389659521,473.0,0.5964691046658259,0.3547831021437579,0.0037831021437578815,0.1924968474148802,14.928046989720999,342.0,278.0,539.0
Corky Calhoun,560,2959.0,5.2839285714285715,1990.0,3.5535714285714284,608.0,1.0857142857142856,0.4243732142857143,0.0,0.31975714285714285,19.5875,191.0,83.0,88.0
Corliss Williamson,1010,9773.0,9.676237623762376,3401.0,3.367326732673267,1031.0,1.0207920792079208,0.4213930693069307,0.005445544554455445,0.5010504950495049,21.646085997794927,491.0,277.0,1414.0
Cormac Ryan,21,182.0,8.666666666666666,32.0,1.5238095238095237,22.0,1.0476190476190477,0.3181904761904762,0.3123809523809524,0.47223809523809523,18.59,14.0,3.0,17.0
Cornelius Cash,6,21.0,3.5,16.0,2.6666666666666665,1.0,0.16666666666666666,0.2373333333333333,0.0,0.20833333333333334,8.166666666666666,2.0,0.0,0.0
Cornell Warner,466,2981.0,6.396995708154506,3326.0,7.1373390557939915,489.0,1.0493562231759657,0.4088776824034335,0.0,0.3762961373390558,21.869098712446352,94.0,126.0,0.0
Corny Thompson,44,122.0,2.772727272727273,120.0,2.727272727272727,34.0,0.7727272727272727,0.2877272727272727,0.0,0.2954318181818182,11.818181818181818,11.0,6.0,32.0
Corsley Edwards,22,29.0,1.3181818181818181,28.0,1.2727272727272727,3.0,0.13636363636363635,0.18104545454545454,0.0,0.08331818181818182,9.909090909090908,3.0,4.0,2.0
Cory Alexander,428,1703.0,3.9789719626168223,490.0,1.144859813084112,843.0,1.969626168224299,0.2324299065420561,0.1636892523364486,0.22985046728971964,15.069620253164556,265.0,37.0,473.0
Cory Blackwell,60,202.0,3.3666666666666667,96.0,1.6,26.0,0.43333333333333335,0.2678333333333333,0.0,0.15936666666666666,9.183333333333334,25.0,3.0,43.0
Cory Carr,45,171.0,3.8,49.0,1.0888888888888888,66.0,1.4666666666666666,0.2798,0.08146666666666666,0.17,14.166666666666666,21.0,7.0,46.0
Cory Higgins,83,182.0,2.1927710843373496,44.0,0.5301204819277109,47.0,0.5662650602409639,0.16787951807228915,0.06626506024096386,0.1546265060240964,9.76,9.0,6.0,42.0
Cory Jefferson,117,288.0,2.4827586206896552,218.0,1.8793103448275863,20.0,0.1724137931034483,0.2604310344827586,0.011491379310344827,0.16524137931034483,10.246575342465754,15.0,31.0,24.0
Cory Joseph,1161,6673.0,5.767502160760587,2328.0,2.0121002592912705,2819.0,2.43647363872083,0.3513872082973207,0.2044468452895419,0.3131573033707865,19.994985014985016,716.0,200.0,971.0
Cory Violette,2,8.0,4.0,10.0,5.0,4.0,2.0,0.476,0.0,0.0,22.0,2.0,0.0,6.0
Costic Borsavage,15,41.0,2.7333333333333334,1.0,0.06666666666666667,0.0,0.0,0.048866666666666676,0.0,0.2975333333333333,0.0,0.0,0.0,0.0
Coty Clarke,8,6.0,0.75,1.0,0.125,0.0,0.0,0.166625,0.25,0.0,1.25,0.0,0.0,1.0
Courtney Alexander,242,1720.0,7.107438016528926,414.0,1.7107438016528926,230.0,0.9504132231404959,0.2905495867768595,0.09985950413223141,0.39358677685950416,20.740932642487046,114.0,18.0,206.0
Courtney Fells,3,14.0,4.666666666666667,10.0,3.3333333333333335,3.0,1.0,0.5873333333333334,0.0,0.0,12.333333333333334,2.0,0.0,3.0
Courtney Fortson,19,35.0,1.8421052631578947,15.0,0.7894736842105263,10.0,0.5263157894736842,0.11126315789473684,0.06315789473684211,0.1394736842105263,8.454545454545455,3.0,0.0,10.0
Courtney Lee,1026,8756.0,8.55078125,2377.0,2.3212890625,1524.0,1.48828125,0.3900595703125,0.312474609375,0.4031904296875,26.387865655471288,921.0,233.0,875.0
Courtney Sims,36,60.0,1.6666666666666667,29.0,0.8055555555555556,2.0,0.05555555555555555,0.18747222222222223,0.0,0.10994444444444446,7.444444444444445,0.0,3.0,8.0
Cozell McQueen,3,6.0,2.0,8.0,2.6666666666666665,0.0,0.0,0.6666666666666666,0.0,0.0,2.3333333333333335,0.0,1.0,0.0
Craig Brackins,85,60.0,0.7058823529411765,32.0,0.3764705882352941,11.0,0.12941176470588237,0.061317647058823525,0.028435294117647055,0.029411764705882353,8.304347826086957,2.0,3.0,10.0
Craig Dykema,38,45.0,1.1842105263157894,16.0,0.42105263157894735,16.0,0.42105263157894735,0.3043684210526316,0.05263157894736842,0.09210526315789473,3.0526315789473686,2.0,0.0,8.0
Craig Ehlo,965,8108.0,8.402072538860104,3361.0,3.4829015544041453,2678.0,2.7751295336787565,0.407320207253886,0.2658155440414508,0.3442217616580311,24.132911392405063,1064.0,245.0,1316.0
Craig Hodges,796,6672.0,8.381909547738694,1048.0,1.3165829145728642,1972.0,2.477386934673367,0.43586180904522615,0.2799748743718593,0.35915075376884426,21.522613065326635,629.0,33.0,887.0
Craig II,2,62.0,31.0,6.0,3.0,11.0,5.5,0.5715,0.492,0.0,,2.0,2.0,5.0
Craig Jr.,1,12.0,12.0,2.0,2.0,6.0,6.0,0.571,1.0,1.0,,0.0,1.0,2.0
Craig Moller,3,12.0,4.0,6.0,2.0,1.0,0.3333333333333333,0.5953333333333334,0.08333333333333333,0.4443333333333333,,0.0,1.0,2.0
Craig Neal,63,158.0,2.507936507936508,45.0,0.7142857142857143,155.0,2.4603174603174605,0.32766666666666666,0.11374603174603175,0.1984126984126984,9.920634920634921,28.0,4.0,73.0
Craig Porter Jr.,252,840.0,3.3333333333333335,433.0,1.7182539682539681,429.0,1.7023809523809523,0.28959920634920633,0.12635714285714286,0.17057539682539682,12.97059649122807,106.0,73.0,162.0
Craig Raymond,27,55.0,2.037037037037037,68.0,2.5185185185185186,8.0,0.2962962962962963,0.23559259259259258,0.0,0.17285185185185184,6.592592592592593,0.0,0.0,0.0
Craig Shelton,59,240.0,4.067796610169491,141.0,2.389830508474576,26.0,0.4406779661016949,0.32401694915254237,0.0,0.20083050847457629,10.288135593220339,7.0,5.0,40.0
Craig Smith,468,3368.0,7.196581196581197,1705.0,3.643162393162393,350.0,0.7478632478632479,0.4781153846153846,0.002136752136752137,0.4059294871794872,16.562929061784896,202.0,98.0,454.0
Craig Spitzer,11,18.0,1.6363636363636365,20.0,1.8181818181818181,1.0,0.09090909090909091,0.13636363636363635,0.0,0.12118181818181818,2.5454545454545454,0.0,0.0,0.0
Craig Sword,6,6.0,1.0,0.0,0.0,1.0,0.16666666666666666,0.125,0.0,0.0,6.0,4.0,0.0,1.0
Cristiano Felicio,445,1227.0,2.769751693002257,1139.0,2.5711060948081266,202.0,0.45598194130925507,0.306841986455982,0.002257336343115124,0.20674943566591422,13.487719298245613,91.0,66.0,191.0
Cui Yongxi,22,9.0,0.4090909090909091,5.0,0.22727272727272727,0.0,0.0,0.025772727272727277,0.022727272727272728,0.045454545454545456,3.162857142857143,0.0,0.0,1.0
Cuonzo Martin,14,9.0,0.6428571428571429,3.0,0.21428571428571427,3.0,0.21428571428571427,0.16664285714285715,0.21428571428571427,0.0,4.285714285714286,1.0,0.0,2.0
Curtis Borchardt,111,297.0,2.675675675675676,315.0,2.8378378378378377,69.0,0.6216216216216216,0.31844144144144143,0.0,0.2872072072072072,11.91578947368421,15.0,53.0,77.0
Curtis Jerrells,13,56.0,4.3076923076923075,14.0,1.0769230769230769,25.0,1.9230769230769231,0.311,0.15384615384615385,0.28846153846153844,14.384615384615385,9.0,1.0,22.0
Curtis Jones,30,47.0,1.5666666666666667,14.0,0.4666666666666667,17.0,0.5666666666666667,0.1293,0.07886666666666667,0.05,8.250666666666667,6.0,1.0,2.0
Curtis Kitchen,14,11.0,0.7857142857142857,15.0,1.0714285714285714,1.0,0.07142857142857142,0.25,0.0,0.05357142857142857,3.857142857142857,2.0,5.0,0.0
Curtis Perry,533,5080.0,9.53095684803002,4546.0,8.529080675422138,963.0,1.8067542213883678,0.42904502814258916,0.0,0.45275046904315197,27.75422138836773,318.0,281.0,63.0
Curtis Rowe,619,7199.0,11.630048465266558,3974.0,6.420032310177706,874.0,1.4119547657512117,0.41140549273021,0.0,0.5150775444264943,24.97253634894992,93.0,90.0,106.0
Curtis Sumpter,2,2.0,1.0,1.0,0.5,0.0,0.0,0.25,0.0,0.0,7.0,1.0,0.0,0.0
Cuttino Mobley,840,12599.0,14.998809523809523,3057.0,3.6392857142857142,2145.0,2.5535714285714284,0.4032559523809524,0.3210678571428571,0.6515297619047619,36.13425345043915,923.0,334.0,1615.0
D'Angelo Russell,796,12329.0,15.508176100628932,2412.0,3.0339622641509436,4093.0,5.148427672955975,0.385685534591195,0.3109823899371069,0.5260779874213837,28.63661705006766,770.0,235.0,1889.0
D'Moi Hodge,20,41.0,2.05,9.0,0.45,6.0,0.3,0.15495,0.10994999999999999,0.075,7.75,7.0,3.0,3.0
D'Vauntes Smith-Rivera,4,0.0,0.0,1.0,0.25,1.0,0.25,0.0,0.0,0.0,1.0,0.0,0.0,0.0
D'or Fischer,5,17.0,3.4,9.0,1.8,1.0,0.2,0.187,0.0,0.4,13.8,0.0,4.0,3.0
D.J. Augustin,1190,10229.0,8.603027754415475,1979.0,1.6644238856181666,4160.0,3.4987384356602185,0.35230866274179984,0.30858957106812446,0.5229764507989907,22.802197802197803,642.0,36.0,1623.0
D.J. Carton,22,36.0,1.6363636363636365,18.0,0.8181818181818182,16.0,0.7272727272727273,0.20345454545454544,0.03786363636363636,0.2727272727272727,9.385,6.0,0.0,9.0
D.J. Kennedy,16,25.0,1.6666666666666667,18.0,1.2,11.0,0.7333333333333333,0.1528,0.06666666666666667,0.11113333333333333,13.375,10.0,0.0,9.0
D.J. Wilson,315,762.0,2.426751592356688,531.0,1.6910828025477707,131.0,0.4171974522292994,0.1755796178343949,0.12671019108280254,0.10084713375796178,11.568965517241379,43.0,51.0,99.0
DJ Mbenga,529,577.0,1.0907372400756143,492.0,0.9300567107750473,55.0,0.10396975425330812,0.18337051039697544,0.0,0.07844990548204159,6.76510067114094,51.0,186.0,131.0
DJ Rodman,1,0.0,0.0,0.0,0.0,0.0,0.0,0.0,0.0,0.0,,0.0,0.0,0.0
DJ Stephens,39,74.0,1.8974358974358974,36.0,0.9230769230769231,5.0,0.1282051282051282,0.20146153846153847,0.03205128205128205,0.11794871794871795,10.235294117647058,8.0,5.0,14.0
DJ Steward,13,14.0,1.0769230769230769,4.0,0.3076923076923077,8.0,0.6153846153846154,0.1163076923076923,0.05123076923076923,0.0,5.78,1.0,1.0,4.0
DJ Stewart,9,17.0,1.8888888888888888,10.0,1.1111111111111112,1.0,0.1111111111111111,0.20377777777777778,0.2222222222222222,0.05555555555555555,14.8,1.0,1.0,3.0
DJ Strawberry,92,170.0,1.8478260869565217,52.0,0.5652173913043478,53.0,0.5760869565217391,0.14780434782608695,0.060836956521739136,0.09644565217391303,9.58,25.0,11.0,29.0
DJ White,258,893.0,3.4612403100775193,488.0,1.8914728682170543,85.0,0.32945736434108525,0.27326744186046514,0.003875968992248062,0.18468217054263567,14.915032679738562,44.0,67.0,71.0
DaJuan Summers,160,356.0,2.225,116.0,0.725,38.0,0.2375,0.19336875,0.13895,0.1547875,9.666666666666666,25.0,11.0,50.0
DaQuan Jeffries,241,583.0,2.4190871369294604,255.0,1.058091286307054,99.0,0.4107883817427386,0.17612033195020746,0.1163941908713693,0.0782448132780083,14.600229007633587,55.0,37.0,62.0
DaRon Holmes II,67,106.0,1.5820895522388059,45.0,0.6716417910447762,19.0,0.2835820895522388,0.18891044776119403,0.14582089552238806,0.07462686567164178,7.597604166666667,1.0,6.0,13.0
Daequan Cook,506,2522.0,4.984189723320158,834.0,1.6482213438735178,290.0,0.5731225296442688,0.24100988142292493,0.22259881422924901,0.14239130434782607,17.238805970149254,152.0,52.0,230.0
Daeqwon Plowden,69,429.0,6.217391304347826,127.0,1.8405797101449275,48.0,0.6956521739130435,0.27620289855072466,0.19715942028985506,0.30918840579710144,20.209,27.0,11.0,35.0
Dagan Yivzori,4,25.0,12.5,3.0,1.5,1.0,0.5,0.4325,0.4375,0.0,,1.0,0.0,4.0
Dagan Yivzuri,6,19.0,4.75,7.0,1.75,5.0,1.25,0.17525,0.14175000000000001,0.2,21.333333333333332,2.0,0.0,4.0
Dahntay Jones,885,3993.0,4.516968325791855,1282.0,1.4502262443438914,622.0,0.7036199095022625,0.3113676470588236,0.09108031674208145,0.3477285067873303,14.653491436100131,315.0,162.0,604.0
Dain Dainja,6,9.0,1.5,4.0,0.6666666666666666,0.0,0.0,0.2778333333333333,0.0,0.16666666666666666,7.675,0.0,0.0,3.0
Dairis Bertans,15,53.0,3.533333333333333,12.0,0.8,10.0,0.6666666666666666,0.25253333333333333,0.28586666666666666,0.06666666666666667,13.692307692307692,2.0,0.0,3.0
Daishen Nix,191,396.0,2.073298429319372,160.0,0.837696335078534,205.0,1.0732984293193717,0.18092146596858638,0.13424083769633507,0.1157696335078534,11.915272727272727,57.0,8.0,139.0
Dajuan Wagner,132,1040.0,7.878787878787879,153.0,1.1590909090909092,206.0,1.5606060606060606,0.27417424242424243,0.23587878787878788,0.330719696969697,21.110091743119266,71.0,14.0,146.0
Dakarai Tucker,3,47.0,15.666666666666666,9.0,3.0,5.0,1.6666666666666667,0.36599999999999994,0.28833333333333333,0.3333333333333333,,5.0,1.0,2.0
Dakari Johnson,89,64.0,0.7272727272727273,44.0,0.5,9.0,0.10227272727272728,0.12329545454545454,0.0,0.0528409090909091,5.0,6.0,9.0,6.0
Dakota Mathias,30,63.0,2.1,13.0,0.43333333333333335,16.0,0.5333333333333333,0.13633333333333333,0.12443333333333334,0.08889999999999999,9.0,3.0,4.0,5.0
Dalano Banton,327,1640.0,5.015290519877676,545.0,1.6666666666666667,483.0,1.4770642201834863,0.2677798165137614,0.12474617737003059,0.2534556574923547,13.865560053981108,133.0,91.0,272.0
Dale Davis,1383,9621.0,6.956616052060737,9734.0,7.038322487346348,1069.0,0.7729573391178597,0.4372198120028922,0.0,0.3343998553868402,26.583535108958838,772.0,1403.0,1248.0
Dale Ellis,1309,20013.0,15.288770053475936,4474.0,3.4178762414056534,1840.0,1.4056531703590527,0.44238044308632546,0.3442192513368984,0.521488922841864,28.59282371294852,1023.0,197.0,1869.0
Dale Schlueter,603,3169.0,5.255389718076286,2931.0,4.8606965174129355,874.0,1.449419568822554,0.39360033167495856,0.0,0.3844776119402985,14.804311774461029,23.0,21.0,15.0
Dale Wilkinson,14,26.0,1.8571428571428572,4.0,0.2857142857142857,4.0,0.2857142857142857,0.2112857142857143,0.0,0.07142857142857142,4.357142857142857,0.0,0.0,4.0
Dalen Terry,328,869.0,2.649390243902439,432.0,1.3170731707317074,324.0,0.9878048780487805,0.26040548780487804,0.1311890243902439,0.14217682926829267,11.07804081632653,132.0,64.0,143.0
Dalibor Bagaric,156,251.0,1.608974358974359,238.0,1.5256410256410255,37.0,0.23717948717948717,0.1817051282051282,0.0,0.15292948717948718,9.694736842105263,29.0,43.0,72.0
Dallas Comegys,142,856.0,6.028169014084507,452.0,3.183098591549296,95.0,0.6690140845070423,0.3716901408450704,0.0,0.4087394366197183,15.78169014084507,78.0,133.0,201.0
Dallas Lauderdale,11,1.0,0.09090909090909091,2.0,0.18181818181818182,0.0,0.0,0.0,0.0,0.045454545454545456,2.25,0.0,1.0,0.0
Dalton Knecht,187,1083.0,5.791443850267379,340.0,1.8181818181818181,110.0,0.5882352941176471,0.33093582887700534,0.24477005347593583,0.19149197860962566,15.46456375838926,42.0,24.0,76.0
Damen Bell-Holter,3,0.0,0.0,1.0,0.3333333333333333,0.0,0.0,0.0,0.0,0.0,1.6666666666666667,0.0,0.0,1.0
Damian Jones,494,1491.0,3.0304878048780486,973.0,1.9776422764227641,219.0,0.4451219512195122,0.3292865853658537,0.04539227642276422,0.20284756097560977,12.67398119122257,103.0,203.0,202.0
Damian Lillard,1123,25446.0,22.78066248880931,4319.0,3.8666069829901524,6744.0,6.0376007162041185,0.3991602506714414,0.3283867502238138,0.7841190689346463,35.33269902912621,1015.0,299.0,2910.0
Damian Martin,2,0.0,0.0,2.0,2.0,3.0,3.0,0.0,0.0,0.0,,0.0,0.0,0.0
Damien Inglis,67,59.0,0.8805970149253731,46.0,0.6865671641791045,11.0,0.16417910447761194,0.08474626865671642,0.029850746268656716,0.055432835820895525,8.652173913043478,7.0,5.0,13.0
Damien Wilkins,773,4147.0,5.364812419146184,1560.0,2.0181112548512288,862.0,1.1151358344113842,0.3186843467011643,0.12520439844760672,0.33312548512289775,18.37308868501529,492.0,143.0,606.0
Damion Baugh,26,109.0,4.1923076923076925,51.0,1.9615384615384615,56.0,2.1538461538461537,0.19276923076923075,0.11126923076923076,0.17307692307692307,23.280625,15.0,2.0,31.0
Damion James,84,290.0,3.4523809523809526,243.0,2.892857142857143,51.0,0.6071428571428571,0.2835357142857143,0.011904761904761904,0.2593333333333333,14.818181818181818,37.0,27.0,61.0
Damion Lee,472,2675.0,5.6673728813559325,1102.0,2.3347457627118646,452.0,0.9576271186440678,0.3099703389830509,0.2385699152542373,0.30415254237288136,18.170221606648198,213.0,28.0,273.0
Damir Markota,71,85.0,1.1971830985915493,46.0,0.647887323943662,12.0,0.16901408450704225,0.17643661971830985,0.08074647887323945,0.06690140845070422,6.815789473684211,4.0,1.0,23.0
Damjan Rudez,262,574.0,2.1908396946564888,118.0,0.45038167938931295,117.0,0.44656488549618323,0.20951908396946564,0.18262213740458016,0.05788931297709923,11.429411764705883,35.0,7.0,86.0
Damon Jones,861,4841.0,5.6225319396051106,1225.0,1.4227642276422765,2008.0,2.332171893147503,0.31442044134727065,0.2862973286875726,0.17647502903600465,19.910931174089068,292.0,20.0,615.0
Damon Stoudamire,1015,12467.0,12.282758620689656,3251.0,3.2029556650246307,5699.0,5.614778325123153,0.3661822660098522,0.28657044334975373,0.5302679802955664,32.03979057591623,1000.0,92.0,2187.0
Damone Brown,74,147.0,1.9864864864864864,82.0,1.1081081081081081,29.0,0.3918918918918919,0.17524324324324325,0.04504054054054054,0.1774864864864865,8.962962962962964,7.0,10.0,35.0
Damyean Dotson,301,1675.0,5.620805369127517,567.0,1.9026845637583893,332.0,1.1140939597315436,0.293248322147651,0.22503691275167786,0.21275838926174498,19.444444444444443,115.0,20.0,163.0
Dan Dickau,433,1910.0,4.4110854503464205,448.0,1.0346420323325636,815.0,1.882217090069284,0.2698083140877598,0.17624480369515014,0.2917528868360277,14.906344410876132,178.0,11.0,363.0
Dan Fotu,2,0.0,0.0,4.0,2.0,1.0,0.5,0.0,0.0,0.0,,0.0,0.0,2.0
Dan Gadzuric,753,2684.0,3.5644090305444887,2539.0,3.3718459495351927,226.0,0.300132802124834,0.3192111553784861,0.0,0.18381407702523242,14.2,261.0,479.0,403.0
Dan Godfread,11,13.0,1.1818181818181819,2.0,0.18181818181818182,0.0,0.0,0.2879090909090909,0.0,0.13636363636363635,2.0,1.0,4.0,0.0
Dan Grunfeld,1,0.0,0.0,1.0,1.0,0.0,0.0,0.0,0.0,0.0,3.0,0.0,0.0,0.0
Dan Issel,771,15688.0,20.347600518806743,6096.0,7.906614785992218,1950.0,2.529182879377432,0.49840077821011675,0.022697795071335927,0.7614111543450065,31.051880674448768,710.0,414.0,1362.0
Dan Langhi,236,393.0,1.6652542372881356,199.0,0.8432203389830508,39.0,0.1652542372881356,0.17316525423728812,0.03036440677966102,0.0701271186440678,8.894736842105264,30.0,12.0,35.0
Dan Majerle,1102,12376.0,11.23049001814882,4879.0,4.427404718693285,3062.0,2.778584392014519,0.39877949183303085,0.3015843920145191,0.45822867513611615,31.774791473586653,1358.0,412.0,1244.0
Dan McClintock,7,18.0,2.5714285714285716,17.0,2.4285714285714284,1.0,0.14285714285714285,0.2975714285714286,0.0,0.0,9.333333333333334,0.0,2.0,3.0
Dan O'Sullivan,45,80.0,1.7777777777777777,65.0,1.4444444444444444,10.0,0.2222222222222222,0.2654444444444444,0.0,0.17333333333333334,6.6,4.0,5.0,12.0
Dan Roundfield,785,11916.0,15.179617834394904,7607.0,9.69044585987261,1691.0,2.154140127388535,0.463712101910828,0.008917197452229299,0.6435987261146497,31.119745222929936,427.0,1020.0,1366.0
Dan Schayes,1275,9321.0,7.310588235294118,5985.0,4.694117647058824,1372.0,1.076078431372549,0.3901074509803922,0.002156862745098039,0.5212196078431373,19.24109362054681,551.0,874.0,1546.0
Dan Swartz,40,175.0,4.375,33.0,0.825,8.0,0.2,0.1925,0.0,0.47404999999999997,4.275,0.0,0.0,0.0
Dan Tieman,30,34.0,1.1333333333333333,21.0,0.7,4.0,0.13333333333333333,0.14996666666666666,0.0,0.06666666666666667,1.1333333333333333,0.0,0.0,0.0
Dana Barros,929,9038.0,9.728740581270182,1633.0,1.7578040904198062,2865.0,3.083961248654467,0.4183509149623251,0.3453067814854683,0.4164779332615716,22.23015873015873,752.0,46.0,1230.0
Dane Goodwin,1,0.0,0.0,0.0,0.0,0.0,0.0,0.0,0.0,0.0,,0.0,0.0,0.0
Dane Pineau,6,14.0,2.3333333333333335,13.0,2.1666666666666665,4.0,0.6666666666666666,0.36116666666666664,0.0,0.0,,5.0,1.0,1.0
Dane Suttle,46,272.0,5.913043478260869,49.0,1.065217391304348,48.0,1.0434782608695652,0.42863043478260865,0.0,0.34058695652173915,10.717391304347826,21.0,0.0,32.0
Daniel Anderson,95,347.0,3.6526315789473682,91.0,0.9578947368421052,166.0,1.7473684210526317,0.3680421052631579,0.0,0.2712,11.23157894736842,36.0,3.0,0.0
Daniel Dillon,1,11.0,11.0,4.0,4.0,4.0,4.0,0.5,0.0,0.5,,0.0,0.0,2.0
Daniel Dixon,2,2.0,1.0,1.0,0.5,0.0,0.0,0.0,0.0,0.5,0.0,0.0,0.0,0.0
Daniel Ewing,188,520.0,2.765957446808511,181.0,0.9627659574468085,212.0,1.127659574468085,0.2440851063829787,0.12011702127659575,0.19104787234042553,13.068965517241379,80.0,10.0,130.0
Daniel Gafford,527,4507.0,8.552182163187856,2809.0,5.330170777988615,495.0,0.9392789373814042,0.6229468690702087,0.0,0.457370018975332,19.56299180327869,257.0,751.0,478.0
Daniel Gibson,576,3808.0,6.611111111111111,944.0,1.6388888888888888,938.0,1.6284722222222223,0.3201388888888889,0.30316319444444445,0.3101423611111111,22.38762886597938,293.0,106.0,473.0
Daniel Hamilton,55,98.0,1.9215686274509804,76.0,1.4901960784313726,44.0,0.8627450980392157,0.17543137254901958,0.13070588235294117,0.08333333333333333,9.766666666666667,8.0,1.0,34.0
Daniel Hillel,2,1.0,0.5,1.0,0.5,0.0,0.0,0.0,0.0,0.5,,0.0,0.0,0.0
Daniel Horton,1,6.0,6.0,1.0,1.0,4.0,4.0,0.25,0.0,1.0,22.0,0.0,0.0,1.0
Daniel Johnson,3,39.0,13.0,12.0,4.0,7.0,2.3333333333333335,0.48533333333333334,0.389,0.7999999999999999,,3.0,1.0,10.0
Daniel Kickert,2,23.0,11.5,14.0,7.0,6.0,3.0,0.4375,0.5415,0.0,,1.0,1.0,6.0
Daniel Koperberg,9,38.0,4.75,36.0,4.5,6.0,0.75,0.418125,0.0,0.15625,,1.0,5.0,19.0
Daniel Nwaelele,3,11.0,3.6666666666666665,5.0,1.6666666666666667,3.0,1.0,0.5833333333333334,0.4166666666666667,0.25,12.333333333333334,1.0,0.0,2.0
Daniel Ochefu,87,43.0,0.4942528735632184,44.0,0.5057471264367817,11.0,0.12643678160919541,0.1074712643678161,0.0,0.005747126436781609,5.580645161290323,10.0,4.0,10.0
Daniel Orton,132,185.0,1.4122137404580153,152.0,1.1603053435114503,30.0,0.22900763358778625,0.1538473282442748,0.0,0.148,10.311475409836065,20.0,37.0,32.0
Daniel Oturu,80,83.0,1.0375,66.0,0.825,11.0,0.1375,0.202975,0.003125,0.06687499999999999,4.804347826086956,4.0,11.0,15.0
Daniel Santiago,217,448.0,2.064516129032258,273.0,1.2580645161290323,38.0,0.17511520737327188,0.24059447004608298,0.0,0.1895115207373272,11.062992125984252,41.0,51.0,93.0
Daniel Theis,590,3241.0,5.511904761904762,2198.0,3.738095238095238,568.0,0.9659863945578231,0.39093367346938773,0.16831802721088435,0.3082431972789116,18.134434968017057,213.0,380.0,370.0
Daniel Trist,2,8.0,4.0,5.0,2.5,0.0,0.0,0.222,0.0,0.0,,1.0,0.0,1.0
Danielzinho Lorio,3,0.0,0.0,0.0,0.0,0.0,0.0,0.0,0.0,0.0,,0.0,0.0,0.0
Danilo Gallinari,1035,13053.0,12.636011616650533,4109.0,3.977734753146176,1641.0,1.5885769603097772,0.3598160696999032,0.30505614714424006,0.6409864472410455,27.91176470588235,620.0,295.0,1045.0
Daniss Jenkins,131,879.0,6.709923664122138,224.0,1.7099236641221374,347.0,2.648854961832061,0.2834809160305344,0.23654198473282445,0.3644503816793893,18.993202614379083,79.0,21.0,143.0
Danny Ainge,1236,13878.0,11.228155339805825,3208.0,2.5954692556634305,4848.0,3.9223300970873787,0.44544660194174757,0.2735639158576052,0.5086974110032363,26.5,1256.0,148.0,1750.0
Danny Doyle,4,16.0,4.0,6.0,1.5,2.0,0.5,0.51675,0.0,0.4375,5.25,0.0,0.0,0.0
Danny Ferry,1020,6687.0,6.555882352941176,2694.0,2.6411764705882352,1248.0,1.223529411764706,0.38835000000000003,0.2578637254901961,0.30187450980392155,19.128934010152285,400.0,299.0,838.0
Danny Finn,125,877.0,7.016,138.0,1.104,215.0,1.72,0.069328,0.0,0.469632,3.48,0.0,0.0,0.0
Danny Fortson,605,3705.0,6.12396694214876,3250.0,5.371900826446281,301.0,0.4975206611570248,0.3302892561983471,0.003305785123966942,0.4646165289256199,19.058441558441558,186.0,96.0,681.0
Danny Granger,722,10909.0,15.109418282548477,3251.0,4.502770083102493,1251.0,1.7326869806094183,0.38838781163434904,0.3105803324099723,0.644292243767313,30.166070901033972,629.0,533.0,1233.0
Danny Green,1149,8952.0,7.8047079337401915,3499.0,3.050566695727986,1550.0,1.3513513513513513,0.371205754141238,0.33617785527462946,0.22646033129904097,24.20754716981132,1085.0,782.0,1022.0
Danny Manning,999,12995.0,13.008008008008009,4817.0,4.821821821821822,2143.0,2.145145145145145,0.4588838838838839,0.029845845845845844,0.5198728728728729,27.19222462203024,1042.0,783.0,1929.0
Danny Vranes,525,2664.0,5.074285714285714,2058.0,3.92,606.0,1.1542857142857144,0.42932,0.0038095238095238095,0.29379238095238097,20.64952380952381,322.0,266.0,530.0
Danny Wolf,66,533.0,8.075757575757576,292.0,4.424242424242424,139.0,2.106060606060606,0.3485909090909091,0.2700606060606061,0.38565151515151513,20.235666666666667,31.0,32.0,80.0
Danny Young,627,2841.0,4.5311004784688995,773.0,1.2328548644338118,1793.0,2.8596491228070176,0.3971499202551834,0.17304306220095694,0.30597129186602867,16.30622009569378,540.0,41.0,509.0
Dante Cunningham,850,4459.0,5.264462809917355,2914.0,3.4403778040141675,540.0,0.6375442739079102,0.400185360094451,0.10182290436835892,0.21433293978748524,20.03598971722365,498.0,363.0,399.0
Dante Exum,433,2282.0,5.294663573085847,705.0,1.6357308584686774,842.0,1.9535962877030162,0.34934570765661255,0.24168909512761022,0.28088631090487237,17.289322916666666,158.0,59.0,449.0
Danté Exum,7,42.0,8.4,9.0,1.8,26.0,5.2,0.515,0.6668000000000001,0.5,,0.0,5.0,5.0
Danuel House Jr.,437,2461.0,5.657471264367816,1066.0,2.4505747126436783,373.0,0.8574712643678161,0.30929195402298854,0.23358850574712645,0.3112275862068966,20.59011627906977,192.0,107.0,245.0
Danuel Jr.,1,8.0,8.0,6.0,6.0,2.0,2.0,0.571,0.0,0.0,,1.0,1.0,2.0
Darington Hobson,11,10.0,0.9090909090909091,7.0,0.6363636363636364,11.0,1.0,0.12727272727272726,0.0,0.0,10.857142857142858,0.0,0.0,6.0
Dario Saric,746,5649.0,7.592741935483871,2881.0,3.872311827956989,1026.0,1.3790322580645162,0.308880376344086,0.2323037634408602,0.40476344086021504,21.591327272727273,311.0,107.0,788.0
Dario Šarić,2,12.0,12.0,3.0,3.0,0.0,0.0,0.625,0.0,1.0,,1.0,0.0,2.0
Darion Atkins,6,0.0,0.0,0.0,0.0,0.0,0.0,0.0,0.0,0.0,2.0,0.0,1.0,0.0
Dariq Whitehead,53,223.0,4.288461538461538,60.0,1.1538461538461537,25.0,0.4807692307692308,0.17538461538461542,0.17482692307692307,0.0929423076923077,14.549090909090909,10.0,3.0,28.0
Darius Bazley,311,2342.0,7.530546623794212,1413.0,4.543408360128617,325.0,1.045016077170418,0.33992282958199355,0.2352829581993569,0.329540192926045,22.653846153846153,156.0,195.0,327.0
Darius Brown,6,0.0,0.0,1.0,0.16666666666666666,0.0,0.0,0.0,0.0,0.0,2.4,0.0,0.0,0.0
Darius Days,17,33.0,1.9411764705882353,21.0,1.2352941176470589,4.0,0.23529411764705882,0.3109411764705882,0.15688235294117647,0.14705882352941177,5.8,4.0,2.0,1.0
Darius Garland,498,8757.0,17.619718309859156,1224.0,2.4627766599597587,3079.0,6.195171026156942,0.43113883299798794,0.36230784708249497,0.6398490945674045,32.140656779661015,546.0,57.0,1383.0
Darius Johnson-Odom,26,21.0,0.9130434782608695,12.0,0.5217391304347826,9.0,0.391304347826087,0.1145217391304348,0.08695652173913043,0.021739130434782608,4.2,3.0,0.0,7.0
Darius Miles,515,4709.0,9.143689320388349,2269.0,4.405825242718446,878.0,1.7048543689320388,0.4144660194174757,0.03592038834951456,0.38923300970873786,25.21186440677966,400.0,517.0,940.0
Darius Miller,394,1764.0,4.5115089514066495,491.0,1.2557544757033248,394.0,1.0076726342710998,0.28426598465473146,0.24151150895140663,0.1861918158567775,19.132890365448507,140.0,69.0,193.0
Darius Morris,261,544.0,2.108527131782946,149.0,0.5775193798449613,232.0,0.8992248062015504,0.19437209302325584,0.11362790697674419,0.10063178294573644,10.885350318471337,58.0,4.0,138.0
Darius Rice,8,22.0,2.75,14.0,1.75,2.0,0.25,0.227,0.160625,0.1875,8.625,2.0,1.0,2.0
Darius Songaila,614,3758.0,6.120521172638436,1844.0,3.003257328990228,648.0,1.0553745928338762,0.4267719869706841,0.004885993485342019,0.34767100977198695,17.73731884057971,347.0,113.0,555.0
Darius Washington,34,145.0,4.264705882352941,48.0,1.411764705882353,40.0,1.1764705882352942,0.3207352941176471,0.19608823529411765,0.24111764705882355,10.806451612903226,17.0,0.0,38.0
Darko Milicic,763,3161.0,4.142857142857143,2230.0,2.9226736566186107,472.0,0.6186107470511141,0.27465006553079946,0.0,0.20083617300131062,17.597042513863215,242.0,696.0,667.0
Darnell Hillman,305,2573.0,8.436065573770492,1992.0,6.531147540983606,430.0,1.4098360655737705,0.43779016393442627,0.0,0.4513704918032787,22.678688524590164,187.0,232.0,248.0
Darnell Jackson,258,407.0,1.5775193798449612,270.0,1.0465116279069768,35.0,0.13565891472868216,0.20301162790697674,0.01744186046511628,0.1124031007751938,7.969879518072289,29.0,13.0,67.0
Darnell Lazare,1,0.0,0.0,1.0,1.0,0.0,0.0,0.0,0.0,0.0,10.0,1.0,0.0,0.0
Darnell Mee,43,83.0,1.930232558139535,38.0,0.8837209302325582,20.0,0.46511627906976744,0.22525581395348837,0.0872093023255814,0.12790697674418605,7.511627906976744,19.0,13.0,21.0
Darnell Valentine,646,5713.0,8.843653250773993,1368.0,2.1176470588235294,3247.0,5.026315789473684,0.4090247678018576,0.04360061919504644,0.5612461300309598,23.38544891640867,954.0,62.0,1293.0
Darquavis Tucker,1,17.0,17.0,4.0,4.0,1.0,1.0,0.5,0.0,1.0,,2.0,0.0,1.0
Darrall Imhoff,855,6113.0,7.1497076023391815,5607.0,6.557894736842106,1226.0,1.4339181286549707,0.35412163742690056,0.0,0.4202666666666666,12.304093567251462,0.0,0.0,0.0
Darrell Allums,22,59.0,2.6818181818181817,65.0,2.9545454545454546,25.0,1.1363636363636365,0.35204545454545455,0.0,0.19390909090909092,12.545454545454545,5.0,8.0,23.0
Darrell Armstrong,1002,8159.0,8.142714570858283,2412.0,2.407185628742515,3564.0,3.55688622754491,0.32931536926147703,0.24827345309381238,0.46478742514970056,22.838638858397367,1197.0,106.0,1675.0
Darrell Arthur,744,3688.0,4.9770580296896085,1972.0,2.661268556005398,433.0,0.5843454790823212,0.31968825910931176,0.08233333333333333,0.22776518218623482,17.097517730496453,336.0,331.0,472.0
Darrell Elston,5,5.0,1.0,6.0,1.2,2.0,0.4,0.056999999999999995,0.0,0.1,8.0,1.0,0.0,0.0
Darrell Griffith,802,12948.0,16.144638403990026,2623.0,3.270573566084788,1688.0,2.1047381546134662,0.43899501246882794,0.21941895261845384,0.48451371571072316,27.638403990024937,869.0,243.0,1431.0
Darrell Lockhart,2,4.0,2.0,3.0,1.5,0.0,0.0,0.5,0.0,0.0,7.0,0.0,0.0,2.0
Darrell Walker,754,6566.0,8.708222811671087,3216.0,4.26525198938992,3324.0,4.408488063660477,0.3971100795755968,0.005305039787798408,0.4644058355437666,25.368700265251988,1119.0,231.0,1513.0
Darren Collison,837,9864.0,11.81317365269461,2106.0,2.5221556886227545,3929.0,4.705389221556886,0.4412,0.3058347305389222,0.6167041916167665,28.20423412204234,924.0,115.0,1546.0
Darren Daye,362,2394.0,6.613259668508287,896.0,2.4751381215469612,700.0,1.9337016574585635,0.44853038674033147,0.0055248618784530384,0.4186546961325967,15.414364640883978,203.0,57.0,451.0
Darren Morningstar,23,96.0,4.173913043478261,81.0,3.5217391304347827,15.0,0.6521739130434783,0.4296956521739131,0.0,0.2622608695652174,15.956521739130435,14.0,2.0,19.0
Darren Tillis,124,425.0,3.4274193548387095,314.0,2.532258064516129,42.0,0.3387096774193548,0.33091935483870966,0.0,0.1875,10.129032258064516,19.0,90.0,69.0
Darrick Martin,707,3648.0,5.1598302687411595,623.0,0.8811881188118812,1535.0,2.171145685997171,0.24801555869872702,0.17686845827439887,0.33020933521923623,17.126605504587157,350.0,23.0,652.0
Darrin Hancock,171,475.0,2.7777777777777777,178.0,1.04093567251462,91.0,0.5321637426900585,0.30643859649122807,0.011695906432748537,0.16707017543859648,10.105633802816902,58.0,11.0,101.0
Darrun Hilliard,197,342.0,1.736040609137056,91.0,0.4619289340101523,77.0,0.39086294416243655,0.1720203045685279,0.08392385786802031,0.1296548223350254,9.009900990099009,27.0,5.0,59.0
Darryl Dawkins,835,10108.0,12.105389221556885,5092.0,6.098203592814372,1034.0,1.2383233532934133,0.5438395209580839,0.0023952095808383233,0.535259880239521,23.750898203592815,242.0,1014.0,1119.0
Darryl Johnson,11,12.0,1.0909090909090908,2.0,0.18181818181818182,1.0,0.09090909090909091,0.303,0.0,0.09090909090909091,2.5454545454545454,0.0,0.0,1.0
Darryl Watkins,42,81.0,1.9285714285714286,81.0,1.9285714285714286,7.0,0.16666666666666666,0.23173809523809524,0.0,0.19892857142857143,11.161290322580646,10.0,18.0,35.0
Darvin Ham,583,1238.0,2.123499142367067,1066.0,1.8284734133790737,249.0,0.42710120068610635,0.2941217838765009,0.00686106346483705,0.16637735849056604,11.170431211498974,152.0,178.0,338.0
Darwin Cook,637,6028.0,9.463108320251177,1352.0,2.122448979591837,2306.0,3.620094191522763,0.43206750392464677,0.05229827315541601,0.41713186813186814,22.800627943485086,831.0,170.0,840.0
Daryl Macon,42,59.0,1.4390243902439024,18.0,0.43902439024390244,12.0,0.2926829268292683,0.18963414634146342,0.08536585365853659,0.06270731707317073,7.888888888888889,3.0,1.0,14.0
Dash Daniels,1,11.0,11.0,6.0,6.0,1.0,1.0,0.5,0.0,0.5,27.13,1.0,0.0,1.0
Daulton Hommes,12,8.0,0.6666666666666666,7.0,0.5833333333333334,3.0,0.25,0.11108333333333333,0.10416666666666667,0.0,4.714285714285714,1.0,1.0,2.0
Dave Batton,58,188.0,3.2413793103448274,123.0,2.1206896551724137,32.0,0.5517241379310345,0.3340689655172414,0.0,0.07758620689655173,10.155172413793103,12.0,9.0,22.0
Dave Bing,938,18845.0,20.090618336886994,2928.0,3.121535181236674,4670.0,4.978678038379531,0.36099466950959486,0.0,0.7327921108742005,25.095948827292112,191.0,33.0,52.0
Dave Budd,353,2522.0,7.144475920679887,818.0,2.31728045325779,111.0,0.31444759206798867,0.23006798866855524,0.0,0.5171756373937677,3.8243626062322944,0.0,0.0,0.0
Dave Corzine,960,8063.0,8.398958333333333,5592.0,5.825,1551.0,1.615625,0.4356,0.008854166666666666,0.4365479166666667,22.988541666666666,365.0,850.0,1108.0
Dave Cowens,859,15255.0,17.759022118742724,11736.0,13.662398137369033,3183.0,3.7054714784633296,0.45667986030267754,0.0011641443538998836,0.6421396973224679,37.781140861466824,345.0,247.0,325.0
Dave DeBusschere,979,15657.0,15.99284984678243,9138.0,9.334014300306436,2186.0,2.232890704800817,0.3484402451481103,0.0,0.6204872318692544,25.556690500510726,11.0,2.0,0.0
Dave Deutsch,20,23.0,1.15,10.0,0.5,10.0,0.5,0.0725,0.0,0.0974,2.65,0.0,0.0,0.0
Dave Fedor,7,6.0,0.8571428571428571,6.0,0.8571428571428571,1.0,0.14285714285714285,0.119,0.0,0.0,3.857142857142857,0.0,0.0,0.0
Dave Feitl,282,1196.0,4.24113475177305,817.0,2.897163120567376,125.0,0.4432624113475177,0.36615602836879435,0.0,0.2916808510638298,10.680851063829786,46.0,46.0,231.0
Dave Gambee,792,8320.0,10.505050505050505,2948.0,3.7222222222222223,512.0,0.6464646464646465,0.31517045454545456,0.0,0.6930176767676768,6.650252525252525,0.0,0.0,0.0
Dave Gunther,1,2.0,2.0,3.0,3.0,3.0,3.0,0.5,0.0,0.0,5.0,0.0,0.0,0.0
Dave Henderson,22,126.0,5.7272727272727275,35.0,1.5909090909090908,34.0,1.5454545454545454,0.30722727272727274,0.0,0.3523181818181818,15.954545454545455,12.0,5.0,40.0
Dave Hoppen,172,843.0,4.901162790697675,650.0,3.7790697674418605,100.0,0.5813953488372093,0.46505232558139536,0.005813953488372093,0.3856453488372093,14.011627906976743,43.0,29.0,138.0
Dave Jamerson,92,322.0,3.5,80.0,0.8695652173913043,65.0,0.7065217391304348,0.3140108695652174,0.11141304347826086,0.23205434782608697,6.684782608695652,24.0,1.0,46.0
Dave Johnson,59,204.0,3.457627118644068,64.0,1.0847457627118644,17.0,0.288135593220339,0.27459322033898304,0.05084745762711865,0.2926271186440678,8.05084745762712,12.0,1.0,37.0
Dave Lattin,116,513.0,4.422413793103448,430.0,3.706896551724138,63.0,0.5431034482758621,0.32632758620689656,0.0,0.34289655172413797,10.732758620689655,0.0,0.0,0.0
Dave Magley,15,12.0,0.8,10.0,0.6666666666666666,2.0,0.13333333333333333,0.16,0.0,0.13333333333333333,3.7333333333333334,1.0,0.0,2.0
Dave Meyers,300,3353.0,11.176666666666666,1869.0,6.23,701.0,2.3366666666666664,0.4398533333333333,0.0016666666666666668,0.53343,26.503333333333334,247.0,152.0,293.0
Dave Minor,30,231.0,7.7,0.0,0.0,4.0,0.13333333333333333,0.0264,0.0,0.5316,1.1333333333333333,0.0,0.0,0.0
Dave Newmark,151,803.0,5.317880794701987,414.0,2.7417218543046356,82.0,0.543046357615894,0.29835099337748344,0.0,0.34762913907284765,8.052980132450331,0.0,0.0,0.0
Dave Piontek,439,3058.0,6.965831435079727,927.0,2.111617312072893,102.0,0.23234624145785876,0.15974259681093392,0.0,0.4300318906605922,2.492027334851936,0.0,0.0,0.0
Dave Popson,41,76.0,1.853658536585366,46.0,1.1219512195121952,13.0,0.3170731707317073,0.3013658536585366,0.0,0.12804878048780488,4.780487804878049,4.0,6.0,20.0
Dave Robisch,522,4475.0,8.5727969348659,2665.0,5.105363984674329,819.0,1.5689655172413792,0.4139272030651341,0.0,0.5302777777777777,20.50574712643678,189.0,178.0,366.0
Dave Schellhase,76,211.0,2.776315789473684,55.0,0.7236842105263158,43.0,0.5657894736842105,0.21206578947368424,0.0,0.17434210526315788,2.736842105263158,0.0,0.0,0.0
Dave Scholz,1,2.0,2.0,0.0,0.0,0.0,0.0,1.0,0.0,0.0,1.0,0.0,0.0,0.0
Dave Sorenson,214,1744.0,8.149532710280374,983.0,4.593457943925234,272.0,1.2710280373831775,0.40756074766355144,0.0,0.47546728971962615,17.747663551401867,0.0,0.0,0.0
Dave Stallworth,562,5098.0,9.0711743772242,2309.0,4.108540925266904,787.0,1.400355871886121,0.37033096085409256,0.0,0.5250284697508897,16.204626334519574,0.0,1.0,0.0
Dave Twardzik,305,2882.0,9.449180327868852,650.0,2.1311475409836067,1002.0,3.2852459016393443,0.529311475409836,0.013114754098360656,0.6529016393442623,24.524590163934427,426.0,26.0,439.0
Dave Wohl,414,2559.0,6.181159420289855,509.0,1.2294685990338163,1114.0,2.6908212560386473,0.3202608695652174,0.0,0.41230434782608694,14.903381642512077,89.0,7.0,4.0
Dave Zeller,52,91.0,1.75,28.0,0.5384615384615384,16.0,0.3076923076923077,0.21932692307692306,0.0,0.15705769230769231,0.40384615384615385,0.0,0.0,0.0
David Andersen,153,633.0,4.137254901960785,364.0,2.3790849673202614,69.0,0.45098039215686275,0.2993137254901961,0.14705882352941177,0.24002614379084966,12.745762711864407,31.0,27.0,79.0
David Barlow,3,20.0,6.666666666666667,18.0,6.0,1.0,0.3333333333333333,0.20866666666666667,0.16666666666666666,0.6666666666666666,,2.0,0.0,4.0
David Benoit,567,3865.0,6.8165784832451495,2196.0,3.873015873015873,321.0,0.5661375661375662,0.4051022927689595,0.18634038800705469,0.3772116402116402,19.123861566484518,235.0,277.0,478.0
David Bluthenthal,3,2.0,0.6666666666666666,3.0,1.0,0.0,0.0,0.05566666666666667,0.0,0.0,5.0,2.0,0.0,3.0
David Britton,2,4.0,2.0,2.0,1.0,3.0,1.5,0.75,0.0,0.0,4.5,0.0,0.0,0.0
David Burns,9,23.0,2.5555555555555554,5.0,0.5555555555555556,13.0,1.4444444444444444,0.3147777777777778,0.0,0.4166666666666667,9.666666666666666,2.0,0.0,8.0
David Cohn,3,2.0,0.6666666666666666,2.0,0.6666666666666666,1.0,0.3333333333333333,0.16666666666666666,0.0,0.0,,0.0,0.0,3.0
David Cooke,6,9.0,1.5,10.0,1.6666666666666667,1.0,0.16666666666666666,0.22216666666666665,0.0,0.2916666666666667,6.333333333333333,4.0,0.0,2.0
David Cubillan,3,48.0,16.0,6.0,2.0,8.0,2.6666666666666665,0.5363333333333333,0.561,0.16666666666666666,38.666666666666664,5.0,0.0,4.0
David Duke Jr.,123,267.0,2.1707317073170733,135.0,1.0975609756097562,63.0,0.5121951219512195,0.182260162601626,0.07588617886178861,0.14895121951219514,11.074142857142858,33.0,8.0,49.0
David Greenwood,845,8615.0,10.195266272189349,6649.0,7.868639053254438,1605.0,1.8994082840236686,0.43725088757396446,0.004142011834319527,0.5527976331360946,28.149112426035504,491.0,692.0,1188.0
David Harrison,253,1006.0,3.9762845849802373,588.0,2.324110671936759,54.0,0.2134387351778656,0.3674584980237154,0.0,0.2570671936758893,13.436893203883495,69.0,197.0,242.0
David Hawkins,1,2.0,2.0,0.0,0.0,4.0,4.0,0.0,0.0,1.0,5.0,0.0,0.0,3.0
David Jackson,2,21.0,10.5,9.0,4.5,7.0,3.5,0.325,0.15,0.0,5.0,4.0,1.0,1.0
David Johnson,157,1035.0,6.592356687898089,26.0,0.16560509554140126,72.0,0.4585987261146497,0.0404968152866242,0.006369426751592357,0.48764331210191086,0.8345864661654135,1.0,0.0,4.0
David Jones Garcia,29,67.0,2.310344827586207,25.0,0.8620689655172413,30.0,1.0344827586206897,0.18765517241379312,0.057482758620689654,0.20306896551724138,6.636315789473684,12.0,3.0,14.0
David Kramer,4,0.0,0.0,0.0,0.0,0.0,0.0,0.0,0.0,0.0,,0.0,0.0,0.0
David Lee,1029,12319.0,11.971817298347911,8056.0,7.828960155490767,2016.0,1.9591836734693877,0.48048299319727894,0.0009718172983479105,0.5463838678328474,27.882707006369426,691.0,361.0,1617.0
David Lighty,1,0.0,0.0,1.0,1.0,2.0,2.0,0.0,0.0,0.0,10.0,0.0,0.0,1.0
David Monds,1,2.0,2.0,2.0,2.0,0.0,0.0,0.0,0.0,1.0,5.0,0.0,0.0,0.0
David Nesbitt,1,4.0,4.0,3.0,3.0,1.0,1.0,0.125,0.333,0.5,,0.0,0.0,1.0
David Noel,97,251.0,2.5876288659793816,166.0,1.711340206185567,81.0,0.8350515463917526,0.21937113402061856,0.13402061855670103,0.18384536082474226,12.950617283950617,37.0,13.0,60.0
David Nwaba,324,1762.0,5.455108359133127,937.0,2.9009287925696596,265.0,0.8204334365325078,0.3621145510835913,0.16088854489164087,0.3519195046439629,18.53875968992248,200.0,118.0,186.0
David Padgett,2,11.0,5.5,6.0,3.0,0.0,0.0,0.4,0.0,0.375,12.0,0.0,0.0,1.0
David Pope,32,62.0,1.9375,29.0,0.90625,9.0,0.28125,0.23096875,0.03125,0.08478125,6.28125,5.0,4.0,9.0
David Rivers,120,398.0,3.316666666666667,151.0,1.2583333333333333,288.0,2.4,0.347275,0.008333333333333333,0.35702500000000004,10.991666666666667,61.0,10.0,170.0
David Robinson,1144,23062.0,20.15909090909091,11824.0,10.335664335664335,2725.0,2.381993006993007,0.5005576923076923,0.018575174825174824,0.6846302447552447,34.37399103139013,1544.0,3271.0,2703.0
David Roddy,258,1248.0,4.837209302325581,588.0,2.2790697674418605,202.0,0.7829457364341085,0.2912519379844961,0.18160852713178297,0.2132480620155039,16.424213197969543,85.0,46.0,165.0
David Rossetto,1,1.0,1.0,2.0,2.0,0.0,0.0,0.0,0.0,0.5,,1.0,0.0,0.0
David Stockton,40,60.0,1.5,12.0,0.3,31.0,0.775,0.10785,0.11875,0.125,8.333333333333334,5.0,0.0,14.0
David Thirdkill,198,529.0,2.6717171717171717,219.0,1.106060606060606,88.0,0.4444444444444444,0.31393434343434345,0.005050505050505051,0.2596818181818182,7.767676767676767,48.0,13.0,111.0
David Thompson,539,11921.0,22.116883116883116,2040.0,3.784786641929499,1737.0,3.222634508348794,0.48796289424860856,0.03339517625231911,0.7449406307977737,32.144712430426715,476.0,420.0,1194.0
David Vanterpool,22,122.0,5.545454545454546,37.0,1.6818181818181819,66.0,3.0,0.4142272727272727,0.0,0.43409090909090914,18.045454545454547,23.0,3.0,37.0
David Vaughn,169,345.0,2.0414201183431953,361.0,2.136094674556213,36.0,0.21301775147928995,0.24039053254437867,0.0,0.1552544378698225,9.233333333333333,31.0,49.0,98.0
David Wear,11,7.0,0.6363636363636364,10.0,0.9090909090909091,1.0,0.09090909090909091,0.045454545454545456,0.030272727272727274,0.0,3.0,0.0,0.0,2.0
David Wesley,1084,12596.0,11.619926199261993,2540.0,2.3431734317343174,4392.0,4.051660516605166,0.3736328413284133,0.3029815498154982,0.5457675276752767,31.51571709233792,1352.0,166.0,1931.0
David West,1285,16092.0,12.52295719844358,7572.0,5.892607003891051,2658.0,2.0684824902723737,0.4682599221789884,0.0426715953307393,0.5490342412451362,27.16550736497545,885.0,993.0,1962.0
David Wingate,892,4467.0,5.007847533632287,1534.0,1.7197309417040358,1470.0,1.647982062780269,0.3650224215246637,0.0753890134529148,0.2828565022421525,17.57947434292866,635.0,130.0,896.0
David Wood,456,1614.0,3.539473684210526,1012.0,2.219298245614035,295.0,0.6469298245614035,0.3336578947368421,0.13553947368421052,0.2885855263157895,13.307142857142857,167.0,76.0,237.0
Davin White,1,2.0,2.0,0.0,0.0,0.0,0.0,0.5,0.0,0.0,6.0,0.0,0.0,0.0
Davion Berry,1,0.0,0.0,0.0,0.0,0.0,0.0,0.0,0.0,0.0,,0.0,0.0,0.0
Davion Mitchell,437,3268.0,7.478260869565218,788.0,1.803203661327231,1588.0,3.6338672768878717,0.40624485125858123,0.3018466819221968,0.22216018306636157,22.973374083129585,284.0,78.0,501.0
Davis Bertans,641,4016.0,6.294670846394984,1294.0,2.0282131661442007,491.0,0.7695924764890282,0.32113479623824454,0.29127429467084637,0.2584858934169279,16.98905109489051,236.0,189.0,280.0
Davon Reed,213,450.0,2.142857142857143,255.0,1.2142857142857142,110.0,0.5238095238095238,0.21663809523809524,0.16473809523809524,0.09166666666666666,10.452554744525548,58.0,17.0,57.0
Dawan Robinson,3,13.0,4.333333333333333,2.0,0.6666666666666666,5.0,1.6666666666666667,0.4723333333333333,0.16666666666666666,0.22233333333333336,10.666666666666666,4.0,0.0,1.0
Dawson Garcia,4,0.0,0.0,0.0,0.0,0.0,0.0,0.0,0.0,0.0,,0.0,0.0,0.0
Day'Ron Sharpe,339,1892.0,5.597633136094674,1578.0,4.668639053254438,393.0,1.1627218934911243,0.43317751479289934,0.07618343195266272,0.31901775147928996,15.040444444444445,172.0,170.0,327.0
De'Aaron Fox,687,13765.0,20.124269005847953,2584.0,3.7777777777777777,4054.0,5.926900584795321,0.4504049707602339,0.29660233918128653,0.6471915204678362,32.09277528649726,933.0,262.0,1759.0
De'Andre Hunter,445,6106.0,13.721348314606741,1708.0,3.838202247191011,653.0,1.4674157303370787,0.41904719101123594,0.34210112359550565,0.6111977528089888,28.89771971496437,279.0,116.0,589.0
De'Anthony Melton,518,4301.0,8.367704280155642,1672.0,3.252918287937743,1230.0,2.3929961089494163,0.34546108949416343,0.2785758754863813,0.341863813229572,22.003636363636364,642.0,224.0,645.0
DeAndre Jordan,1615,10766.0,6.670384138785626,12126.0,7.5130111524163565,1192.0,0.7385377942998761,0.5108370508054523,0.0012391573729863693,0.2720080545229244,24.362578369905957,668.0,1798.0,1662.0
DeAndre Liggins,288,429.0,1.4895833333333333,311.0,1.0798611111111112,159.0,0.5520833333333334,0.18953472222222223,0.08906249999999999,0.10048958333333333,10.792079207920793,127.0,38.0,109.0
DeAndre' Bembry,406,1899.0,4.712158808933003,1029.0,2.553349875930521,577.0,1.4317617866004964,0.33197766749379654,0.12882630272952855,0.210833746898263,18.655172413793103,317.0,127.0,408.0
DeJon Jarreau,28,139.0,4.964285714285714,99.0,3.5357142857142856,66.0,2.357142857142857,0.3002142857142857,0.11185714285714286,0.3113214285714286,16.451666666666668,16.0,10.0,37.0
DeJuan Blair,616,3430.0,5.5772357723577235,2548.0,4.143089430894309,409.0,0.6650406504065041,0.38792682926829264,0.0,0.24619837398373984,15.63905325443787,387.0,142.0,533.0
DeJuan Wheat,120,267.0,2.225,57.0,0.475,126.0,1.05,0.183125,0.1175,0.16875,8.641975308641975,33.0,3.0,57.0
DeMar DeRozan,1456,29461.0,20.28994490358127,6029.0,4.152203856749312,5654.0,3.893939393939394,0.45507162534435264,0.17680027548209365,0.7652809917355372,33.63771287825475,1417.0,453.0,2782.0
DeMarco Johnson,5,6.0,1.2,7.0,1.4,0.0,0.0,0.2666,0.0,0.0,6.6,1.0,0.0,3.0
DeMarcus Cousins,794,13713.0,17.270780856423173,7076.0,8.91183879093199,2091.0,2.633501259445844,0.413823677581864,0.15070403022670026,0.6161272040302267,28.433504867872042,953.0,797.0,2333.0
DeMarcus Nelson,27,110.0,4.074074074074074,47.0,1.7407407407407407,28.0,1.037037037037037,0.36148148148148146,0.0,0.1462962962962963,15.421052631578947,19.0,2.0,23.0
DeMarre Carroll,863,6149.0,7.141695702671313,2963.0,3.4413472706155632,882.0,1.024390243902439,0.3260301974448316,0.20268873403019746,0.36138095238095236,23.271816881258943,631.0,182.0,608.0
DeQuan Jones,101,335.0,3.3168316831683167,136.0,1.3465346534653466,23.0,0.22772277227722773,0.3151980198019802,0.0759009900990099,0.19537623762376238,13.30379746835443,28.0,28.0,47.0
DeSagana Diop,891,1427.0,1.6015712682379348,2635.0,2.957351290684624,309.0,0.3468013468013468,0.2623557800224467,0.001122334455667789,0.10864197530864197,13.973799126637555,267.0,742.0,434.0
DeShawn Sims,3,7.0,2.3333333333333335,2.0,0.6666666666666666,0.0,0.0,0.6666666666666666,0.3333333333333333,0.0,4.0,0.0,0.0,0.0
DeShawn Stevenson,1087,6385.0,5.873965041398344,1976.0,1.8178472861085557,1459.0,1.342226310947562,0.2951131554737811,0.15053081876724933,0.2782161913523459,21.495049504950494,472.0,146.0,882.0
DeVaughn Akoon-Purcell,33,13.0,0.43333333333333335,5.0,0.16666666666666666,6.0,0.2,0.07776666666666668,0.0,0.05,2.6666666666666665,3.0,0.0,2.0
Dean Garrett,468,1813.0,3.873931623931624,1872.0,4.0,213.0,0.4551282051282051,0.3171517094017094,0.0,0.2319636752136752,18.981182795698924,173.0,380.0,206.0
Dean Meminger,461,2721.0,5.902386117136659,1154.0,2.5032537960954446,1060.0,2.299349240780911,0.39832754880694143,0.0,0.35712364425162685,18.62472885032538,74.0,4.0,0.0
Dean Oliver,60,64.0,1.0666666666666667,24.0,0.4,44.0,0.7333333333333333,0.11596666666666668,0.041666666666666664,0.09444999999999999,6.228571428571429,10.0,0.0,21.0
Dean Tolson,84,406.0,4.833333333333333,186.0,2.2142857142857144,35.0,0.4166666666666667,0.36866666666666664,0.0,0.3104166666666667,8.369047619047619,22.0,14.0,1.0
Dean Wade,453,2114.0,4.666666666666667,1460.0,3.2229580573951435,425.0,0.9381898454746137,0.33813024282560705,0.26792494481236206,0.15265342163355408,19.473064651553315,252.0,133.0,153.0
Deandre Ayton,631,8602.0,13.675675675675675,5556.0,8.833068362480127,819.0,1.302066772655008,0.5313640699523052,0.044249602543720186,0.437060413354531,29.726975757575758,392.0,524.0,899.0
Dedric Lawson,3,5.0,1.6666666666666667,8.0,2.6666666666666665,0.0,0.0,0.3333333333333333,0.0,0.3333333333333333,12.0,1.0,2.0,2.0
Dedric Willoughby,33,190.0,5.757575757575758,51.0,1.5454545454545454,66.0,2.0,0.23381818181818181,0.15351515151515152,0.3788181818181818,19.84,23.0,2.0,37.0
Dee Bost,6,14.0,2.3333333333333335,7.0,1.1666666666666667,2.0,0.3333333333333333,0.2708333333333333,0.125,0.16666666666666666,10.75,0.0,1.0,3.0
Dee Brown,843,7304.0,8.66429418742586,1760.0,2.0877817319098457,2518.0,2.9869513641755634,0.33755397390272834,0.18256227758007118,0.3860545670225386,25.22826086956522,879.0,227.0,1027.0
Dee Gibson,12,61.0,5.083333333333333,0.0,0.0,0.0,0.0,0.03333333333333333,0.0,0.5468333333333334,0.0,0.0,0.0,0.0
Deividas Sirvydis,79,53.0,0.6708860759493671,35.0,0.4430379746835443,6.0,0.0759493670886076,0.06649367088607595,0.06946835443037974,0.0189873417721519,6.230769230769231,5.0,1.0,7.0
Deivon Smith,1,0.0,0.0,0.0,0.0,0.0,0.0,0.0,0.0,0.0,,0.0,0.0,0.0
Deji Akindele,3,4.0,1.3333333333333333,1.0,0.3333333333333333,0.0,0.0,0.3333333333333333,0.0,0.0,3.6666666666666665,0.0,0.0,0.0
Dejounte Murray,618,8711.0,14.164227642276423,3272.0,5.3203252032520325,3040.0,4.943089430894309,0.4017918699186992,0.2345121951219512,0.5152991869918699,28.11454861111111,834.0,163.0,1214.0
Del Beshore,69,244.0,3.536231884057971,61.0,0.8840579710144928,128.0,1.855072463768116,0.2848115942028986,0.05652173913043478,0.2842463768115942,11.942028985507246,43.0,4.0,63.0
Delaney Rudd,263,883.0,3.3574144486692017,193.0,0.7338403041825095,568.0,2.159695817490494,0.34968060836501896,0.1235703422053232,0.22863878326996198,9.673003802281368,81.0,4.0,260.0
Dell Curry,1190,13010.0,10.932773109243698,2704.0,2.272268907563025,1966.0,1.6521008403361344,0.4079798319327731,0.304718487394958,0.42125210084033615,21.38888888888889,1025.0,245.0,1341.0
Dell Demps,24,59.0,2.4583333333333335,9.0,0.375,9.0,0.375,0.27920833333333334,0.041666666666666664,0.19329166666666667,5.35,6.0,1.0,13.0
Delon Wright,792,4127.0,5.224050632911393,1850.0,2.3417721518987342,1818.0,2.30126582278481,0.3228202531645569,0.20852025316455697,0.3006113924050633,19.27263736263736,726.0,217.0,558.0
Delonte West,575,4977.0,8.655652173913044,1505.0,2.617391304347826,1810.0,3.1478260869565218,0.37954782608695653,0.2590173913043478,0.4134208695652174,26.7112810707457,554.0,209.0,868.0
Demetris Nichols,78,79.0,1.0128205128205128,27.0,0.34615384615384615,9.0,0.11538461538461539,0.12383333333333334,0.07692307692307693,0.035897435897435895,6.194444444444445,7.0,8.0,14.0
Demetrius Alexander,1,8.0,8.0,3.0,3.0,0.0,0.0,0.667,1.0,0.599,5.0,0.0,0.0,0.0
Demetrius Calip,7,11.0,1.5714285714285714,5.0,0.7142857142857143,12.0,1.7142857142857142,0.15471428571428572,0.14285714285714285,0.21428571428571427,8.285714285714286,1.0,0.0,5.0
Demetrius Jackson,103,128.0,1.28,44.0,0.44,57.0,0.57,0.15031,0.06433,0.0525,7.439024390243903,18.0,5.0,31.0
Demonte Harper,3,2.0,0.6666666666666666,1.0,0.3333333333333333,0.0,0.0,0.0,0.0,0.16666666666666666,1.3333333333333333,0.0,0.0,0.0
Demontez Stitt,4,49.0,12.25,12.0,3.0,20.0,5.0,0.338,0.35824999999999996,0.475,,6.0,1.0,17.0
Deng Acuoth,3,0.0,0.0,1.0,0.3333333333333333,0.0,0.0,0.0,0.0,0.0,,0.0,0.0,2.0
Deng Adel,33,49.0,1.6333333333333333,25.0,0.8333333333333334,6.0,0.2,0.227,0.14666666666666667,0.08889999999999999,9.238095238095237,2.0,4.0,6.0
Deng Deng,1,0.0,0.0,0.0,0.0,0.0,0.0,0.0,0.0,0.0,,0.0,0.0,1.0
Deng Gai,14,17.0,1.2142857142857142,18.0,1.2857142857142858,2.0,0.14285714285714285,0.16071428571428573,0.0,0.10714285714285714,12.555555555555555,3.0,12.0,7.0
Denham Brown,2,8.0,4.0,5.0,2.5,1.0,0.5,0.2995,0.5,0.25,12.5,1.0,0.0,1.0
Deni Avdija,480,5950.0,12.395833333333334,2811.0,5.85625,1527.0,3.18125,0.41849583333333334,0.28475625,0.5287083333333333,27.365190156599553,350.0,209.0,904.0
Dennis Awtrey,794,3763.0,4.739294710327456,3514.0,4.425692695214106,1530.0,1.9269521410579344,0.39456801007556674,0.0,0.33620151133501264,18.416876574307306,155.0,177.0,224.0
Dennis Bell,66,177.0,2.6818181818181817,123.0,1.8636363636363635,28.0,0.42424242424242425,0.287030303030303,0.0,0.12045454545454545,8.545454545454545,12.0,2.0,0.0
Dennis Boyd,5,6.0,1.2,2.0,0.4,7.0,1.4,0.17320000000000002,0.0,0.0,8.0,0.0,0.0,4.0
Dennis DuVal,55,103.0,1.8727272727272728,34.0,0.6181818181818182,37.0,0.6727272727272727,0.30887272727272724,0.0,0.1484909090909091,4.781818181818182,3.0,0.0,0.0
Dennis Hamilton,70,197.0,2.8142857142857145,102.0,1.457142857142857,39.0,0.5571428571428572,0.3971857142857143,0.0,0.12857142857142856,4.114285714285714,0.0,0.0,0.0
Dennis Hopson,339,3641.0,10.740412979351033,943.0,2.781710914454277,540.0,1.592920353982301,0.3992625368731563,0.11060766961651917,0.5791769911504425,22.20353982300885,319.0,160.0,549.0
Dennis Horner,22,9.0,0.4090909090909091,9.0,0.4090909090909091,3.0,0.13636363636363635,0.045454545454545456,0.0,0.06818181818181818,4.0,0.0,1.0,2.0
Dennis Johnson,1283,18705.0,14.579111457521433,5036.0,3.925175370226033,6502.0,5.067809820732657,0.43862275915822296,0.05620654715510522,0.6749547934528449,33.503507404520654,1482.0,672.0,2703.0
Dennis Jr.,2,16.0,8.0,1.0,0.5,7.0,3.5,0.3,0.1665,0.3,,0.0,0.0,0.0
Dennis Layton,264,1827.0,6.920454545454546,353.0,1.3371212121212122,699.0,2.647727272727273,0.40502272727272726,0.0,0.34836742424242423,16.765151515151516,43.0,8.0,14.0
Dennis Nutt,26,59.0,2.269230769230769,10.0,0.38461538461538464,17.0,0.6538461538461539,0.203,0.09615384615384616,0.34615384615384615,3.8846153846153846,7.0,0.0,11.0
Dennis Rodman,1092,7764.0,7.1098901098901095,13630.0,12.481684981684982,1805.0,1.6529304029304028,0.48993315018315015,0.04296245421245421,0.347264652014652,31.04722222222222,717.0,628.0,1742.0
Dennis Schroder,1132,13970.0,12.37378210806023,2955.0,2.6173604960141716,4940.0,4.37555358724535,0.38572719220549156,0.2788937112488928,0.5940531443755536,26.136176470588236,847.0,151.0,2264.0
Dennis Schröder,2,9.0,4.5,8.0,4.0,9.0,4.5,0.375,0.1665,0.0,,2.0,0.0,3.0
Dennis Scott,690,8613.0,12.482608695652173,1903.0,2.7579710144927536,1372.0,1.9884057971014493,0.37749420289855073,0.34164057971014494,0.44523478260869565,28.62908011869436,562.0,206.0,828.0
Dennis Smith Jr.,421,3351.0,7.978571428571429,1019.0,2.426190476190476,1462.0,3.480952380952381,0.32591666666666663,0.19289047619047617,0.34987380952380953,22.545816618911175,408.0,120.0,682.0
Dennis Stewart,2,4.0,2.0,3.0,1.5,1.0,0.5,0.25,0.0,0.5,3.0,0.0,0.0,0.0
Denzel Livingston,8,30.0,3.75,8.0,1.0,6.0,0.75,0.16912499999999997,0.15,0.183,11.0,4.0,0.0,1.0
Denzel Valentine,357,1902.0,5.357746478873239,913.0,2.571830985915493,493.0,1.388732394366197,0.27165352112676056,0.22573521126760562,0.11666760563380282,18.054545454545455,167.0,33.0,253.0
Deonte Burton,140,248.0,1.8235294117647058,113.0,0.8308823529411765,34.0,0.25,0.19088235294117648,0.09019117647058823,0.07659558823529411,8.296551724137931,25.0,20.0,38.0
DerMarr Johnson,487,2354.0,4.833675564681725,838.0,1.7207392197125257,328.0,0.6735112936344969,0.2748151950718686,0.18805544147843942,0.25216427104722794,16.525333333333332,211.0,166.0,374.0
Dereck II,1,6.0,6.0,6.0,6.0,2.0,2.0,0.6,0.0,0.0,,1.0,2.0,0.0
Dereck Lively II,145,1077.0,7.427586206896552,911.0,6.2827586206896555,208.0,1.4344827586206896,0.6349103448275862,0.006896551724137931,0.3222206896551724,21.50237037037037,81.0,185.0,131.0
Derek Anderson,808,7628.0,9.44059405940594,2065.0,2.5556930693069306,2153.0,2.6646039603960396,0.31222400990099014,0.2324888613861386,0.527769801980198,28.096477794793262,717.0,88.0,1110.0
Derek Cooke Jr.,3,0.0,0.0,0.0,0.0,0.0,0.0,0.0,0.0,0.0,,0.0,0.0,0.0
Derek Fisher,1608,13195.0,8.20584577114428,3309.0,2.0578358208955225,4513.0,2.806592039800995,0.3842792288557214,0.3054390547263682,0.4773152985074627,24.90526976160602,1672.0,115.0,1780.0
Derek Grimm,10,14.0,1.4,4.0,0.4,0.0,0.0,0.1333,0.1833,0.1,3.2222222222222223,3.0,1.0,3.0
Derek Harper,1325,17102.0,12.907169811320754,3120.0,2.3547169811320754,7094.0,5.353962264150943,0.43504226415094344,0.24817283018867925,0.517377358490566,31.46141975308642,2103.0,315.0,2493.0
Derek Hood,14,18.0,1.2857142857142858,9.0,0.6428571428571429,4.0,0.2857142857142857,0.08885714285714286,0.0,0.07142857142857142,3.6,2.0,0.0,1.0
Derek Smith,420,5232.0,12.457142857142857,1304.0,3.104761904761905,867.0,2.0642857142857145,0.4666619047619047,0.08015714285714284,0.5704380952380953,23.566666666666666,269.0,174.0,710.0
Derek Strong,546,3166.0,5.798534798534798,2287.0,4.188644688644689,298.0,0.5457875457875457,0.33825641025641023,0.014346153846153847,0.43541025641025644,18.755364806866954,210.0,97.0,441.0
Derek Willis,3,3.0,1.0,1.0,0.3333333333333333,0.0,0.0,0.16666666666666666,0.3333333333333333,0.0,2.0,0.0,1.0,0.0
Dereon Seabron,49,71.0,1.4489795918367347,27.0,0.5510204081632653,14.0,0.2857142857142857,0.17261224489795918,0.01020408163265306,0.13281632653061223,7.355,5.0,1.0,10.0
Derik Queen,85,952.0,11.2,579.0,6.811764705882353,303.0,3.5647058823529414,0.4408470588235294,0.1421529411764706,0.6011058823529412,24.359277108433734,84.0,75.0,190.0
Dermie O'Connell,29,203.0,7.0,0.0,0.0,1.0,0.034482758620689655,0.03931034482758621,0.0,0.4256551724137931,0.0,0.0,0.0,0.0
Deron Washington,7,23.0,3.2857142857142856,4.0,0.5714285714285714,1.0,0.14285714285714285,0.5475714285714286,0.42857142857142855,0.07142857142857142,6.571428571428571,2.0,1.0,1.0
Deron Williams,1069,16041.0,15.005612722170252,3051.0,2.854069223573433,7782.0,7.279700654817587,0.40661646398503276,0.30456314312441535,0.6288709073900842,32.99560682046139,1019.0,236.0,2799.0
Derrek Dickey,349,2141.0,6.134670487106018,1690.0,4.842406876790831,364.0,1.0429799426934097,0.4235157593123209,0.0,0.2903667621776504,16.46704871060172,129.0,54.0,26.0
Derrick Alston,144,751.0,5.215277777777778,525.0,3.6458333333333335,94.0,0.6527777777777778,0.39158333333333334,0.006944444444444444,0.2502430555555556,19.107913669064747,95.0,87.0,112.0
Derrick Alston Jr.,4,2.0,0.5,2.0,0.5,1.0,0.25,0.125,0.0,0.0,4.0,1.0,0.0,0.0
Derrick Brown,240,1096.0,4.566666666666666,482.0,2.0083333333333333,146.0,0.6083333333333333,0.3844541666666667,0.05,0.2830791666666667,14.76923076923077,103.0,37.0,133.0
Derrick Byars,17,87.0,5.117647058823529,44.0,2.588235294117647,10.0,0.5882352941176471,0.4088823529411765,0.3274705882352941,0.3235294117647059,14.588235294117647,4.0,2.0,10.0
Derrick Caracter,79,96.0,1.2151898734177216,60.0,0.759493670886076,11.0,0.13924050632911392,0.1869240506329114,0.0,0.07911392405063292,5.521739130434782,6.0,11.0,27.0
Derrick Chievous,161,1123.0,6.975155279503106,373.0,2.3167701863354035,114.0,0.7080745341614907,0.39206211180124223,0.034161490683229816,0.4755217391304348,14.335403726708075,79.0,18.0,193.0
Derrick Coleman,934,13546.0,14.50321199143469,7625.0,8.163811563169165,2095.0,2.2430406852248392,0.38573982869379014,0.18311563169164882,0.6106370449678801,32.98784933171324,637.0,1110.0,2120.0
Derrick Dial,113,262.0,2.3185840707964602,137.0,1.2123893805309736,65.0,0.5752212389380531,0.20694690265486726,0.04719469026548673,0.179212389380531,7.686046511627907,22.0,12.0,36.0
Derrick Favors,992,9194.0,9.286868686868686,6226.0,6.288888888888889,945.0,0.9545454545454546,0.48039797979797977,0.025083838383838382,0.4297616161616162,23.489819004524886,654.0,1046.0,1106.0
Derrick Gervin,77,676.0,8.779220779220779,175.0,2.272727272727273,38.0,0.4935064935064935,0.3870779220779221,0.06061038961038961,0.5074545454545454,14.051948051948052,39.0,26.0,57.0
Derrick Jones Jr.,737,4640.0,6.312925170068027,1986.0,2.7020408163265306,506.0,0.6884353741496598,0.4103877551020408,0.20382857142857141,0.3511034013605442,19.980377952755905,444.0,411.0,403.0
Derrick Jr.,4,29.0,7.25,10.0,2.5,6.0,1.5,0.405,0.1665,0.25,,2.0,1.0,4.0
Derrick McKey,1107,11442.0,10.336043360433605,5013.0,4.528455284552845,2573.0,2.3242999096657635,0.44041734417344175,0.13424661246612465,0.5506711833785004,28.59870250231696,1183.0,700.0,1938.0
Derrick Phelps,3,0.0,0.0,0.0,0.0,1.0,0.3333333333333333,0.0,0.0,0.0,1.6666666666666667,0.0,0.0,0.0
Derrick Rose,991,14600.0,14.762386248736098,2720.0,2.750252780586451,4361.0,4.409504550050556,0.38069464105156725,0.1883731041456016,0.5589332659251769,29.954642004773273,624.0,280.0,2039.0
Derrick Rowland,2,3.0,1.5,1.0,0.5,1.0,0.5,0.5,0.0,0.25,4.5,0.0,0.0,0.0
Derrick Walton Jr.,86,132.0,1.5714285714285714,52.0,0.6190476190476191,84.0,1.0,0.17011904761904764,0.1462142857142857,0.09821428571428571,10.709090909090909,25.0,8.0,26.0
Derrick White,733,9221.0,12.631506849315068,2576.0,3.5287671232876714,2854.0,3.9095890410958902,0.4084205479452055,0.31023972602739724,0.5779287671232877,28.677931697931697,589.0,671.0,978.0
Derrick Williams,538,4204.0,7.814126394052044,1827.0,3.395910780669145,329.0,0.6115241635687733,0.36083457249070633,0.19282342007434944,0.4645594795539033,20.072494669509595,218.0,123.0,455.0
Derrick Zimmerman,7,14.0,2.0,8.0,1.1428571428571428,9.0,1.2857142857142858,0.5595714285714285,0.0,0.0,7.857142857142857,5.0,0.0,8.0
Deryk Ramos,1,7.0,7.0,1.0,1.0,3.0,3.0,0.333,0.2,0.0,,0.0,0.0,0.0
Deshaun Thomas,5,9.0,1.8,2.0,0.4,1.0,0.2,0.0666,0.0,0.3,14.5,1.0,1.0,3.0
Deshon Taylor,1,3.0,3.0,0.0,0.0,1.0,1.0,0.333,0.5,0.0,,0.0,0.0,1.0
Desi Rodriguez,4,0.0,0.0,0.0,0.0,1.0,0.5,0.0,0.0,0.0,4.0,1.0,0.0,0.0
Desmon Farmer,38,118.0,3.1052631578947367,30.0,0.7894736842105263,28.0,0.7368421052631579,0.22336842105263158,0.16205263157894736,0.15789473684210525,9.535714285714286,8.0,1.0,17.0
Desmond Bane,467,8285.0,17.740899357601712,2047.0,4.383297644539614,1686.0,3.6102783725910066,0.4574402899028167,0.3879793004996431,0.6417366167023554,30.01743645606391,459.0,183.0,864.0
Desmond Ferguson,11,13.0,1.1818181818181819,4.0,0.36363636363636365,1.0,0.09090909090909091,0.17427272727272727,0.18181818181818182,0.0,3.7142857142857144,0.0,0.0,1.0
Desmond Mason,701,8303.0,11.844507845934379,3062.0,4.368045649072753,1110.0,1.5834522111269616,0.4259087018544936,0.057296718972895865,0.5989728958630528,29.871572871572873,468.0,241.0,1100.0
Desmond Penigar,10,32.0,3.2,24.0,2.4,3.0,0.3,0.55,0.0,0.2,8.1,2.0,2.0,6.0
Detlef Schrempf,1275,17213.0,13.500392156862745,7597.0,5.958431372549019,4136.0,3.243921568627451,0.46096941176470585,0.1921513725490196,0.6808839215686274,29.4073482428115,918.0,339.0,2497.0
Devean George,849,4090.0,4.8174322732626615,2267.0,2.67020023557126,614.0,0.7232037691401649,0.3030694935217903,0.2089587750294464,0.23571849234393405,17.922343324250683,505.0,262.0,514.0
Devin Booker,898,20234.0,22.60782122905028,3354.0,3.7474860335195532,4333.0,4.841340782122905,0.42344804469273745,0.3072212290502794,0.7558335195530727,33.656032892097876,722.0,233.0,2512.0
Devin Brown,605,3651.0,6.034710743801653,1411.0,2.332231404958678,743.0,1.228099173553719,0.3054297520661157,0.18489256198347107,0.3816793388429752,18.241904761904763,282.0,63.0,567.0
Devin Cannady,25,106.0,4.24,21.0,0.84,15.0,0.6,0.27208000000000004,0.28815999999999997,0.28668,13.052631578947368,12.0,5.0,9.0
Devin Carter,119,507.0,4.260504201680672,214.0,1.7983193277310925,152.0,1.2773109243697478,0.20631092436974788,0.11659663865546219,0.25634453781512606,14.510625,60.0,13.0,76.0
Devin Durrant,63,317.0,5.031746031746032,132.0,2.0952380952380953,85.0,1.3492063492063493,0.3841269841269841,0.0,0.3674920634920635,12.80952380952381,23.0,10.0,81.0
Devin Ebanks,226,427.0,1.8893805309734513,199.0,0.8805309734513275,41.0,0.18141592920353983,0.14004867256637168,0.0448362831858407,0.13893805309734514,11.851063829787234,27.0,23.0,54.0
Devin Gray,74,67.0,0.9054054054054054,39.0,0.527027027027027,7.0,0.0945945945945946,0.11495945945945946,0.0,0.10135135135135136,5.962962962962963,9.0,3.0,9.0
Devin Green,98,161.0,1.6428571428571428,71.0,0.7244897959183674,38.0,0.3877551020408163,0.15332653061224488,0.05102040816326531,0.1700612244897959,10.054545454545455,23.0,8.0,32.0
Devin Harris,1189,11850.0,9.974747474747474,2406.0,2.025252525252525,4260.0,3.585858585858586,0.39166498316498316,0.22111868686868688,0.5819183501683501,23.537620751341684,1119.0,220.0,1902.0
Devin Robinson,31,77.0,2.6551724137931036,32.0,1.103448275862069,7.0,0.2413793103448276,0.21368965517241378,0.034482758620689655,0.13217241379310346,12.88888888888889,7.0,8.0,2.0
Devin Searcy,2,4.0,2.0,4.0,2.0,0.0,0.0,0.6665,0.0,0.0,4.5,0.0,0.0,0.0
Devin Smith,2,15.0,7.5,11.0,5.5,2.0,1.0,0.381,0.125,0.0,,1.0,1.0,2.0
Devin Sweetney,7,5.0,0.7142857142857143,3.0,0.42857142857142855,0.0,0.0,0.09528571428571429,0.0,0.07142857142857142,2.5,1.0,0.0,0.0
Devin Vassell,430,5785.0,13.453488372093023,1612.0,3.7488372093023257,1059.0,2.4627906976744187,0.4101581395348837,0.3365720930232558,0.4965116279069767,27.970169082125604,429.0,180.0,435.0
Devin Williams,1,0.0,0.0,0.0,0.0,0.0,0.0,0.0,0.0,0.0,,0.0,0.0,0.0
Devon Dotson,79,67.0,0.8481012658227848,35.0,0.4430379746835443,39.0,0.4936708860759494,0.14555696202531646,0.053164556962025315,0.04113924050632911,6.114285714285714,12.0,1.0,10.0
Devon Hall,31,52.0,1.6774193548387097,14.0,0.45161290322580644,21.0,0.6774193548387096,0.12419354838709677,0.0967741935483871,0.06451612903225806,8.375,5.0,1.0,9.0
Devontae Cacok,94,204.0,2.1702127659574466,142.0,1.5106382978723405,15.0,0.1595744680851064,0.28372340425531917,0.010638297872340425,0.08640425531914893,8.16,20.0,13.0,15.0
Devontae Shuler,1,0.0,0.0,0.0,0.0,0.0,0.0,0.0,0.0,0.0,,0.0,0.0,0.0
Devonte' Graham,469,4015.0,8.61587982832618,831.0,1.7832618025751072,1529.0,3.281115879828326,0.28034549356223176,0.248225321888412,0.38040987124463516,23.69212938005391,277.0,55.0,519.0
Devyn Marble,98,196.0,2.0,99.0,1.010204081632653,49.0,0.5,0.15496938775510202,0.08587755102040817,0.11431632653061224,11.089285714285714,33.0,5.0,28.0
Dewan Hernandez,25,29.0,1.16,36.0,1.44,7.0,0.28,0.10888,0.04,0.11732,6.363636363636363,1.0,3.0,6.0
Dewayne Dedmon,718,3572.0,5.002801120448179,3292.0,4.610644257703081,386.0,0.5406162464985994,0.4064201680672269,0.1048389355742297,0.299359943977591,16.318493150684933,279.0,461.0,570.0
Dewayne Scales,49,224.0,4.571428571428571,139.0,2.836734693877551,10.0,0.20408163265306123,0.2859795918367347,0.02040816326530612,0.20575510204081635,10.36734693877551,4.0,4.0,18.0
Dexter Boney,9,19.0,2.111111111111111,6.0,0.6666666666666666,0.0,0.0,0.12222222222222223,0.05555555555555555,0.25,5.125,2.0,1.0,1.0
Dexter Cambridge,53,370.0,6.981132075471698,167.0,3.150943396226415,58.0,1.0943396226415094,0.4605283018867925,0.0,0.44318867924528305,16.69811320754717,24.0,6.0,63.0
Dexter Dennis,13,36.0,2.769230769230769,13.0,1.0,5.0,0.38461538461538464,0.1856153846153846,0.08969230769230768,0.07692307692307693,8.285714285714286,3.0,3.0,3.0
Dexter Pittman,136,157.0,1.1544117647058822,124.0,0.9117647058823529,10.0,0.07352941176470588,0.13981617647058825,0.0,0.06740441176470588,6.96969696969697,11.0,13.0,43.0
Dexter Shouse,3,0.0,0.0,0.0,0.0,2.0,0.6666666666666666,0.0,0.0,0.0,6.0,1.0,1.0,2.0
Deyonta Davis,164,472.0,2.8780487804878048,370.0,2.2560975609756095,52.0,0.3170731707317073,0.3169268292682927,0.0,0.1388231707317073,11.469565217391304,23.0,68.0,49.0
Dez Wells,6,1.0,0.16666666666666666,1.0,0.16666666666666666,0.0,0.0,0.0,0.0,0.08333333333333333,,1.0,0.0,0.0
Diamon Simpson,1,0.0,0.0,0.0,0.0,0.0,0.0,0.0,0.0,0.0,,0.0,0.0,0.0
Diamond Stone,30,22.0,0.7333333333333333,16.0,0.5333333333333333,0.0,0.0,0.10553333333333333,0.0,0.08889999999999999,4.615384615384615,2.0,4.0,5.0
Diante Garrett,139,322.0,2.316546762589928,119.0,0.8561151079136691,172.0,1.2374100719424461,0.23197122302158274,0.16377697841726618,0.07014388489208633,12.333333333333334,54.0,5.0,102.0
Dick Barnett,1074,16935.0,15.768156424581006,2520.0,2.346368715083799,2270.0,2.1135940409683425,0.36875232774674116,0.0,0.6625577281191807,20.783054003724395,0.0,0.0,0.0
Dick Bunt,12,29.0,2.4166666666666665,0.0,0.0,0.0,0.0,0.0,0.0,0.21716666666666665,0.0,0.0,0.0,0.0
Dick Cunningham,387,1059.0,2.7364341085271318,1177.0,3.041343669250646,180.0,0.46511627906976744,0.2600439276485788,0.0,0.2288501291989664,7.555555555555555,1.0,2.0,0.0
Dick Dickey,33,102.0,3.090909090909091,6.0,0.18181818181818182,18.0,0.5454545454545454,0.12833333333333333,0.0,0.5115454545454545,3.606060606060606,0.0,0.0,0.0
Dick Duckett,34,132.0,3.8823529411764706,7.0,0.20588235294117646,1.0,0.029411764705882353,0.014705882352941176,0.0,0.4068823529411765,0.9117647058823529,0.0,0.0,0.0
Dick Eichhorst,1,2.0,2.0,1.0,1.0,3.0,3.0,0.5,0.0,0.0,10.0,0.0,0.0,0.0
Dick Farley,234,1532.0,6.547008547008547,389.0,1.6623931623931625,277.0,1.1837606837606838,0.24396581196581196,0.0,0.506576923076923,10.965811965811966,0.0,0.0,0.0
Dick Garmaker,449,5935.0,13.21826280623608,622.0,1.3853006681514477,266.0,0.5924276169265034,0.14252338530066816,0.0,0.7302806236080178,3.3028953229398663,0.0,0.0,0.0
Dick Gibbs,344,1757.0,5.107558139534884,597.0,1.7354651162790697,248.0,0.7209302325581395,0.313671511627907,0.0,0.36776162790697675,10.895348837209303,18.0,9.0,0.0
Dick Groat,20,259.0,12.95,0.0,0.0,0.0,0.0,0.03665,0.0,0.8272,0.0,0.0,0.0,0.0
Dick Hemric,143,884.0,6.181818181818182,295.0,2.062937062937063,59.0,0.4125874125874126,0.21002797202797202,0.0,0.5467272727272727,8.090909090909092,0.0,0.0,0.0
Dick Holub,16,153.0,9.5625,0.0,0.0,1.0,0.0625,0.04675,0.0,0.1311875,0.0,0.0,0.0,0.0
Dick Knostman,4,13.0,3.25,16.0,4.0,6.0,1.5,0.25,0.0,0.5,10.0,0.0,0.0,0.0
Dick McGuire,718,5674.0,7.9025069637883005,653.0,0.9094707520891365,1537.0,2.1406685236768803,0.14162674094707522,0.0,0.5708760445682451,3.6559888579387185,0.0,0.0,0.0
Dick Mehen,89,791.0,8.887640449438202,2.0,0.02247191011235955,12.0,0.1348314606741573,0.023955056179775284,0.0,0.5522022471910113,0.9550561797752809,0.0,0.0,0.0
Dick Miller,8,8.0,1.0,7.0,0.875,5.0,0.625,0.1875,0.0,0.0,6.625,1.0,0.0,2.0
Dick Murphy,4,4.0,1.0,0.0,0.0,0.0,0.0,0.0,0.0,0.0,0.0,0.0,0.0,0.0
Dick Ricketts,214,1992.0,9.30841121495327,321.0,1.5,96.0,0.4485981308411215,0.1053177570093458,0.0,0.5870373831775701,3.3271028037383177,0.0,0.0,0.0
Dick Rosenthal,95,650.0,6.842105263157895,15.0,0.15789473684210525,12.0,0.12631578947368421,0.0416,0.0,0.4738421052631579,1.063157894736842,0.0,0.0,0.0
Dick Schnittker,364,2876.0,7.9010989010989015,256.0,0.7032967032967034,104.0,0.2857142857142857,0.13404945054945056,0.0,0.6944972527472527,2.6373626373626373,0.0,0.0,0.0
Dick Schulz,1,1.0,1.0,0.0,0.0,0.0,0.0,0.0,0.0,0.5,0.0,0.0,0.0,0.0
Dick Shrider,1,0.0,0.0,0.0,0.0,0.0,0.0,0.0,0.0,0.0,0.0,0.0,0.0,0.0
Dick Snyder,995,11979.0,12.039195979899498,2765.0,2.778894472361809,2794.0,2.808040201005025,0.4527778894472362,0.0,0.5799547738693467,25.785929648241208,221.0,137.0,58.0
Dick Surhoff,54,163.0,3.0185185185185186,6.0,0.1111111111111111,3.0,0.05555555555555555,0.10288888888888889,0.0,0.4154259259259259,0.8518518518518519,0.0,0.0,0.0
Dick Triptow,25,180.0,7.2,0.0,0.0,0.0,0.0,0.0,0.0,0.56292,0.0,0.0,0.0,0.0
Dick Van Arsdale,958,15431.0,16.10751565762004,3551.0,3.7066805845511483,2971.0,3.1012526096033404,0.4296659707724426,0.0,0.7261764091858037,31.39457202505219,190.0,33.0,0.0
Dickey Simpkins,394,1402.0,3.5583756345177666,1200.0,3.045685279187817,308.0,0.7817258883248731,0.3082335025380711,0.005076142131979695,0.28105583756345176,15.223529411764705,93.0,61.0,371.0
Didi Louzada,41,54.0,1.3170731707317074,28.0,0.6829268292682927,10.0,0.24390243902439024,0.11826829268292684,0.13658536585365852,0.024390243902439025,12.8125,7.0,2.0,10.0
Dijon Thompson,72,59.0,0.8194444444444444,22.0,0.3055555555555556,3.0,0.041666666666666664,0.11759722222222223,0.04397222222222222,0.0625,5.095238095238095,3.0,1.0,5.0
Dikembe Mutombo,1462,12740.0,8.714090287277703,13461.0,9.207250341997264,1324.0,0.905608755129959,0.43203214774281806,0.0,0.505655266757866,30.18257575757576,541.0,3561.0,2346.0
Dillard Crocker,72,468.0,6.5,0.0,0.0,5.0,0.06944444444444445,0.01898611111111111,0.0,0.5694583333333333,0.4444444444444444,0.0,0.0,0.0
Dillon Brooks,641,9093.0,14.252351097178684,2011.0,3.152037617554859,1217.0,1.9075235109717867,0.3994420062695925,0.32573510971786834,0.5415344827586207,28.944178861788615,563.0,149.0,911.0
Dillon Jones,114,229.0,2.008771929824561,179.0,1.5701754385964912,87.0,0.7631578947368421,0.17115789473684212,0.10364912280701755,0.09868421052631579,9.35227848101266,33.0,9.0,50.0
Dillon Stith,3,11.0,3.6666666666666665,5.0,1.6666666666666667,1.0,0.3333333333333333,0.4286666666666667,0.3333333333333333,0.3333333333333333,,2.0,0.0,2.0
Dino Radja,235,3793.0,16.140425531914893,1911.0,8.13191489361702,365.0,1.553191489361702,0.4728425531914893,0.0,0.6095659574468084,32.666666666666664,205.0,287.0,504.0
Dion Dowell,1,0.0,0.0,1.0,1.0,1.0,1.0,0.0,0.0,0.0,11.0,0.0,3.0,0.0
Dion Glover,388,2423.0,6.244845360824742,898.0,2.314432989690722,458.0,1.1804123711340206,0.2812061855670103,0.1535979381443299,0.34040979381443304,20.301694915254238,233.0,65.0,370.0
Dion Waiters,552,6167.0,11.212727272727273,1257.0,2.2854545454545456,1325.0,2.409090909090909,0.35451636363636363,0.27047818181818184,0.42495636363636363,27.018633540372672,435.0,124.0,880.0
Dionte Christmas,104,136.0,1.2952380952380953,65.0,0.6190476190476191,25.0,0.23809523809523808,0.11415238095238096,0.08079047619047619,0.10665714285714285,7.6938775510204085,13.0,3.0,20.0
Dirk Minniefield,241,1217.0,5.049792531120332,371.0,1.5394190871369295,858.0,3.5601659751037342,0.40726141078838174,0.08506224066390042,0.28435684647302906,16.09128630705394,200.0,11.0,372.0
Dirk Nowitzki,1810,36342.0,20.10066371681416,13361.0,7.389933628318584,4146.0,2.293141592920354,0.4505597345132743,0.3197284292035398,0.7540696902654866,33.34507155123068,1420.0,1459.0,2935.0
Dmytro Skapintsev,11,10.0,0.9090909090909091,4.0,0.36363636363636365,0.0,0.0,0.18181818181818182,0.0,0.13636363636363635,6.203333333333333,2.0,3.0,2.0
Doc Rivers,946,10312.0,10.900634249471459,2898.0,3.063424947145877,5366.0,5.6723044397463,0.4275687103594081,0.18667441860465114,0.6020158562367864,27.45877378435518,1679.0,372.0,1808.0
Dolph Schayes,1001,18882.0,18.863136863136862,8513.0,8.504495504495505,1434.0,1.4325674325674325,0.21736663336663337,0.0,0.8295864135864136,12.457542457542457,0.0,0.0,0.0
Dom Kelman-Poto,2,0.0,0.0,1.0,1.0,0.0,0.0,0.0,0.0,0.0,,0.0,0.0,1.0
Domantas Sabonis,746,11516.0,15.478494623655914,7649.0,10.280913978494624,3465.0,4.657258064516129,0.5357459677419355,0.2238709677419355,0.5842096774193548,29.74942386831276,568.0,328.0,1862.0
Dominic McGuire,439,1023.0,2.3302961275626424,1288.0,2.9339407744874717,475.0,1.082004555808656,0.27695444191343965,0.007972665148063782,0.16138268792710705,15.031413612565444,169.0,213.0,278.0
Dominic Pressley,13,23.0,1.7692307692307692,15.0,1.1538461538461537,26.0,2.0,0.2070769230769231,0.0,0.1346153846153846,9.538461538461538,4.0,0.0,11.0
Dominick Barlow,239,1055.0,4.414225941422594,704.0,2.9456066945606696,175.0,0.7322175732217573,0.38428033472803347,0.09448953974895397,0.274602510460251,16.454771929824563,99.0,111.0,91.0
Dominique Jones,163,369.0,2.263803680981595,157.0,0.9631901840490797,195.0,1.196319018404908,0.1545153374233129,0.018404907975460124,0.20623926380368096,10.515463917525773,42.0,10.0,111.0
Dominique Wilkins,1178,28141.0,23.888794567062817,7555.0,6.413412563667233,2821.0,2.3947368421052633,0.43304668930390494,0.18330730050933786,0.7315449915110357,35.57369814651368,1428.0,682.0,2780.0
Don Adams,509,4392.0,8.628683693516699,2567.0,5.043222003929273,807.0,1.5854616895874263,0.31270137524557956,0.0,0.4681689587426326,20.941060903732808,94.0,19.0,0.0
Don Anielak,1,3.0,3.0,2.0,2.0,0.0,0.0,0.0,0.0,0.75,10.0,0.0,0.0,0.0
Don Barksdale,139,1223.0,8.798561151079136,340.0,2.446043165467626,136.0,0.9784172661870504,0.18893525179856116,0.0,0.5419136690647482,9.97841726618705,0.0,0.0,0.0
Don Bielke,7,14.0,2.0,1.0,0.14285714285714285,0.0,0.0,0.0,0.0,0.23814285714285716,1.5714285714285714,0.0,0.0,0.0
Don Boven,96,835.0,8.697916666666666,0.0,0.0,7.0,0.07291666666666667,0.033229166666666664,0.0,0.6224999999999999,0.84375,0.0,0.0,0.0
Don Buse,682,4712.0,6.909090909090909,1597.0,2.341642228739003,3039.0,4.456011730205279,0.42197214076246337,0.1316217008797654,0.38155278592375363,26.403225806451612,1099.0,89.0,551.0
Don Carlson,58,392.0,6.758620689655173,0.0,0.0,7.0,0.1206896551724138,0.05701724137931034,0.0,0.4478620689655172,0.0,0.0,0.0,0.0
Don Chaney,812,6786.0,8.357142857142858,3052.0,3.7586206896551726,1689.0,2.0800492610837438,0.3900529556650246,0.0012315270935960591,0.47526600985221673,22.41625615763547,244.0,68.0,111.0
Don Collins,333,3096.0,9.297297297297296,862.0,2.5885885885885886,551.0,1.6546546546546546,0.4349279279279279,0.006006006006006006,0.4655165165165165,18.843843843843842,182.0,68.0,322.0
Don Eliason,1,0.0,0.0,0.0,0.0,0.0,0.0,0.0,0.0,0.0,0.0,0.0,0.0,0.0
Don Ford,494,3160.0,6.396761133603239,1776.0,3.5951417004048585,690.0,1.3967611336032388,0.414497975708502,0.0020242914979757085,0.31486032388663965,19.7165991902834,227.0,125.0,250.0
Don Henriksen,63,321.0,5.095238095238095,106.0,1.6825396825396826,13.0,0.20634920634920634,0.09917460317460318,0.0,0.5023809523809524,4.412698412698413,0.0,0.0,0.0
Don Kojis,828,10148.0,12.256038647342995,3934.0,4.751207729468599,927.0,1.1195652173913044,0.35213043478260875,0.0,0.5509057971014493,14.01086956521739,16.0,0.0,0.0
Don Lofgran,97,493.0,5.082474226804123,20.0,0.20618556701030927,18.0,0.18556701030927836,0.04627835051546392,0.0,0.419,1.422680412371134,0.0,0.0,0.0
Don MacLean,410,3490.0,8.512195121951219,1210.0,2.951219512195122,404.0,0.9853658536585366,0.3110414634146341,0.08450487804878049,0.409490243902439,20.79937304075235,118.0,51.0,398.0
Don May,392,3380.0,8.622448979591837,1260.0,3.2142857142857144,375.0,0.9566326530612245,0.35542602040816323,0.0,0.45462755102040814,15.130102040816327,3.0,3.0,0.0
Don Meineke,345,2273.0,6.58840579710145,179.0,0.518840579710145,54.0,0.1565217391304348,0.08869855072463768,0.0,0.5917913043478261,1.4782608695652173,0.0,0.0,0.0
Don Nelson,1202,12469.0,10.373544093178037,5248.0,4.366056572379367,1492.0,1.2412645590682196,0.40249833610648916,0.0,0.6207454242928452,16.24875207986689,18.0,6.0,0.0
Don Ohl,779,12399.0,15.916559691912708,1507.0,1.9345314505776636,1226.0,1.5738125802310654,0.2872798459563543,0.0,0.6355404364569962,12.58408215661104,0.0,0.0,0.0
Don Otten,128,1292.0,10.09375,79.0,0.6171875,5.0,0.0390625,0.0364921875,0.0,0.735546875,0.3828125,0.0,0.0,0.0
Don Ray,17,115.0,6.764705882352941,0.0,0.0,0.0,0.0,0.0,0.0,0.5982941176470588,0.0,0.0,0.0,0.0
Don Rehfeldt,23,155.0,6.739130434782608,0.0,0.0,0.0,0.0,0.02065217391304348,0.0,0.7463913043478262,0.9565217391304348,0.0,0.0,0.0
Don Reid,535,1484.0,2.7738317757009345,1192.0,2.22803738317757,145.0,0.27102803738317754,0.3205233644859813,0.0,0.21748971962616823,12.708133971291867,184.0,288.0,256.0
Don Savage,13,37.0,2.8461538461538463,2.0,0.15384615384615385,3.0,0.23076923076923078,0.07692307692307693,0.0,0.4076153846153846,0.0,0.0,0.0,0.0
Don Smith,54,283.0,5.2407407407407405,30.0,0.5555555555555556,45.0,0.8333333333333334,0.3498888888888889,0.0,0.16666666666666666,8.666666666666666,5.0,0.0,0.0
Don Sunderlage,104,800.0,7.6923076923076925,27.0,0.25961538461538464,39.0,0.375,0.06404807692307692,0.0,0.525673076923077,2.4615384615384617,0.0,0.0,0.0
Don Williams,77,506.0,6.571428571428571,103.0,1.3376623376623376,173.0,2.2467532467532467,0.39131168831168833,0.0,0.21183116883116884,22.844155844155843,58.0,5.0,55.0
Donald Ackerman,27,42.0,1.5555555555555556,6.0,0.2222222222222222,13.0,0.48148148148148145,0.04977777777777778,0.0,0.19444444444444445,3.740740740740741,0.0,0.0,0.0
Donald Hodge,249,1182.0,4.746987951807229,809.0,3.248995983935743,191.0,0.7670682730923695,0.36532530120481926,0.0133855421686747,0.32833734939759035,14.060240963855422,84.0,95.0,236.0
Donald Royal,571,3268.0,5.723292469352014,1483.0,2.597197898423818,516.0,0.9036777583187391,0.3859089316987741,0.0,0.5029036777583188,16.340740740740742,253.0,102.0,567.0
Donald Sloan,373,1363.0,3.6837837837837837,503.0,1.3594594594594596,725.0,1.9594594594594594,0.2166,0.11892702702702702,0.21467027027027027,16.725409836065573,104.0,11.0,262.0
Donald Smith,4,5.0,1.25,0.0,0.0,0.0,0.0,0.0,0.0,0.125,0.0,0.0,0.0,0.0
Donald Whiteside,35,61.0,1.7428571428571429,13.0,0.37142857142857144,37.0,1.0571428571428572,0.2500857142857143,0.17145714285714286,0.14285714285714285,8.733333333333333,11.0,0.0,18.0
Donatas Motiejunas,371,2133.0,5.749326145552561,1105.0,2.9784366576819408,300.0,0.8086253369272237,0.32145013477088946,0.15823719676549866,0.26804851752021563,17.526501766784452,139.0,93.0,342.0
Donell Taylor,167,409.0,2.4491017964071857,148.0,0.8862275449101796,127.0,0.7604790419161677,0.23542514970059883,0.04091616766467066,0.18752694610778442,9.536585365853659,64.0,9.0,100.0
Dong Hanlin,3,1.0,0.5,6.0,3.0,1.0,0.5,0.0,0.0,0.25,,1.0,0.0,5.0
Donnell Harvey,286,1162.0,4.062937062937063,845.0,2.9545454545454546,167.0,0.583916083916084,0.269993006993007,0.0034965034965034965,0.2752132867132867,15.528571428571428,98.0,80.0,214.0
Donnie Boyce,66,79.0,1.196969696969697,25.0,0.3787878787878788,16.0,0.24242424242424243,0.15895454545454546,0.05807575757575758,0.0946969696969697,5.967741935483871,13.0,5.0,22.0
Donnie Butcher,274,1698.0,6.197080291970803,465.0,1.697080291970803,226.0,0.8248175182481752,0.19618978102189782,0.0,0.5158722627737226,4.846715328467154,0.0,0.0,0.0
Donnie Forman,21,72.0,3.4285714285714284,0.0,0.0,0.0,0.0,0.0,0.0,0.42857142857142855,0.0,0.0,0.0,0.0
Donnie Freeman,64,689.0,10.765625,181.0,2.828125,171.0,2.671875,0.3774375,0.0,0.615640625,22.65625,43.0,9.0,0.0
Donny Marshall,194,296.0,1.5257731958762886,121.0,0.6237113402061856,36.0,0.18556701030927836,0.15175257731958763,0.11503092783505155,0.13927835051546392,7.031496062992126,37.0,5.0,45.0
Donovan Clingan,179,1487.0,8.307262569832401,1554.0,8.681564245810057,264.0,1.4748603351955307,0.45499441340782126,0.2059217877094972,0.3470335195530726,23.14253668763103,84.0,261.0,179.0
Donovan Mitchell,750,18096.0,24.28993288590604,3165.0,4.248322147651007,3424.0,4.595973154362416,0.43918120805369126,0.34843221476510067,0.7420026845637584,33.104465841357175,996.0,232.0,1965.0
Donovan Williams,7,11.0,1.5714285714285714,6.0,0.8571428571428571,0.0,0.0,0.17857142857142858,0.14285714285714285,0.0,2.0,1.0,0.0,3.0
Donta Hall,44,121.0,2.75,108.0,2.4545454545454546,15.0,0.3409090909090909,0.342,0.0,0.2215909090909091,11.714285714285714,10.0,19.0,14.0
Donta Smith,98,234.0,2.3877551020408165,104.0,1.0612244897959184,79.0,0.8061224489795918,0.20231632653061227,0.04931632653061225,0.1558469387755102,10.16,38.0,7.0,47.0
Dontae' Jones,39,44.0,1.1282051282051282,9.0,0.23076923076923078,5.0,0.1282051282051282,0.09023076923076924,0.03023076923076923,0.0,5.666666666666667,2.0,3.0,11.0
Dontaye Draper,1,2.0,2.0,0.0,0.0,0.0,0.0,1.0,0.0,0.0,2.0,0.0,0.0,0.0
Donte DiVincenzo,617,6263.0,10.183739837398374,2437.0,3.96260162601626,1745.0,2.83739837398374,0.3840081300813008,0.3280910569105691,0.3192861788617886,25.39533903133903,691.0,177.0,848.0
Donte Grantham,15,3.0,0.2,4.0,0.26666666666666666,5.0,0.3333333333333333,0.03333333333333333,0.03333333333333333,0.0,1.25,0.0,0.0,1.0
Donte Greene,321,1650.0,5.140186915887851,650.0,2.0249221183800623,192.0,0.5981308411214953,0.2948255451713396,0.18247040498442368,0.24547040498442368,16.31135531135531,122.0,125.0,239.0
Dontell Jefferson,15,45.0,3.0,19.0,1.2666666666666666,19.0,1.2666666666666666,0.42,0.06666666666666667,0.26666666666666666,10.666666666666666,9.0,3.0,12.0
Dontonio Wingfield,161,455.0,2.8260869565217392,291.0,1.8074534161490683,81.0,0.5031055900621118,0.2414223602484472,0.1510248447204969,0.16977018633540372,9.754098360655737,40.0,15.0,94.0
Donyell Marshall,1146,11236.0,9.804537521815009,6713.0,5.857766143106457,1371.0,1.1963350785340314,0.35943717277486914,0.23718935427574173,0.40184816753926705,25.14936954413191,839.0,888.0,1364.0
Doral Moore,5,2.0,1.0,1.0,0.5,0.0,0.0,0.0,0.0,0.5,2.0,0.0,0.0,0.0
Dorell Wright,752,5009.0,6.660904255319149,2288.0,3.0425531914893615,945.0,1.2566489361702127,0.30605585106382976,0.19146010638297872,0.31975,21.408723747980613,480.0,310.0,554.0
Dorian Finney-Smith,751,5624.0,7.498666666666667,3111.0,4.148,1012.0,1.3493333333333333,0.3870706666666667,0.3122453333333333,0.25815066666666664,26.82194128787879,560.0,300.0,620.0
Dorie Murrey,374,1716.0,4.588235294117647,1504.0,4.021390374331551,218.0,0.5828877005347594,0.32281016042780747,0.0,0.4089545454545455,10.042780748663102,0.0,0.0,0.0
Doron Lamb,148,386.0,2.608108108108108,99.0,0.668918918918919,79.0,0.5337837837837838,0.25602027027027024,0.15875,0.1304324324324324,12.280373831775702,24.0,1.0,56.0
Double D Davis,351,2988.0,8.512820512820513,1871.0,5.330484330484331,488.0,1.3903133903133904,0.39484615384615385,0.0,0.5143133903133903,19.871794871794872,84.0,84.0,0.0
Doug Bolstorff,4,4.0,1.0,0.0,0.0,0.0,0.0,0.125,0.0,0.0,1.25,0.0,0.0,0.0
Doug Christie,921,9892.0,10.740499457111834,3685.0,4.001085776330076,3233.0,3.510314875135722,0.3978327904451683,0.2563127035830619,0.5702649294245387,31.074944071588366,1659.0,423.0,1847.0
Doug Collins,449,8140.0,18.129175946547885,1450.0,3.2293986636971046,1450.0,3.2293986636971046,0.46727394209354123,0.0,0.7311692650334076,31.85523385300668,208.0,56.0,207.0
Doug Edwards,87,203.0,2.3333333333333335,153.0,1.7586206896551724,60.0,0.6896551724137931,0.3306896551724138,0.0,0.2683793103448276,9.666666666666666,17.0,28.0,57.0
Doug Kistler,5,8.0,1.6,0.0,0.0,0.0,0.0,0.2,0.0,0.2666,0.0,0.0,0.0,0.0
Doug Lee,75,168.0,2.24,42.0,0.56,33.0,0.44,0.29216,0.13221333333333335,0.1276,5.613333333333333,17.0,6.0,20.0
Doug McDermott,953,6778.0,7.127234490010515,1685.0,1.7718191377497372,759.0,0.7981072555205048,0.35512197686645636,0.2844963196635121,0.2623312302839117,18.674690594059406,169.0,77.0,510.0
Doug Overton,574,2263.0,3.942508710801394,657.0,1.1445993031358885,1040.0,1.8118466898954704,0.29662717770034847,0.0900226480836237,0.2610034843205575,14.336,203.0,19.0,474.0
Doug Roth,42,81.0,1.9285714285714286,120.0,2.857142857142857,20.0,0.47619047619047616,0.2774047619047619,0.0,0.08333333333333333,9.80952380952381,8.0,13.0,16.0
Doug Sims,4,4.0,1.0,4.0,1.0,0.0,0.0,0.33325,0.0,0.0,1.0,0.0,0.0,0.0
Doug Smith,296,2356.0,7.95945945945946,1234.0,4.168918918918919,400.0,1.3513513513513513,0.3840439189189189,0.006192567567567567,0.3541621621621621,19.70608108108108,224.0,150.0,353.0
Doug Thomas,1,0.0,0.0,0.0,0.0,0.0,0.0,0.0,0.0,0.0,2.0,0.0,1.0,0.0
Doug West,744,6510.0,8.75,1674.0,2.25,1298.0,1.7446236559139785,0.396614247311828,0.033376344086021505,0.4438602150537635,24.539027982326953,461.0,190.0,824.0
Dragan Bender,257,1132.0,4.43921568627451,809.0,3.172549019607843,263.0,1.031372549019608,0.27002745098039216,0.21104705882352942,0.16779607843137254,19.612745098039216,58.0,125.0,225.0
Dragan Tarlac,67,103.0,1.537313432835821,122.0,1.8208955223880596,31.0,0.4626865671641791,0.22974626865671643,0.0,0.1355820895522388,13.465116279069768,7.0,19.0,38.0
Drake Jeffries,1,0.0,0.0,0.0,0.0,0.0,0.0,0.0,0.0,0.0,,0.0,0.0,0.0
Drake Powell,73,420.0,5.7534246575342465,115.0,1.5753424657534247,95.0,1.3013698630136987,0.350027397260274,0.20091780821917807,0.3972602739726027,20.272727272727273,37.0,14.0,62.0
Draymond Green,1260,10570.0,8.395552025416997,8252.0,6.554408260524226,6571.0,5.2192216044479744,0.4005416997617156,0.23850357426528992,0.4246465448768864,28.63849535080304,1578.0,1192.0,2797.0
Drazen Petrovic,319,4758.0,14.915360501567399,720.0,2.25705329153605,743.0,2.329153605015674,0.4759561128526646,0.2837962382445141,0.615846394984326,25.94984326018809,277.0,28.0,645.0
Drew Barry,92,134.0,1.4565217391304348,68.0,0.7391304347826086,111.0,1.2065217391304348,0.20381521739130437,0.16505434782608697,0.11231521739130435,9.306451612903226,19.0,2.0,55.0
Drew Crawford,10,40.0,4.0,14.0,1.4,3.0,0.3,0.23020000000000002,0.2,0.4,16.166666666666668,5.0,1.0,4.0
Drew Eubanks,579,2594.0,4.503472222222222,1974.0,3.4270833333333335,429.0,0.7447916666666666,0.42835243055555555,0.03110590277777778,0.2956128472222222,14.532559652928416,164.0,366.0,384.0
Drew Gooden,1104,9833.0,8.906702898550725,6383.0,5.781702898550725,995.0,0.9012681159420289,0.3585353260869565,0.04770380434782608,0.45974728260869563,24.50437636761488,607.0,547.0,1328.0
Drew Gordon,18,64.0,3.5555555555555554,43.0,2.388888888888889,4.0,0.2222222222222222,0.4078333333333333,0.0,0.1065,10.6,6.0,2.0,12.0
Drew Naymick,2,0.0,0.0,2.0,1.0,0.0,0.0,0.0,0.0,0.0,8.0,0.0,0.0,0.0
Drew Neitzel,2,7.0,3.5,1.0,0.5,2.0,1.0,0.25,0.25,0.0,9.0,0.0,0.0,0.0
Drew Peterson,68,117.0,1.7205882352941178,67.0,0.9852941176470589,22.0,0.3235294117647059,0.20897058823529413,0.16617647058823531,0.06323529411764706,8.649268292682926,14.0,3.0,15.0
Drew Timme,55,210.0,3.8181818181818183,106.0,1.9272727272727272,46.0,0.8363636363636363,0.28596363636363636,0.14805454545454547,0.12727272727272726,12.579756097560976,11.0,1.0,31.0
Dru Smith,179,690.0,3.8547486033519553,292.0,1.6312849162011174,294.0,1.6424581005586592,0.29768715083798886,0.19439664804469273,0.26946927374301677,15.388384615384615,160.0,42.0,108.0
Duane Causwell,741,2659.0,3.5883940620782724,2285.0,3.0836707152496627,245.0,0.33063427800269907,0.3059865047233468,0.002699055330634278,0.24810661268556006,17.114754098360656,221.0,767.0,503.0
Duane Cooper,90,204.0,2.2666666666666666,61.0,0.6777777777777778,179.0,1.988888888888889,0.30046666666666666,0.07036666666666667,0.1811111111111111,8.722222222222221,21.0,2.0,89.0
Duane Ferrell,651,3884.0,5.966205837173579,1205.0,1.8509984639016897,546.0,0.8387096774193549,0.3774992319508449,0.051457757296466976,0.3780983102918587,14.805510534846029,311.0,110.0,534.0
Duane Jr.,1,0.0,,0.0,,0.0,,,,,,0.0,0.0,0.0
Duane Klueh,55,381.0,6.927272727272728,6.0,0.10909090909090909,11.0,0.2,0.03392727272727273,0.0,0.5710545454545455,0.0,0.0,0.0,0.0
Duane Washington,19,54.0,2.8421052631578947,24.0,1.263157894736842,39.0,2.0526315789473686,0.19331578947368422,0.07894736842105263,0.231,9.68421052631579,13.0,0.0,11.0
Duane Washington Jr.,121,792.0,6.545454545454546,127.0,1.0495867768595042,169.0,1.396694214876033,0.2535454545454546,0.20639669421487603,0.2401818181818182,16.273370786516853,35.0,7.0,110.0
Dudley Bradley,630,3203.0,5.084126984126984,1107.0,1.7571428571428571,1169.0,1.8555555555555556,0.35146666666666665,0.08056349206349207,0.3353555555555556,16.485714285714284,862.0,159.0,525.0
Duje Dukan,16,9.0,0.5625,5.0,0.3125,1.0,0.0625,0.04375,0.05625,0.0,16.0,1.0,0.0,0.0
Duncan Robinson,684,6841.0,10.045521292217327,1584.0,2.3259911894273126,1120.0,1.644640234948605,0.3755594713656388,0.3421997063142438,0.30401027900146843,24.87721953837896,333.0,116.0,591.0
Duop Reath,213,971.0,4.55868544600939,411.0,1.9295774647887325,112.0,0.5258215962441315,0.29306103286384977,0.22270892018779342,0.181981220657277,12.96974193548387,57.0,64.0,84.0
Durand Scott,3,2.0,0.6666666666666666,0.0,0.0,1.0,0.3333333333333333,0.16666666666666666,0.0,0.0,6.0,1.0,0.0,1.0
Durrell Summers,2,2.0,1.0,2.0,1.0,0.0,0.0,0.1665,0.0,0.0,5.0,1.0,1.0,1.0
Dusty Hannahs,6,24.0,4.0,2.0,0.3333333333333333,5.0,0.8333333333333334,0.331,0.11116666666666668,0.3333333333333333,8.2,1.0,0.0,1.0
Dwayne Bacon,301,1733.0,5.7959866220735785,619.0,2.0702341137123748,275.0,0.919732441471572,0.25727090301003347,0.15772240802675586,0.3017224080267559,19.11061946902655,103.0,17.0,159.0
Dwayne Jones,180,153.0,0.85,287.0,1.5944444444444446,18.0,0.1,0.14583333333333334,0.0,0.11388888888888889,7.7368421052631575,12.0,40.0,45.0
Dwayne McClain,45,157.0,3.488888888888889,29.0,0.6444444444444445,67.0,1.488888888888889,0.3072666666666667,0.022222222222222223,0.12984444444444446,10.244444444444444,36.0,4.0,39.0
Dwayne Morton,41,167.0,4.073170731707317,58.0,1.4146341463414633,18.0,0.43902439024390244,0.32634146341463416,0.12602439024390244,0.3332195121951219,9.634146341463415,11.0,15.0,27.0
Dwayne Polee,1,2.0,2.0,0.0,0.0,0.0,0.0,0.25,0.0,0.0,6.0,1.0,0.0,1.0
Dwayne Schintzius,265,616.0,2.3245283018867924,561.0,2.116981132075472,97.0,0.3660377358490566,0.2581811320754717,0.0037735849056603774,0.12547169811320755,9.193693693693694,31.0,123.0,122.0
Dwayne Sutton,3,2.0,0.6666666666666666,3.0,1.0,1.0,0.3333333333333333,0.3333333333333333,0.0,0.0,4.5,1.0,0.0,2.0
Dwayne Washington,194,1660.0,8.556701030927835,370.0,1.907216494845361,733.0,3.7783505154639174,0.43867525773195876,0.03175257731958763,0.4784175257731959,20.84536082474227,256.0,15.0,438.0
Dwayne Whitfield,8,40.0,5.0,25.0,3.125,2.0,0.25,0.39025,0.0,0.2875,15.25,3.0,2.0,8.0
Dwight Anderson,5,21.0,4.2,2.0,0.4,3.0,0.6,0.41980000000000006,0.0,0.45,6.6,1.0,0.0,5.0
Dwight Buycks,112,356.0,3.1785714285714284,91.0,0.8125,104.0,0.9285714285714286,0.175625,0.12468749999999999,0.21175000000000002,14.285714285714286,36.0,2.0,76.0
Dwight Howard,1551,22631.0,14.591231463571889,16908.0,10.901353965183752,1939.0,1.250161186331399,0.5471353965183752,0.014291424887169567,0.49943520309477757,30.80069368131868,1270.0,2635.0,3870.0
Dwight Jones,846,6686.0,7.90307328605201,4391.0,5.190307328605201,852.0,1.0070921985815602,0.3774078014184397,0.001182033096926714,0.47107565011820335,18.15130023640662,238.0,200.0,342.0
Dwight Morrison,165,564.0,3.418181818181818,298.0,1.8060606060606061,78.0,0.4727272727272727,0.19400606060606063,0.0,0.32029090909090907,5.587878787878788,0.0,0.0,0.0
Dwight Powell,986,5365.0,5.4522357723577235,3508.0,3.565040650406504,864.0,0.8780487804878049,0.44472459349593496,0.07400914634146341,0.3793719512195122,16.53338785046729,492.0,351.0,551.0
Dwight Waller,10,7.0,0.7,9.0,0.9,1.0,0.1,0.2,0.0,0.1167,2.7,0.0,0.0,0.0
Dwyane Wade,1379,28265.0,20.541424418604652,6118.0,4.446220930232558,6860.0,4.9854651162790695,0.4521882267441861,0.16303197674418604,0.6760537790697675,33.38464067278287,2017.0,1096.0,4111.0
Dylan Cardwell,61,255.0,4.180327868852459,352.0,5.770491803278689,65.0,1.0655737704918034,0.4490983606557377,0.03278688524590164,0.15845901639344262,19.585833333333333,31.0,69.0,42.0
Dylan Harper,98,1197.0,12.214285714285714,377.0,3.8469387755102042,343.0,3.5,0.4942142857142857,0.3125612244897959,0.5318469387755103,23.134285714285713,80.0,29.0,141.0
Dylan Windler,170,370.0,2.1893491124260356,236.0,1.3964497041420119,90.0,0.5325443786982249,0.19437869822485207,0.1331715976331361,0.10298816568047338,10.871559633027523,39.0,16.0,61.0
Dyron Nix,20,39.0,1.95,26.0,1.3,5.0,0.25,0.3517,0.0,0.17085,5.45,3.0,1.0,7.0
Dyson Daniels,316,2735.0,8.655063291139241,1509.0,4.775316455696203,1150.0,3.6392405063291138,0.4161962025316456,0.23613607594936709,0.27631962025316453,26.59744966442953,539.0,134.0,438.0
Dzanan Musa,101,312.0,3.12,118.0,1.18,61.0,0.61,0.22709,0.11652000000000001,0.17592,10.419354838709678,27.0,4.0,56.0
Dāvis Bertāns,1,12.0,12.0,3.0,3.0,0.0,0.0,0.75,0.75,1.0,,1.0,0.0,1.0
E'Twaun Moore,886,5328.0,6.033975084937713,1354.0,1.533408833522084,1199.0,1.3578708946772367,0.30972706681766704,0.22682785956964893,0.17955832389580975,20.165435745937963,433.0,139.0,627.0
E.C. Coleman,356,2553.0,7.171348314606742,2051.0,5.76123595505618,441.0,1.2387640449438202,0.4136292134831461,0.0,0.3388089887640449,21.365168539325843,142.0,63.0,95.0
E.J. Liddell,111,198.0,1.7837837837837838,109.0,0.9819819819819819,34.0,0.3063063063063063,0.15410810810810813,0.08724324324324326,0.09234234234234234,9.313818181818181,12.0,15.0,24.0
E.J. Singler,9,12.0,1.3333333333333333,7.0,0.7777777777777778,5.0,0.5555555555555556,0.10322222222222223,0.037000000000000005,0.1111111111111111,6.4,2.0,0.0,4.0
EJ Montgomery,2,0.0,0.0,0.0,0.0,0.0,0.0,0.0,0.0,0.0,,0.0,0.0,0.0
EJ Onu,1,0.0,0.0,0.0,0.0,0.0,0.0,0.0,0.0,0.0,,0.0,0.0,0.0
Earl Barron,307,820.0,2.6710097719869705,645.0,2.1009771986970684,74.0,0.24104234527687296,0.19396416938110747,0.00868729641693811,0.1803127035830619,13.6448087431694,60.0,41.0,140.0
Earl Boykins,791,6264.0,7.919089759797725,933.0,1.179519595448799,2259.0,2.8558786346396965,0.34589380530973446,0.20734134007585336,0.45018710493046776,19.503617945007235,416.0,38.0,817.0
Earl Clark,454,1345.0,2.962555066079295,916.0,2.0176211453744495,160.0,0.3524229074889868,0.21702202643171808,0.0751453744493392,0.1575308370044053,13.722222222222221,103.0,162.0,220.0
Earl Cureton,738,3792.0,5.138211382113822,3345.0,4.532520325203252,700.0,0.948509485094851,0.39694308943089435,0.0,0.2452289972899729,17.86675824175824,322.0,367.0,672.0
Earl Evans,36,157.0,4.361111111111111,72.0,2.0,36.0,1.0,0.3099444444444444,0.06019444444444444,0.25830555555555557,10.25,5.0,1.0,8.0
Earl Gardner,23,33.0,1.434782608695652,0.0,0.0,0.0,0.0,0.0,0.0,0.15217391304347827,0.0,0.0,0.0,0.0
Earl Jones,14,13.0,0.9285714285714286,10.0,0.7142857142857143,3.0,0.21428571428571427,0.19642857142857142,0.0,0.10714285714285714,3.5714285714285716,0.0,1.0,8.0
Earl Lloyd,574,4803.0,8.367595818815332,2210.0,3.8501742160278747,460.0,0.8013937282229965,0.19251393728222996,0.0,0.6378937282229965,11.475609756097562,0.0,0.0,0.0
Earl Monroe,1010,18952.0,18.764356435643563,2962.0,2.9326732673267326,3700.0,3.6633663366336635,0.4421782178217822,0.0,0.7009861386138614,29.834653465346534,173.0,43.0,111.0
Earl Tatum,273,2660.0,9.743589743589743,735.0,2.6923076923076925,533.0,1.9523809523809523,0.4136263736263736,0.007326007326007326,0.3425970695970696,20.399267399267398,234.0,74.0,155.0
Earl Watson,1069,5917.0,5.535079513564079,2099.0,1.9635173058933584,4074.0,3.811038353601497,0.32762488306828813,0.18139943872778297,0.29706454630495793,21.578778135048232,915.0,181.0,1646.0
Earl Williams,146,664.0,4.5479452054794525,797.0,5.458904109589041,126.0,0.863013698630137,0.3663972602739726,0.0,0.20073287671232878,12.60958904109589,51.0,53.0,20.0
Ed Beach,9,20.0,2.2222222222222223,0.0,0.0,0.0,0.0,0.1111111111111111,0.0,0.5555555555555556,0.0,0.0,0.0,0.0
Ed Biedenbach,7,4.0,0.5714285714285714,2.0,0.2857142857142857,3.0,0.42857142857142855,0.0,0.0,0.2857142857142857,2.5714285714285716,0.0,0.0,0.0
Ed Burton,15,33.0,2.2,14.0,0.9333333333333333,2.0,0.13333333333333333,0.18433333333333335,0.0,0.14446666666666666,2.933333333333333,0.0,0.0,0.0
Ed Conlin,521,5150.0,9.884836852207293,1578.0,3.0287907869481767,560.0,1.0748560460652592,0.22800767754318618,0.0,0.5989616122840692,7.178502879078695,0.0,0.0,0.0
Ed Dahler,12,24.0,2.0,2.0,0.16666666666666666,2.0,0.16666666666666666,0.034666666666666665,0.0,0.3333333333333333,1.6666666666666667,0.0,0.0,0.0
Ed Davis,995,4708.0,4.741188318227593,5093.0,5.128902316213495,587.0,0.5911379657603223,0.4074431017119839,0.0,0.27491842900302116,18.281444582814444,371.0,623.0,601.0
Ed Earle,2,4.0,2.0,2.0,1.0,0.0,0.0,0.25,0.0,0.25,4.0,0.0,0.0,0.0
Ed Fleming,305,2587.0,8.481967213114753,434.0,1.4229508196721312,121.0,0.39672131147540984,0.11098688524590164,0.0,0.6243311475409836,2.360655737704918,0.0,0.0,0.0
Ed Gayda,10,39.0,3.9,0.0,0.0,0.0,0.0,0.0,0.0,0.5667,0.0,0.0,0.0,0.0
Ed Gray,92,417.0,4.532608695652174,82.0,0.8913043478260869,50.0,0.5434782608695652,0.2038804347826087,0.15243478260869567,0.31404347826086954,12.426470588235293,33.0,13.0,61.0
Ed Horton,45,202.0,4.488888888888889,108.0,2.4,19.0,0.4222222222222222,0.4245555555555556,0.0,0.34144444444444444,8.311111111111112,9.0,5.0,39.0
Ed Kalafat,226,1587.0,7.022123893805309,286.0,1.2654867256637168,78.0,0.34513274336283184,0.11638053097345133,0.0,0.5695530973451327,2.588495575221239,0.0,0.0,0.0
Ed Lawrence,3,12.0,4.0,4.0,1.3333333333333333,1.0,0.3333333333333333,0.4723333333333333,0.0,0.16666666666666666,6.333333333333333,1.0,0.0,0.0
Ed Leede,69,526.0,7.6231884057971016,0.0,0.0,12.0,0.17391304347826086,0.04107246376811594,0.0,0.6159275362318841,0.0,0.0,0.0,0.0
Ed Macauley,566,9731.0,17.192579505300355,1178.0,2.081272084805654,762.0,1.3462897526501767,0.20873144876325087,0.0,0.7488109540636042,12.054770318021202,0.0,0.0,0.0
Ed Manning,285,1442.0,5.059649122807017,1248.0,4.378947368421053,196.0,0.6877192982456141,0.33746315789473685,0.0,0.30480701754385964,12.992982456140352,0.0,0.0,0.0
Ed Mikan,138,907.0,6.572463768115942,145.0,1.0507246376811594,25.0,0.18115942028985507,0.06960869565217391,0.0,0.5686449275362319,1.036231884057971,0.0,0.0,0.0
Ed Nealy,573,1535.0,2.6788830715532286,1891.0,3.300174520069808,407.0,0.7102966841186736,0.355457242582897,0.04095462478184991,0.21716230366492145,12.509598603839441,269.0,52.0,228.0
Ed O'Bannon,149,634.0,4.25503355704698,148.0,0.9932885906040269,102.0,0.6845637583892618,0.28470469798657716,0.08939597315436242,0.271255033557047,15.84375,73.0,23.0,82.0
Ed Peterson,68,457.0,6.720588235294118,0.0,0.0,3.0,0.04411764705882353,0.06732352941176471,0.0,0.5134264705882353,0.0,0.0,0.0,0.0
Ed Pinckney,869,5547.0,6.383199079401611,4084.0,4.6996547756041425,735.0,0.8457997698504027,0.4604556962025317,0.0,0.4704441887226697,19.731143552311437,629.0,447.0,861.0
Ed Rains,91,301.0,3.3076923076923075,133.0,1.4615384615384615,63.0,0.6923076923076923,0.3047252747252747,0.0,0.22071428571428572,10.659340659340659,28.0,3.0,36.0
Ed Ratleff,346,2902.0,8.38728323699422,1249.0,3.6098265895953756,820.0,2.3699421965317917,0.3355606936416185,0.0,0.4519075144508671,18.991329479768787,238.0,61.0,21.0
Ed Sadowski,51,825.0,16.176470588235293,0.0,0.0,1.0,0.0196078431372549,0.013705882352941177,0.0,0.6027254901960785,0.0,0.0,0.0,0.0
Ed Searcy,4,6.0,1.5,0.0,0.0,1.0,0.25,0.33325,0.0,0.25,3.0,0.0,0.0,0.0
Ed Smith,12,35.0,2.9166666666666665,6.0,0.5,3.0,0.25,0.07425,0.0,0.36108333333333337,3.3333333333333335,0.0,0.0,0.0
Ed Stanczak,12,33.0,2.75,0.0,0.0,0.0,0.0,0.0,0.0,0.6679166666666667,0.0,0.0,0.0,0.0
Ed Stokes,10,3.0,0.3,4.0,0.4,1.0,0.1,0.05,0.0,0.05,4.0,1.0,2.0,2.0
Eddie Basden,34,71.0,2.088235294117647,51.0,1.5,18.0,0.5294117647058824,0.2647058823529412,0.08823529411764706,0.16944117647058823,9.178571428571429,18.0,4.0,16.0
Eddie Ehlers,42,297.0,7.071428571428571,0.0,0.0,0.0,0.0,0.010571428571428572,0.0,0.3428333333333334,0.0,0.0,0.0,0.0
Eddie Gill,288,696.0,2.4166666666666665,254.0,0.8819444444444444,263.0,0.9131944444444444,0.19628472222222224,0.13998263888888887,0.24183680555555556,10.165178571428571,132.0,16.0,175.0
Eddie Griffin,371,2333.0,6.288409703504043,1878.0,5.061994609164421,253.0,0.6819407008086253,0.2957951482479784,0.191633423180593,0.2587520215633423,21.424148606811144,117.0,557.0,251.0
Eddie House,967,5972.0,6.175801447776629,1356.0,1.4022750775594623,1224.0,1.265770423991727,0.31471044467425024,0.2589162357807653,0.20659462254395033,16.3028083028083,526.0,63.0,626.0
Eddie Hughes,104,301.0,2.894230769230769,93.0,0.8942307692307693,160.0,1.5384615384615385,0.3147980769230769,0.14726923076923076,0.15929807692307693,11.307692307692308,66.0,3.0,57.0
Eddie Johnson,2023,30967.0,15.247168882323978,6373.0,3.137863121614968,5947.0,2.928114229443624,0.44330723781388476,0.13490251107828657,0.6409965534219596,25.9875,1129.0,239.0,3145.0
Eddie Jones,1110,15371.0,13.847747747747748,4254.0,3.8324324324324324,3046.0,2.744144144144144,0.4045072072072072,0.3328945945945946,0.600309009009009,33.583175803402646,1752.0,648.0,1648.0
Eddie Jordan,427,3452.0,8.08430913348946,790.0,1.8501170960187354,1601.0,3.749414519906323,0.3575737704918033,0.021466042154566746,0.4586252927400468,19.82903981264637,470.0,61.0,433.0
Eddie Mast,128,306.0,2.390625,261.0,2.0390625,50.0,0.390625,0.29603125,0.0,0.183453125,6.78125,0.0,0.0,0.0
Eddie Miles,625,8234.0,13.1744,1368.0,2.1888,770.0,1.232,0.27613760000000004,0.0,0.580936,12.0544,0.0,0.0,0.0
Eddie Miller,7,33.0,4.714285714285714,0.0,0.0,0.0,0.0,0.017857142857142856,0.0,0.3047142857142857,0.0,0.0,0.0,0.0
Eddie Owens,8,21.0,2.625,10.0,1.25,5.0,0.625,0.241,0.0,0.1875,7.875,1.0,0.0,1.0
Eddie Phillips,50,159.0,3.18,81.0,1.62,32.0,0.64,0.35356000000000004,0.0,0.28168,8.32,10.0,8.0,30.0
Eddie Robinson,378,2019.0,5.341269841269841,800.0,2.1164021164021163,265.0,0.701058201058201,0.365462962962963,0.021164021164021163,0.2767142857142857,18.626712328767123,222.0,96.0,221.0
Eddielee Wilkins,338,1582.0,4.680473372781065,1025.0,3.032544378698225,62.0,0.1834319526627219,0.40432248520710057,0.0,0.31719526627218936,11.482248520710058,84.0,61.0,296.0
Eddy Curry,679,7156.0,10.539027982326951,2853.0,4.2017673048600885,300.0,0.4418262150220913,0.43266863033873343,0.0029455081001472753,0.45502061855670106,24.052064631956913,167.0,403.0,1256.0
Edgar Jones,410,3452.0,8.419512195121952,1793.0,4.373170731707317,346.0,0.8439024390243902,0.47959999999999997,0.025,0.5108341463414634,17.402439024390244,172.0,373.0,417.0
Edgar Sosa,2,0.0,0.0,0.0,0.0,1.0,0.5,0.0,0.0,0.0,2.0,0.0,0.0,1.0
Edmond Sumner,278,1142.0,4.152727272727272,288.0,1.0472727272727274,216.0,0.7854545454545454,0.26527272727272727,0.14599636363636365,0.27794545454545455,13.625,104.0,39.0,160.0
Edmund Sherod,70,397.0,5.671428571428572,151.0,2.157142857142857,314.0,4.485714285714286,0.3387428571428571,0.014285714285714285,0.2789857142857143,23.67142857142857,74.0,12.0,75.0
Eduardo Najera,831,3421.0,4.116726835138388,2600.0,3.1287605294825513,556.0,0.6690734055354994,0.3700156438026474,0.07637184115523465,0.26078820697954275,17.38243626062323,502.0,253.0,462.0
Edward Davis,306,1578.0,5.1568627450980395,822.0,2.6862745098039214,309.0,1.0098039215686274,0.3912745098039216,0.0,0.39431372549019605,12.800653594771243,47.0,17.0,0.0
Edwin Kachan,9,9.0,1.0,0.0,0.0,0.0,0.0,0.0,0.0,0.2222222222222222,0.0,0.0,0.0,0.0
Edwin Ubiles,7,16.0,2.2857142857142856,11.0,1.5714285714285714,2.0,0.2857142857142857,0.17857142857142858,0.04757142857142858,0.2857142857142857,10.8,1.0,1.0,1.0
Edy Tavares,49,116.0,2.36734693877551,111.0,2.2653061224489797,9.0,0.1836734693877551,0.2651428571428572,0.0,0.13944897959183675,11.037037037037036,8.0,29.0,24.0
Efthimios Rentzias,89,52.0,0.5842696629213483,26.0,0.29213483146067415,7.0,0.07865168539325842,0.089561797752809,0.03932584269662921,0.05056179775280899,3.5428571428571427,6.0,2.0,4.0
Egidijus Mockevicius,5,0.0,0.0,1.0,0.2,0.0,0.0,0.0,0.0,0.0,9.0,1.0,1.0,1.0
Egor Demin,61,554.0,9.233333333333333,174.0,2.9,176.0,2.933333333333333,0.3655333333333333,0.3351166666666667,0.3529,23.737321428571427,43.0,19.0,89.0
Eidan Alber,3,5.0,2.5,4.0,2.0,7.0,3.5,0.143,0.1665,0.0,,1.0,0.0,1.0
Ekpe Udoh,581,1466.0,2.5319516407599307,1194.0,2.062176165803109,284.0,0.4905008635578584,0.2567823834196891,0.0,0.21609153713298793,14.01923076923077,190.0,448.0,247.0
Elden Campbell,1272,11706.0,9.202830188679245,6620.0,5.20440251572327,1301.0,1.0227987421383649,0.3882712264150944,0.0023584905660377358,0.4840966981132075,24.097137901127493,754.0,1739.0,1498.0
Eldo Garrett,366,3711.0,10.139344262295081,908.0,2.480874316939891,764.0,2.087431693989071,0.33483333333333337,0.0,0.5255218579234973,20.942622950819672,5.0,1.0,0.0
Eldridge Recasner,419,1795.0,4.284009546539379,551.0,1.3150357995226731,543.0,1.295942720763723,0.2565894988066826,0.1977494033412888,0.22955131264916467,16.69329073482428,133.0,12.0,316.0
Elfrid Payton,638,5362.0,8.457413249211356,2203.0,3.4747634069400632,3204.0,5.053627760252366,0.36994006309148264,0.148391167192429,0.3191324921135647,25.700535714285714,655.0,175.0,1238.0
Elfrid Peyton,1,21.0,21.0,7.0,7.0,7.0,7.0,0.526,0.333,0.0,,2.0,0.0,5.0
Elgin Baylor,990,26944.0,27.216161616161617,12082.0,12.204040404040404,2988.0,3.018181818181818,0.3680151515151515,0.0,0.7624666666666666,16.913131313131313,0.0,0.0,0.0
Elgin Cook,3,4.0,1.3333333333333333,1.0,0.3333333333333333,0.0,0.0,0.4443333333333333,0.0,0.0,8.5,1.0,0.0,1.0
Eli John Ndiaye,4,7.0,1.75,3.0,0.75,0.0,0.0,0.3215,0.0,0.125,8.75,0.0,1.0,2.0
Eli Ndiaye,1,0.0,0.0,1.0,1.0,0.0,0.0,0.0,0.0,0.0,,0.0,1.0,0.0
Elias Harris,17,19.0,1.1176470588235294,13.0,0.7647058823529411,2.0,0.11764705882352941,0.13729411764705882,0.029411764705882353,0.11764705882352941,9.666666666666666,5.0,0.0,4.0
Elie Okobo,154,557.0,3.664473684210526,194.0,1.2763157894736843,247.0,1.625,0.23926315789473684,0.17324342105263157,0.2158157894736842,14.74561403508772,58.0,11.0,115.0
Elijah Bryant,28,73.0,2.607142857142857,31.0,1.1071428571428572,11.0,0.39285714285714285,0.15235714285714286,0.05775,0.0642857142857143,9.5625,5.0,3.0,11.0
Elijah Harkless,75,239.0,3.1866666666666665,78.0,1.04,85.0,1.1333333333333333,0.16545333333333334,0.10096,0.23610666666666666,17.475,46.0,8.0,29.0
Elijah Hughes,113,217.0,1.920353982300885,85.0,0.7522123893805309,38.0,0.336283185840708,0.1455221238938053,0.10630973451327433,0.06946902654867257,9.360655737704919,17.0,9.0,31.0
Elijah Millsap,103,349.0,3.3883495145631066,218.0,2.116504854368932,89.0,0.8640776699029126,0.23316504854368933,0.1318640776699029,0.29132038834951457,15.119047619047619,71.0,20.0,87.0
Elijah Stewart,4,2.0,1.0,1.0,0.5,1.0,0.5,0.25,0.0,0.0,6.0,0.0,0.0,0.0
Elio Netto,1,0.0,0.0,1.0,1.0,7.0,7.0,0.0,0.0,0.0,,1.0,0.0,4.0
Elliot Perry,633,3540.0,5.592417061611374,758.0,1.1974723538704581,1728.0,2.7298578199052135,0.3665876777251185,0.127434439178515,0.3070126382306477,16.816901408450704,585.0,20.0,790.0
Elliot Williams,173,648.0,3.745664739884393,201.0,1.1618497109826589,115.0,0.6647398843930635,0.27161271676300575,0.18293641618497108,0.23545664739884395,13.116279069767442,58.0,7.0,96.0
Ellis Biggar,1,2.0,2.0,0.0,0.0,0.0,0.0,1.0,0.0,0.0,2.25,0.0,0.0,0.0
Elmer Behnke,4,16.0,4.0,0.0,0.0,0.0,0.0,0.0,0.0,0.29175,0.0,0.0,0.0,0.0
Elmer Bennett,33,48.0,1.4545454545454546,10.0,0.30303030303030304,22.0,0.6666666666666666,0.18721212121212122,0.03536363636363637,0.15151515151515152,7.428571428571429,9.0,1.0,20.0
Elmo Morgenthaler,9,14.0,1.5555555555555556,0.0,0.0,0.0,0.0,0.0,0.0,0.3333333333333333,0.0,0.0,0.0,0.0
Elmore Smith,590,7954.0,13.48135593220339,5769.0,9.777966101694915,736.0,1.2474576271186442,0.43347118644067795,0.0,0.477206779661017,27.183050847457626,203.0,896.0,185.0
Elmore Spencer,166,923.0,5.5602409638554215,556.0,3.3493975903614457,109.0,0.6566265060240963,0.3937831325301204,0.0,0.26072289156626505,16.5375,53.0,170.0,249.0
Elston Turner,549,2615.0,4.763205828779599,1504.0,2.7395264116575593,1000.0,1.8214936247723132,0.39168852459016396,0.018214936247723135,0.23750273224043716,17.72495446265938,436.0,27.0,491.0
Elton Brand,1282,17860.0,13.931357254290171,9619.0,7.503120124804992,2310.0,1.8018720748829953,0.4286872074882995,0.0015600624024961,0.5382753510140406,31.87188368055556,1010.0,1947.0,2186.0
Elton Brown,8,19.0,2.375,15.0,1.875,1.0,0.125,0.375,0.0,0.34375,6.125,0.0,0.0,7.0
Elvin Hayes,1407,29598.0,21.036247334754798,17454.0,12.405117270788912,2502.0,1.7782515991471215,0.42949040511727077,0.0035536602700781805,0.6248891257995736,35.041222459132904,445.0,1175.0,745.0
Emanual Davis,296,1100.0,3.7162162162162162,440.0,1.4864864864864864,396.0,1.337837837837838,0.2693783783783784,0.20563175675675674,0.19161486486486487,16.92920353982301,167.0,29.0,267.0
Emanuel Leaks,137,1116.0,8.145985401459853,883.0,6.445255474452555,114.0,0.8321167883211679,0.3326934306569343,0.0,0.4387299270072993,22.83941605839416,1.0,3.0,0.0
Emanuel Miller,33,47.0,1.4242424242424243,18.0,0.5454545454545454,7.0,0.21212121212121213,0.20860606060606063,0.045454545454545456,0.09090909090909091,5.0645,3.0,3.0,0.0
Emanuel Terry,18,14.0,0.875,24.0,1.5,4.0,0.25,0.1875,0.0,0.0625,5.875,5.0,0.0,7.0
Emeka Okafor,719,7779.0,10.864525139664805,6274.0,8.762569832402235,545.0,0.7611731843575419,0.4765097765363128,0.0,0.44649720670391063,29.87125748502994,452.0,1062.0,1056.0
Emir Preldzic,2,15.0,7.5,8.0,4.0,15.0,7.5,0.333,0.125,0.3335,26.0,2.0,0.0,7.0
Emmanuel Mudiay,386,3502.0,9.167539267015707,950.0,2.486910994764398,1230.0,3.2198952879581153,0.3210994764397906,0.21250261780104712,0.4268350785340314,23.02769230769231,227.0,91.0,732.0
Emmette Bryant,592,3955.0,6.680743243243243,1349.0,2.2787162162162162,1381.0,2.33277027027027,0.2946114864864865,0.0,0.45663682432432434,14.29391891891892,0.0,0.0,0.0
Emoni Bates,61,120.0,1.9672131147540983,31.0,0.5081967213114754,20.0,0.32786885245901637,0.10598360655737704,0.1179344262295082,0.03278688524590164,8.336896551724138,3.0,5.0,15.0
Enes Freedom,913,9409.0,10.33956043956044,6544.0,7.191208791208791,717.0,0.7879120879120879,0.4972956043956044,0.04358901098901099,0.507865934065934,20.736842105263158,331.0,415.0,1225.0
Ennis Whatley,420,2196.0,5.228571428571429,710.0,1.6904761904761905,1786.0,4.252380952380952,0.4082047619047619,0.005952380952380952,0.37872142857142854,17.704326923076923,397.0,44.0,707.0
Enoch Olsen,384,1638.0,4.265625,1139.0,2.9661458333333335,192.0,0.5,0.3764973958333333,0.0,0.2706692708333333,5.9296875,0.0,0.0,0.0
Enrique Freeman,68,118.0,1.7352941176470589,79.0,1.161764705882353,17.0,0.25,0.18835294117647058,0.0661764705882353,0.15319117647058822,9.617428571428572,8.0,9.0,17.0
Erazem Lorbek,2,20.0,10.0,12.0,6.0,3.0,1.5,0.6875,0.0,0.0,23.5,4.0,1.0,2.0
Eric Anderson,32,48.0,1.6,34.0,1.1333333333333333,5.0,0.16666666666666666,0.25833333333333336,0.06666666666666667,0.26666666666666666,3.0689655172413794,3.0,2.0,8.0
Eric Bledsoe,912,11369.0,12.493406593406593,3275.0,3.598901098901099,3935.0,4.324175824175824,0.4084703296703297,0.2641835164835165,0.5639934065934067,26.896713615023476,1162.0,391.0,2096.0
Eric Boateng,6,8.0,1.3333333333333333,24.0,4.0,2.0,0.3333333333333333,0.2333333333333333,0.0,0.16666666666666666,15.333333333333334,0.0,1.0,11.0
Eric Chenowith,5,19.0,3.8,17.0,3.4,3.0,0.6,0.29660000000000003,0.0,0.25,12.2,0.0,1.0,4.0
Eric Dawson,15,26.0,1.8571428571428572,23.0,1.6428571428571428,2.0,0.14285714285714285,0.17264285714285713,0.0,0.14285714285714285,10.5,1.0,4.0,8.0
Eric Dixon,3,0.0,0.0,0.0,0.0,0.0,0.0,0.0,0.0,0.0,,0.0,0.0,0.0
Eric Fernsten,240,530.0,2.2083333333333335,374.0,1.5583333333333333,79.0,0.32916666666666666,0.3059041666666667,0.0,0.215125,6.8125,39.0,33.0,38.0
Eric Gordon,1243,16101.0,12.984677419354838,2393.0,1.9298387096774194,2779.0,2.2411290322580646,0.36318064516129034,0.30799516129032256,0.5246370967741935,30.20262910798122,876.0,382.0,1874.0
Eric Griffin,21,40.0,2.0,23.0,1.15,2.0,0.1,0.22085,0.0643,0.08615,5.3,4.0,8.0,10.0
Eric Johnson,49,54.0,1.1020408163265305,28.0,0.5714285714285714,64.0,1.3061224489795917,0.17175510204081634,0.02040816326530612,0.14285714285714285,5.612244897959184,17.0,2.0,26.0
Eric Leckner,469,1855.0,3.955223880597015,1428.0,3.044776119402985,213.0,0.4541577825159915,0.4123795309168444,0.0021321961620469083,0.311179104477612,12.028508771929825,84.0,140.0,388.0
Eric Marsh,60,269.0,4.483333333333333,75.0,1.25,89.0,1.4833333333333334,0.3589833333333334,0.0,0.15163333333333331,14.183333333333334,29.0,18.0,50.0
Eric Maynor,371,1450.0,3.908355795148248,433.0,1.1671159029649596,924.0,2.490566037735849,0.2914258760107817,0.2030053908355795,0.2039946091644205,14.632075471698114,155.0,23.0,362.0
Eric McWilliams,43,86.0,2.0,47.0,1.0930232558139534,4.0,0.09302325581395349,0.16241860465116278,0.0,0.13176744186046513,3.7209302325581395,0.0,0.0,0.0
Eric Mika,5,10.0,2.0,13.0,2.6,1.0,0.2,0.26680000000000004,0.0,0.2,11.0,0.0,0.0,0.0
Eric Mobley,142,440.0,3.0985915492957745,351.0,2.471830985915493,57.0,0.4014084507042254,0.3629859154929577,0.02112676056338028,0.1771338028169014,13.743362831858407,27.0,61.0,103.0
Eric Money,444,5410.0,12.184684684684685,902.0,2.0315315315315314,1657.0,3.731981981981982,0.43657207207207205,0.0,0.44682657657657654,23.995495495495497,252.0,27.0,269.0
Eric Montross,588,2097.0,3.566326530612245,2193.0,3.729591836734694,208.0,0.35374149659863946,0.32143027210884356,0.0,0.15562414965986396,17.613305613305613,122.0,280.0,415.0
Eric Moreland,185,201.0,1.1043956043956045,380.0,2.087912087912088,96.0,0.5274725274725275,0.1981208791208791,0.005494505494505495,0.04303846153846154,10.224489795918368,35.0,66.0,54.0
Eric Murdock,535,5173.0,9.669158878504673,1284.0,2.4,2483.0,4.641121495327103,0.4006878504672897,0.2328485981308411,0.5251626168224299,23.143410852713178,838.0,70.0,998.0
Eric Paschall,223,1661.0,7.448430493273543,555.0,2.4887892376681613,230.0,1.031390134529148,0.3601390134529148,0.2020358744394619,0.40523766816143497,18.804597701149426,60.0,27.0,176.0
Eric Piatkowski,1031,6023.0,5.841901066925315,1748.0,1.6954413191076625,789.0,0.7652764306498545,0.3053035887487876,0.251164888457808,0.32675266731328806,17.746943765281173,415.0,119.0,637.0
Eric Riley,221,574.0,2.5972850678733033,479.0,2.167420814479638,60.0,0.27149321266968324,0.3031493212669683,0.0,0.24773303167420815,9.67741935483871,54.0,132.0,126.0
Eric Sandrin,3,5.0,1.6666666666666667,3.0,1.0,1.0,0.3333333333333333,0.4443333333333333,0.0,0.16666666666666666,7.333333333333333,0.0,0.0,1.0
Eric Snow,1049,6551.0,6.244995233555767,2436.0,2.3222116301239275,4671.0,4.452812202097236,0.3537130600571973,0.04663107721639657,0.4041306005719733,26.36128364389234,1083.0,117.0,1567.0
Eric Stuteville,2,1.0,1.0,0.0,0.0,0.0,0.0,0.0,0.0,0.25,,0.0,0.0,1.0
Eric Washington,132,716.0,5.424242424242424,216.0,1.6363636363636365,108.0,0.8181818181818182,0.2938939393939394,0.19046969696969696,0.23675000000000002,21.64423076923077,78.0,43.0,106.0
Eric White,55,336.0,6.109090909090909,131.0,2.381818181818182,26.0,0.4727272727272727,0.40492727272727275,0.01818181818181818,0.4122727272727273,14.327272727272728,17.0,4.0,47.0
Eric Williams,797,5905.0,7.409033877038896,2264.0,2.8406524466750316,985.0,1.2358845671267251,0.3343174404015057,0.13094228356336263,0.46541656210790466,23.589001447178003,587.0,108.0,821.0
Erick Barkley,78,77.0,0.9871794871794872,21.0,0.2692307692307692,40.0,0.5128205128205128,0.09342307692307693,0.03205128205128205,0.07051282051282051,9.222222222222221,19.0,1.0,17.0
Erick Dampier,1209,7746.0,6.406947890818858,7519.0,6.2191894127378,859.0,0.7105045492142267,0.4313912324234905,0.0016542597187758478,0.380070306038048,23.52332089552239,362.0,1477.0,1528.0
Erick Green,92,242.0,2.630434782608696,54.0,0.5869565217391305,65.0,0.7065217391304348,0.21279347826086958,0.09855434782608696,0.12771739130434784,9.430769230769231,20.0,1.0,24.0
Erick Strickland,643,3874.0,6.024883359253499,1350.0,2.099533437013997,1248.0,1.9409020217729394,0.2825660964230171,0.20729704510108865,0.3544152410575428,19.38167938931298,432.0,42.0,683.0
Erik Daniels,57,20.0,0.3508771929824561,27.0,0.47368421052631576,5.0,0.08771929824561403,0.08771929824561403,0.017543859649122806,0.008771929824561403,3.1666666666666665,6.0,0.0,8.0
Erik McCree,15,6.0,0.4,4.0,0.26666666666666666,1.0,0.06666666666666667,0.05553333333333333,0.0,0.0,4.333333333333333,2.0,0.0,3.0
Erik Murphy,92,25.0,0.2717391304347826,37.0,0.40217391304347827,7.0,0.07608695652173914,0.04647826086956521,0.01358695652173913,0.010869565217391304,5.388888888888889,3.0,5.0,6.0
Erik Stevenson,2,0.0,0.0,0.0,0.0,0.0,0.0,0.0,0.0,0.0,,0.0,0.0,0.0
Ernest Brown,8,3.0,0.375,6.0,0.75,0.0,0.0,0.025,0.0,0.0625,6.666666666666667,0.0,1.0,3.0
Ernie Barrett,133,647.0,4.864661654135339,94.0,0.706766917293233,147.0,1.105263157894737,0.2039323308270677,0.009022556390977442,0.40689473684210525,8.300751879699249,0.0,0.0,2.0
Ernie Beck,393,2476.0,6.300254452926208,1180.0,3.0025445292620865,643.0,1.6361323155216285,0.3212442748091603,0.0,0.4390559796437659,3.3944020356234095,0.0,0.0,0.0
Ernie DiGregorio,327,3145.0,9.617737003058105,559.0,1.709480122324159,1424.0,4.3547400611620795,0.3316880733944954,0.0,0.4982324159021407,20.238532110091743,61.0,2.0,47.0
Ernie Grunfeld,736,5503.0,7.476902173913044,1906.0,2.589673913043478,1537.0,2.088315217391304,0.4510054347826087,0.03079755434782609,0.4369239130434783,18.75679347826087,486.0,137.0,576.0
Ernie Killum,6,5.0,0.8333333333333334,2.0,0.3333333333333333,0.0,0.0,0.16666666666666666,0.0,0.2778333333333333,2.6666666666666665,0.0,0.0,0.0
Ernie Vandeweghe,202,1914.0,9.475247524752476,87.0,0.4306930693069307,183.0,0.905940594059406,0.16536138613861384,0.0,0.6454059405940594,2.866336633663366,0.0,0.0,0.0
Ersan Ilyasova,1085,9410.0,8.680811808118081,5290.0,4.880073800738008,1049.0,0.9677121771217713,0.36421033210332104,0.2854206642066421,0.4035839483394834,22.146186440677965,634.0,328.0,919.0
Ervin Johnson,1060,3744.0,3.5320754716981133,5636.0,5.316981132075472,429.0,0.4047169811320755,0.36949245283018867,0.0018867924528301887,0.24364905660377356,19.689247311827955,513.0,1170.0,767.0
Erwin Mueller,442,3323.0,7.518099547511312,1646.0,3.723981900452489,640.0,1.4479638009049773,0.3071266968325792,0.0,0.4493619909502262,11.900452488687783,0.0,0.0,0.0
Essie Hollis,25,69.0,2.76,45.0,1.8,6.0,0.24,0.28732,0.0,0.18,6.08,12.0,0.0,8.0
Esteban Batista,130,179.0,1.376923076923077,213.0,1.6384615384615384,14.0,0.1076923076923077,0.17278461538461537,0.0,0.12172307692307692,8.4,24.0,14.0,55.0
Estes Parham,4,4.0,1.0,0.0,0.0,0.0,0.0,0.0,0.0,0.16675,0.0,0.0,0.0,0.0
Etan Thomas,633,2596.0,4.101105845181674,2124.0,3.3554502369668247,166.0,0.26224328593996843,0.3310631911532385,0.0,0.2850157977883096,16.595652173913045,144.0,476.0,438.0
Etdrick Bohannon,56,37.0,0.6607142857142857,44.0,0.7857142857142857,6.0,0.10714285714285714,0.09523214285714286,0.0,0.09151785714285714,5.269230769230769,2.0,10.0,14.0
Ethan Rusbatch,2,6.0,3.0,1.0,0.5,2.0,1.0,0.4165,0.4165,0.0,,0.0,0.0,1.0
Ethan Thompson,55,259.0,4.709090909090909,87.0,1.5818181818181818,72.0,1.309090909090909,0.22765454545454547,0.15023636363636364,0.20545454545454547,18.138809523809524,24.0,9.0,31.0
Eugene Kennedy,38,77.0,2.026315789473684,61.0,1.605263157894737,6.0,0.15789473684210525,0.32165789473684214,0.0,0.061394736842105266,7.684210526315789,8.0,4.0,0.0
Eugene Omoruyi,142,635.0,4.471830985915493,257.0,1.8098591549295775,81.0,0.5704225352112676,0.29330281690140847,0.13102112676056338,0.2797253521126761,11.789183673469386,70.0,10.0,72.0
Evan Brock,4,2.0,0.5,11.0,2.75,2.0,0.5,0.08325,0.0,0.0,14.25,2.0,0.0,4.0
Evan Eschmeyer,236,427.0,1.8093220338983051,608.0,2.5762711864406778,79.0,0.3347457627118644,0.24440254237288137,0.0,0.19401694915254236,13.074534161490684,72.0,97.0,96.0
Evan Fournier,982,10424.0,10.636734693877552,2058.0,2.1,1933.0,1.9724489795918367,0.33203061224489794,0.2772551020408163,0.4153234693877551,26.919642857142858,687.0,124.0,1196.0
Evan Mobley,404,6493.0,16.11166253101737,3478.0,8.630272952853598,1182.0,2.933002481389578,0.5316774193548387,0.21219106699751863,0.5967047146401986,31.986059071729958,323.0,635.0,744.0
Evan Turner,849,7748.0,9.190984578884935,3834.0,4.548042704626335,2793.0,3.3131672597864767,0.38757058125741395,0.1704946619217082,0.4594721233689205,26.00735294117647,617.0,213.0,1480.0
Everette Stephens,38,71.0,1.868421052631579,23.0,0.6052631578947368,39.0,1.0263157894736843,0.25702631578947366,0.05263157894736842,0.22807894736842105,5.657894736842105,9.0,4.0,29.0
Evers Burns,23,56.0,2.4347826086956523,30.0,1.3043478260869565,9.0,0.391304347826087,0.30317391304347824,0.0,0.15217391304347827,6.217391304347826,6.0,3.0,7.0
Evric Gray,6,13.0,2.1666666666666665,3.0,0.5,2.0,0.3333333333333333,0.12033333333333333,0.08333333333333333,0.3333333333333333,8.0,1.0,0.0,3.0
Fab Melo,30,14.0,0.4666666666666667,19.0,0.6333333333333333,6.0,0.2,0.10556666666666666,0.0,0.03333333333333333,6.294117647058823,2.0,4.0,9.0
Fabien Causeur,1,7.0,7.0,1.0,1.0,0.0,0.0,0.75,0.5,0.0,,0.0,0.0,1.0
Fabijan Krslovic,2,11.0,5.5,8.0,4.0,3.0,1.5,0.35,0.5,0.625,20.615000000000002,0.0,0.0,1.0
Fabricio Oberto,477,1376.0,2.8846960167714886,1453.0,3.0461215932914047,361.0,0.7568134171907757,0.3978700209643606,0.0,0.1418595387840671,14.493887530562347,117.0,92.0,274.0
Facundo Campazzo,189,879.0,4.650793650793651,305.0,1.6137566137566137,532.0,2.814814814814815,0.2551058201058201,0.22644973544973546,0.288031746031746,18.9375,172.0,43.0,171.0
Facundo Pinero,1,16.0,16.0,5.0,5.0,2.0,2.0,0.5,0.5,0.0,,1.0,0.0,4.0
Fan Zhang,1,0.0,0.0,0.0,0.0,0.0,0.0,0.0,0.0,0.0,,0.0,0.0,1.0
Fanbo Zeng,1,0.0,0.0,0.0,0.0,0.0,0.0,0.0,0.0,0.0,,0.0,0.0,0.0
Felipe Lopez,295,1477.0,5.0067796610169495,623.0,2.111864406779661,260.0,0.8813559322033898,0.2970406779661017,0.12033898305084746,0.3023932203389831,15.930501930501931,167.0,63.0,259.0
Felipe Motta,1,8.0,8.0,1.0,1.0,0.0,0.0,0.75,0.0,1.0,,0.0,0.0,0.0
Felton Spencer,817,3532.0,4.3231334149326806,3625.0,4.436964504283965,222.0,0.2717258261933905,0.3470893512851897,0.0,0.3422643818849449,19.15828402366864,256.0,576.0,710.0
Fengbo Liu,2,0.0,0.0,3.0,3.0,0.0,0.0,0.0,0.0,0.0,,0.0,0.0,0.0
Fennis Dembo,33,38.0,1.1515151515151516,23.0,0.696969696969697,5.0,0.15151515151515152,0.21515151515151515,0.0,0.12121212121212122,2.3636363636363638,1.0,0.0,8.0
Fernando Martin,25,22.0,0.88,28.0,1.12,9.0,0.36,0.16164,0.0,0.08,5.88,7.0,1.0,20.0
Feron Hunt,13,23.0,1.7692307692307692,8.0,0.6153846153846154,4.0,0.3076923076923077,0.26284615384615384,0.038461538461538464,0.0,6.777777777777778,5.0,1.0,3.0
Festus Ezeli,284,1000.0,3.5335689045936394,955.0,3.374558303886926,95.0,0.33568904593639576,0.3748268551236749,0.0,0.2700106007067138,12.789256198347108,60.0,213.0,196.0
Filiberto Rivera,3,8.0,2.6666666666666665,3.0,1.0,4.0,1.3333333333333333,0.5,0.0,0.0,7.333333333333333,1.0,0.0,4.0
Filip Petrusev,15,18.0,1.2,11.0,0.7333333333333333,5.0,0.3333333333333333,0.19333333333333333,0.0222,0.1,7.833333333333333,0.0,1.0,1.0
Finn Delaney,4,26.0,13.0,11.0,5.5,2.0,1.0,0.33199999999999996,0.2145,0.6875,25.36,0.0,1.0,2.0
Finn Delany,2,2.0,2.0,0.0,0.0,0.0,0.0,0.0,0.0,1.0,,0.0,0.0,0.0
Firmin Thygesen,1,0.0,0.0,0.0,0.0,0.0,0.0,0.0,0.0,0.0,,0.0,0.0,0.0
Fiston Ipassou,2,0.0,0.0,0.0,0.0,0.0,0.0,0.0,0.0,0.0,,0.0,0.0,0.0
Flip Murray,646,5509.0,8.527863777089783,1190.0,1.8421052631578947,1287.0,1.9922600619195046,0.3298343653250774,0.18274148606811147,0.4225015479876161,22.280701754385966,463.0,117.0,835.0
Flynn Robinson,522,7481.0,14.331417624521073,1213.0,2.3237547892720305,1277.0,2.446360153256705,0.40028544061302684,0.0,0.6759693486590038,15.695402298850574,0.0,0.0,0.0
Foots Walker,679,4310.0,6.347569955817378,1709.0,2.5169366715758468,3158.0,4.650957290132548,0.39948453608247425,0.011782032400589101,0.46328718703976435,22.512518409425628,802.0,91.0,576.0
Forest Able,1,0.0,0.0,1.0,1.0,1.0,1.0,0.0,0.0,0.0,1.0,0.0,0.0,0.0
Forrest McKenzie,6,17.0,2.8333333333333335,7.0,1.1666666666666667,1.0,0.16666666666666666,0.311,0.16666666666666666,0.16666666666666666,7.0,1.0,0.0,3.0
Fran Curran,63,297.0,4.714285714285714,0.0,0.0,0.0,0.0,0.007936507936507936,0.0,0.6475873015873016,0.0,0.0,0.0,0.0
Fran Pilepic,1,7.0,7.0,2.0,2.0,0.0,0.0,0.75,0.5,0.0,17.0,0.0,0.0,3.0
Francis Crossin,66,354.0,5.363636363636363,0.0,0.0,10.0,0.15151515151515152,0.02459090909090909,0.0,0.41943939393939395,0.0,0.0,0.0,0.0
Francis Mahoney,9,18.0,2.0,0.0,0.0,2.0,0.2222222222222222,0.24077777777777776,0.0,0.5185555555555555,6.222222222222222,0.0,0.0,0.0
Francisco Elson,653,1975.0,3.0245022970903523,1878.0,2.875957120980092,289.0,0.442572741194487,0.3318238897396631,0.006125574272588055,0.20183920367534455,14.664179104477611,255.0,278.0,414.0
Francisco Garcia,708,4779.0,6.75,1543.0,2.1793785310734464,814.0,1.1497175141242937,0.3294265536723164,0.24839265536723162,0.31004237288135594,20.84262295081967,486.0,426.0,601.0
Franco Balbi,2,7.0,3.5,3.0,1.5,11.0,5.5,0.3055,0.25,0.0,,0.0,0.0,9.0
Frank Brian,355,3865.0,10.887323943661972,54.0,0.15211267605633802,104.0,0.29295774647887324,0.06892394366197183,0.0,0.7172225352112677,1.523943661971831,0.0,0.0,0.0
Frank Brickowski,792,7535.0,9.51388888888889,3531.0,4.458333333333333,1423.0,1.7967171717171717,0.46784217171717174,0.04629545454545454,0.47051515151515155,21.951822916666668,666.0,295.0,1422.0
Frank Hassell,2,4.0,2.0,3.0,1.5,1.0,0.5,0.1665,0.0,0.5,10.0,1.0,1.0,0.0
Frank III,1,13.0,13.0,0.0,0.0,8.0,8.0,0.455,0.5,1.0,,5.0,0.0,1.0
Frank Jackson,300,2012.0,6.797297297297297,423.0,1.429054054054054,241.0,0.8141891891891891,0.2922533783783784,0.22766216216216217,0.2988243243243243,17.666666666666668,95.0,16.0,188.0
Frank Johnson,650,5229.0,8.044615384615385,1093.0,1.6815384615384616,2600.0,4.0,0.3970369230769231,0.03832923076923077,0.4730738461538461,21.073846153846155,517.0,28.0,942.0
Frank Kaminsky,606,4095.0,6.779801324503311,1835.0,3.0380794701986753,746.0,1.2350993377483444,0.306387417218543,0.22380794701986756,0.35294039735099336,18.99805031446541,202.0,169.0,360.0
Frank Kendrick,24,80.0,3.3333333333333335,36.0,1.5,6.0,0.25,0.3857083333333333,0.0,0.3055833333333333,5.041666666666667,11.0,2.0,0.0
Frank Kornet,91,171.0,1.879120879120879,96.0,1.054945054945055,30.0,0.32967032967032966,0.2308241758241758,0.05310989010989011,0.13003296703296705,6.593406593406593,19.0,4.0,35.0
Frank Kudelka,40,181.0,4.525,5.0,0.125,6.0,0.15,0.02915,0.0,0.381625,0.25,0.0,0.0,0.0
Frank Mangiapane,1,2.0,2.0,0.0,0.0,0.0,0.0,0.0,0.0,0.0,0.0,0.0,0.0,0.0
Frank Mason III,178,825.0,4.6875,239.0,1.3579545454545454,322.0,1.8295454545454546,0.24769886363636362,0.15895454545454546,0.3307613636363636,15.384615384615385,63.0,15.0,138.0
Frank Ntilikina,454,1651.0,3.6607538802660753,611.0,1.3547671840354767,739.0,1.6385809312638582,0.24945454545454546,0.19578270509977827,0.1737250554323725,16.129943502824858,232.0,73.0,358.0
Frank Oleynick,102,508.0,4.980392156862745,90.0,0.8823529411764706,113.0,1.107843137254902,0.2883235294117647,0.0,0.27098039215686276,11.441176470588236,18.0,5.0,0.0
Frank Radovich,44,119.0,2.7045454545454546,70.0,1.5909090909090908,8.0,0.18181818181818182,0.3111363636363636,0.0,0.1578409090909091,0.8863636363636364,0.0,0.0,0.0
Frank Ramsey,721,9707.0,13.463245492371707,2396.0,3.323162274618585,618.0,0.8571428571428571,0.27175589459084604,0.0,0.7434147018030512,12.550624133148405,0.0,0.0,0.0
Frank Reddout,6,13.0,2.1666666666666665,0.0,0.0,0.0,0.0,0.0,0.0,0.2778333333333333,0.3333333333333333,0.0,0.0,0.0
Frank Robinson,3,2.0,0.6666666666666666,3.0,1.0,2.0,0.6666666666666666,0.06666666666666667,0.0,0.0,5.333333333333333,1.0,0.0,1.0
Frank Russell,23,74.0,3.217391304347826,10.0,0.43478260869565216,11.0,0.4782608695652174,0.354304347826087,0.0,0.30434782608695654,4.086956521739131,0.0,0.0,0.0
Frank Saul,309,1864.0,6.032362459546926,58.0,0.18770226537216828,88.0,0.284789644012945,0.1364822006472492,0.0,0.583453074433657,1.5631067961165048,0.0,0.0,0.0
Frank Schade,9,10.0,1.1111111111111112,6.0,0.6666666666666666,10.0,1.1111111111111112,0.07411111111111111,0.0,0.3333333333333333,5.0,0.0,0.0,0.0
Frank Selvy,608,6486.0,10.667763157894736,1154.0,1.8980263157894737,458.0,0.7532894736842105,0.20579276315789474,0.0,0.6110213815789474,5.756578947368421,0.0,0.0,0.0
Frank Williams,150,276.0,1.84,83.0,0.5533333333333333,177.0,1.18,0.13378,0.07211333333333333,0.11888666666666665,10.835164835164836,38.0,12.0,90.0
Frankie King,15,27.0,1.8,16.0,1.0666666666666667,7.0,0.4666666666666667,0.26666666666666666,0.06666666666666667,0.2,5.846153846153846,6.0,0.0,5.0
Frankie Sanders,78,375.0,4.8076923076923075,138.0,1.7692307692307692,69.0,0.8846153846153846,0.3563076923076923,0.01282051282051282,0.34829487179487184,9.166666666666666,40.0,7.0,47.0
Franklin Edwards,317,1875.0,5.914826498422713,314.0,0.9905362776025236,796.0,2.5110410094637223,0.39173186119873815,0.006309148264984227,0.35093690851735015,14.413249211356467,207.0,22.0,353.0
Frans Steyn,1,5.0,5.0,4.0,4.0,0.0,0.0,0.2,0.0,0.75,15.0,0.0,1.0,1.0
Franz Wagner,364,6772.0,18.65564738292011,1745.0,4.807162534435261,1300.0,3.581267217630854,0.46599913005654636,0.30483116883116884,0.7372571166207529,31.215185185185188,372.0,129.0,667.0
Fred Boyd,327,2784.0,8.513761467889909,511.0,1.562691131498471,923.0,2.8226299694189603,0.3662446483180428,0.0,0.3967431192660551,21.07033639143731,56.0,12.0,6.0
Fred Brown,1047,15229.0,14.545367717287489,2836.0,2.708691499522445,3354.0,3.2034383954154726,0.45834670487106016,0.07472206303724928,0.5429083094555873,25.156638013371538,665.0,98.0,701.0
Fred Carter,639,9718.0,15.20813771517997,2396.0,3.7496087636932707,2084.0,3.2613458528951487,0.37674021909233174,0.0,0.5290829420970266,27.103286384976524,112.0,19.0,0.0
Fred Christ,6,20.0,3.3333333333333335,2.0,0.3333333333333333,4.0,0.6666666666666666,0.25,0.0,0.4666666666666666,0.3333333333333333,0.0,0.0,0.0
Fred Cofield,50,169.0,3.38,51.0,1.02,86.0,1.72,0.31818,0.05,0.1,9.92,24.0,3.0,50.0
Fred Diute,7,11.0,1.5714285714285714,0.0,0.0,0.0,0.0,0.0,0.0,0.167,0.0,0.0,0.0,0.0
Fred Foster,527,4111.0,7.8007590132827325,1184.0,2.2466793168880455,524.0,0.9943074003795066,0.3323624288425047,0.0,0.4004326375711575,13.368121442125236,29.0,3.0,0.0
Fred Hetzel,452,5015.0,11.095132743362832,2520.0,5.575221238938053,477.0,1.0553097345132743,0.3897831858407079,0.0,0.5710088495575222,18.902654867256636,0.0,0.0,0.0
Fred Hilton,120,1131.0,9.425,178.0,1.4833333333333334,129.0,1.075,0.22874166666666668,0.0,0.4046333333333333,11.208333333333334,0.0,0.0,0.0
Fred Hoiberg,704,3108.0,4.4147727272727275,1525.0,2.1661931818181817,880.0,1.25,0.3146661931818182,0.21548721590909092,0.3604573863636364,17.926056338028168,449.0,60.0,303.0
Fred Jones,547,3571.0,6.528336380255942,1097.0,2.0054844606946984,1087.0,1.987202925045704,0.3258866544789762,0.2516800731261426,0.41450457038391225,22.930041152263374,376.0,136.0,571.0
Fred LaCour,149,956.0,6.416107382550336,422.0,2.8322147651006713,81.0,0.5436241610738255,0.32423489932885907,0.0,0.4294228187919463,11.791946308724832,0.0,0.0,0.0
Fred Lewis,10,39.0,3.9,0.0,0.0,1.0,0.1,0.065,0.0,0.7,0.0,0.0,0.0,0.0
Fred Roberts,906,6369.0,7.029801324503311,2444.0,2.69757174392936,1033.0,1.140176600441501,0.4401898454746137,0.04083995584988962,0.4710386313465784,17.82126696832579,438.0,265.0,1031.0
Fred Saunders,219,1136.0,5.187214611872146,633.0,2.8904109589041096,229.0,1.0456621004566211,0.3799178082191781,0.0,0.21688127853881278,13.534246575342467,63.0,26.0,14.0
Fred Schaus,266,3106.0,11.676691729323307,114.0,0.42857142857142855,87.0,0.32706766917293234,0.06648120300751881,0.0,0.7840037593984962,2.206766917293233,0.0,0.0,0.0
Fred Sheffield,4,5.0,1.25,0.0,0.0,0.0,0.0,0.0,0.0,0.0,0.0,0.0,0.0,0.0
Fred Taylor,88,385.0,4.375,140.0,1.5909090909090908,67.0,0.7613636363636364,0.277,0.0,0.30777272727272725,8.738636363636363,0.0,0.0,0.0
Fred VanVleet,721,9246.0,12.877437325905293,2117.0,2.948467966573816,3485.0,4.853760445682451,0.34478133704735375,0.31483426183844015,0.5144136490250696,29.715015479876165,860.0,279.0,1027.0
Fred Vinson,19,27.0,1.4210526315789473,6.0,0.3157894736842105,2.0,0.10526315789473684,0.15352631578947368,0.09647368421052631,0.13157894736842105,5.9375,3.0,0.0,7.0
Freddie Crawford,332,2289.0,6.894578313253012,761.0,2.2921686746987953,630.0,1.8975903614457832,0.3655180722891566,0.0,0.3810331325301205,11.593373493975903,0.0,0.0,0.0
Freddie Gillespie,41,156.0,3.8048780487804876,166.0,4.048780487804878,18.0,0.43902439024390244,0.4261463414634147,0.0,0.2926829268292683,15.285714285714286,20.0,35.0,25.0
Freddie Lewis,67,381.0,5.686567164179104,95.0,1.4179104477611941,81.0,1.208955223880597,0.35349253731343283,0.0,0.40571641791044777,9.656716417910447,14.0,2.0,0.0
Freddie Scolari,182,1294.0,7.1098901098901095,64.0,0.3516483516483517,128.0,0.7032967032967034,0.10499450549450551,0.0,0.5831428571428572,3.2527472527472527,0.0,0.0,0.0
Frederic Bourdillon,3,12.0,4.0,6.0,2.0,12.0,4.0,0.19866666666666666,0.30533333333333335,0.16666666666666666,,4.0,4.0,7.0
Freeman Williams,348,4809.0,13.818965517241379,507.0,1.456896551724138,515.0,1.4798850574712643,0.4357614942528736,0.1614770114942529,0.5166494252873564,18.79310344827586,225.0,17.0,543.0
Frido Frey,4,5.0,1.25,0.0,0.0,0.0,0.0,0.0,0.0,0.125,0.0,0.0,0.0,0.0
Furkan Aldemir,66,122.0,1.8484848484848484,211.0,3.196969696969697,38.0,0.5757575757575758,0.28968181818181815,0.0,0.09198484848484847,13.404255319148936,23.0,19.0,26.0
Furkan Korkmaz,503,2576.0,5.141716566866267,761.0,1.5189620758483033,446.0,0.8902195608782435,0.27944111776447106,0.21827345309381238,0.2439441117764471,15.619791666666666,206.0,52.0,249.0
GG Jackson,185,1662.0,8.983783783783784,541.0,2.924324324324324,171.0,0.9243243243243243,0.31575675675675674,0.2303891891891892,0.40197297297297296,20.824647887323945,72.0,79.0,192.0
Gabe Brown,5,16.0,3.2,4.0,0.8,1.0,0.2,0.22999999999999998,0.2666,0.2,9.25,2.0,0.0,1.0
Gabe Madsen,2,9.0,4.5,5.0,2.5,4.0,2.0,0.35,0.2915,0.5,14.325,2.0,0.0,0.0
Gabe McGlothan,7,17.0,2.4285714285714284,15.0,2.142857142857143,5.0,0.7142857142857143,0.2312857142857143,0.19999999999999998,0.0,14.930000000000001,3.0,0.0,5.0
Gabe Muoneke,8,33.0,4.125,11.0,1.375,2.0,0.25,0.26875,0.25,0.671875,7.375,1.0,1.0,7.0
Gabe Pruitt,142,191.0,1.3450704225352113,82.0,0.5774647887323944,84.0,0.5915492957746479,0.1238380281690141,0.08555633802816902,0.06514084507042253,8.419753086419753,31.0,6.0,43.0
Gabe Vincent,479,2879.0,6.010438413361169,592.0,1.2359081419624216,862.0,1.7995824634655533,0.30096450939457203,0.24951565762004174,0.19862212943632568,20.12898867313916,284.0,48.0,389.0
Gabe York,5,32.0,6.4,8.0,1.6,9.0,1.8,0.3088,0.2472,0.43339999999999995,15.0,4.0,1.0,1.0
Gabriel Deck,50,136.0,2.72,67.0,1.34,34.0,0.68,0.22844,0.13,0.13166,15.55,10.0,0.0,14.0
Gabriel Jau,1,9.0,9.0,6.0,6.0,1.0,1.0,0.667,0.0,0.5,,1.0,1.0,4.0
Gabriel Lundberg,7,13.0,1.8571428571428572,7.0,1.0,11.0,1.5714285714285714,0.07971428571428572,0.1285714285714286,0.0,10.75,3.0,0.0,3.0
Gail Goodrich,1114,20656.0,18.542190305206464,3450.0,3.096947935368043,5040.0,4.524236983842011,0.43283842010771995,0.0,0.7118438061041293,29.11938958707361,296.0,38.0,139.0
Gal Baruch,3,0.0,0.0,0.0,0.0,0.0,0.0,0.0,0.0,0.0,,0.0,0.0,0.0
Gal Mekel,68,193.0,2.838235294117647,64.0,0.9411764705882353,148.0,2.176470588235294,0.23123529411764707,0.11519117647058824,0.14116176470588235,12.566037735849056,12.0,3.0,74.0
Gale Bishop,26,202.0,7.769230769230769,0.0,0.0,0.0,0.0,0.0,0.0,0.7426153846153846,0.0,0.0,0.0,0.0
Galen Young,1,8.0,8.0,5.0,5.0,0.0,0.0,0.333,0.0,1.0,5.0,0.0,1.0,2.0
Gani Lawal,22,35.0,1.5909090909090908,23.0,1.0454545454545454,2.0,0.09090909090909091,0.16668181818181818,0.0,0.26127272727272727,8.133333333333333,4.0,4.0,16.0
Garfield Heard,846,7430.0,8.782505910165485,6043.0,7.143026004728132,1232.0,1.4562647754137117,0.35324468085106386,0.0,0.41635224586288416,22.56146572104019,604.0,557.0,377.0
Garfield Smith,66,170.0,2.5757575757575757,127.0,1.9242424242424243,14.0,0.21212121212121213,0.25412121212121214,0.0,0.12060606060606062,5.515151515151516,0.0,0.0,0.0
Garlon Green,5,7.0,3.5,2.0,1.0,1.0,0.5,0.2,0.1665,0.5,9.0,1.0,0.0,1.0
Garret Siler,74,67.0,0.9054054054054054,53.0,0.7162162162162162,4.0,0.05405405405405406,0.16598648648648648,0.0,0.0900945945945946,5.379310344827586,2.0,7.0,20.0
Garrett Temple,1229,4949.0,4.04,1867.0,1.5240816326530613,1383.0,1.1289795918367347,0.236170612244898,0.17345306122448978,0.2094612244897959,18.546174242424243,652.0,260.0,746.0
Garrison Brooks,2,0.0,0.0,3.0,1.5,1.0,0.5,0.0,0.0,0.0,6.44,0.0,0.0,1.0
Garrison Mathews,454,2292.0,5.048458149779735,606.0,1.3348017621145374,256.0,0.5638766519823789,0.28789427312775334,0.27743612334801765,0.3012599118942731,16.50392156862745,179.0,64.0,145.0
Garry Witts,50,137.0,2.74,65.0,1.3,40.0,0.8,0.38530000000000003,0.01,0.29350000000000004,10.42,3.0,2.0,8.0
Garth Joseph,12,2.0,0.16666666666666666,2.0,0.16666666666666666,1.0,0.08333333333333333,0.08333333333333333,0.0,0.0,3.5,0.0,1.0,2.0
Gary Alcorn,79,261.0,3.3037974683544302,180.0,2.278481012658228,4.0,0.05063291139240506,0.11217721518987342,0.0,0.30570886075949366,1.4050632911392404,0.0,0.0,0.0
Gary Alexander,11,19.0,1.7272727272727273,15.0,1.3636363636363635,2.0,0.18181818181818182,0.2863636363636364,0.0,0.13636363636363635,5.0,3.0,0.0,8.0
Gary Bergen,6,8.0,1.3333333333333333,2.0,0.3333333333333333,1.0,0.16666666666666666,0.08333333333333333,0.0,0.3333333333333333,0.6666666666666666,0.0,0.0,0.0
Gary Bradds,43,150.0,3.488372093023256,76.0,1.7674418604651163,10.0,0.23255813953488372,0.2459767441860465,0.0,0.3855116279069767,2.8372093023255816,0.0,0.0,0.0
Gary Brokaw,247,2013.0,8.149797570850202,413.0,1.6720647773279351,735.0,2.9757085020242915,0.37864777327935223,0.0,0.498753036437247,19.380566801619434,92.0,72.0,5.0
Gary Clark,282,625.0,2.240143369175627,515.0,1.8458781362007168,100.0,0.35842293906810035,0.18604301075268817,0.1716953405017921,0.07795698924731183,13.032085561497325,68.0,71.0,51.0
Gary Flowers,1,0.0,0.0,0.0,0.0,0.0,0.0,0.0,0.0,0.0,1.0,0.0,0.0,0.0
Gary Forbes,171,793.0,4.637426900584796,264.0,1.543859649122807,126.0,0.7368421052631579,0.28664327485380114,0.14021637426900585,0.2524795321637427,13.381679389312977,61.0,12.0,120.0
Gary Freeman,52,167.0,3.2115384615384617,100.0,1.9230769230769231,32.0,0.6153846153846154,0.45934615384615385,0.0,0.26667307692307696,6.769230769230769,0.0,0.0,0.0
Gary Garland,78,334.0,4.282051282051282,138.0,1.7692307692307692,145.0,1.858974358974359,0.3740769230769231,0.05128205128205128,0.09935897435897435,14.179487179487179,54.0,4.0,73.0
Gary Grant,647,4423.0,6.836166924265842,1297.0,2.0046367851622873,3057.0,4.724884080370943,0.37897990726429676,0.09690417310664606,0.3021715610510046,22.483304042179263,829.0,72.0,1286.0
Gary Gray,43,105.0,2.441860465116279,22.0,0.5116279069767442,12.0,0.27906976744186046,0.28886046511627905,0.0,0.060441860465116286,3.2093023255813953,0.0,0.0,0.0
Gary Gregor,303,2921.0,9.64026402640264,2075.0,6.848184818481848,436.0,1.438943894389439,0.3979174917491749,0.0,0.4187821782178218,24.112211221122113,0.0,0.0,0.0
Gary Harris,845,7229.0,8.585510688836104,1649.0,1.9584323040380047,1302.0,1.5463182897862233,0.36661995249406176,0.29120546318289786,0.36367220902612823,25.468324348607368,765.0,173.0,733.0
Gary Hill,89,394.0,4.426966292134831,135.0,1.5168539325842696,117.0,1.3146067415730338,0.3008539325842697,0.0,0.34269662921348315,12.9438202247191,0.0,0.0,0.0
Gary II,2,3.0,3.0,1.0,1.0,0.0,0.0,1.0,0.0,0.5,,2.0,0.0,1.0
Gary Jr.,2,18.0,9.0,4.0,2.0,3.0,1.5,0.3395,0.643,0.875,,1.0,1.0,1.0
Gary Leonard,33,48.0,1.4545454545454546,36.0,1.0909090909090908,2.0,0.06060606060606061,0.33536363636363636,0.0,0.15151515151515152,4.666666666666667,4.0,10.0,9.0
Gary Melchionni,137,1074.0,7.839416058394161,329.0,2.4014598540145986,292.0,2.1313868613138687,0.40995620437956204,0.0,0.4872116788321168,19.985401459854014,58.0,14.0,0.0
Gary Neal,500,4147.0,8.294,911.0,1.822,685.0,1.37,0.34935000000000005,0.308202,0.36997399999999997,20.594405594405593,165.0,13.0,458.0
Gary Payton,1527,24120.0,15.795677799607073,5894.0,3.859855926653569,9890.0,6.476751800916831,0.44948199083169615,0.22343287491814015,0.5313876882776686,34.83907284768212,2692.0,319.0,3369.0
Gary Payton II,476,2406.0,5.086680761099366,1203.0,2.543340380549683,511.0,1.080338266384778,0.4239556025369979,0.1893340380549683,0.14386892177589852,14.808157248157249,383.0,120.0,263.0
Gary Phillips,369,2421.0,6.560975609756097,863.0,2.3387533875338753,649.0,1.7588075880758807,0.29993224932249324,0.0,0.4119783197831979,18.43089430894309,0.0,0.0,0.0
Gary Plummer,124,531.0,4.282258064516129,305.0,2.4596774193548385,66.0,0.532258064516129,0.40401612903225803,0.008064516129032258,0.36245967741935486,11.588709677419354,28.0,25.0,127.0
Gary Suiter,28,42.0,1.5,39.0,1.3928571428571428,2.0,0.07142857142857142,0.1962142857142857,0.0,0.08928571428571429,4.642857142857143,0.0,0.0,0.0
Gary Trent,603,4454.0,7.3864013266998345,2317.0,3.842454394693201,512.0,0.8490878938640133,0.39698341625207295,0.005804311774461028,0.35332669983416254,18.475655430711612,225.0,175.0,615.0
Gary Trent Jr.,593,6768.0,11.471186440677966,1138.0,1.928813559322034,735.0,1.2457627118644068,0.35118474576271186,0.3134677966101695,0.38124067796610167,26.64366223908918,577.0,83.0,366.0
Gary Voce,1,2.0,2.0,2.0,2.0,0.0,0.0,0.333,0.0,0.0,4.0,0.0,0.0,0.0
Gary Zeller,92,297.0,3.2282608695652173,100.0,1.0869565217391304,39.0,0.42391304347826086,0.22944565217391305,0.0,0.17482608695652174,7.9021739130434785,0.0,0.0,0.0
Gasper Vidmar,1,4.0,4.0,4.0,4.0,1.0,1.0,0.25,0.0,0.25,25.0,0.0,0.0,1.0
Gaylon Nickerson,14,15.0,1.0714285714285714,5.0,0.35714285714285715,1.0,0.07142857142857142,0.09514285714285715,0.0,0.21428571428571427,10.0,1.0,1.0,1.0
Geert Hammink,8,14.0,1.75,7.0,0.875,2.0,0.25,0.27075,0.0,0.270875,3.375,0.0,0.0,2.0
Gege Chaia,3,10.0,3.3333333333333335,3.0,1.0,12.0,4.0,0.22233333333333336,0.16666666666666666,0.5,,2.0,0.0,10.0
Gen Li,2,0.0,,0.0,,0.0,,,,,,0.0,0.0,0.0
Gene Banks,495,5597.0,11.307070707070707,2857.0,5.771717171717172,1401.0,2.83030303030303,0.5286383838383838,0.0030303030303030303,0.5361959595959596,27.82020202020202,456.0,105.0,766.0
Gene Conley,375,2218.0,5.914666666666666,1593.0,4.248,93.0,0.248,0.21647466666666665,0.0,0.41323466666666664,7.802666666666667,0.0,0.0,0.0
Gene Dyker,10,16.0,1.6,3.0,0.3,4.0,0.4,0.1,0.0,0.1833,2.9,0.0,0.0,0.0
Gene Englund,20,144.0,7.2,0.0,0.0,0.0,0.0,0.01,0.0,0.6544,0.0,0.0,0.0,0.0
Gene Guarilia,137,433.0,3.1605839416058394,188.0,1.3722627737226278,25.0,0.18248175182481752,0.22042335766423357,0.0,0.257,5.007299270072993,0.0,0.0,0.0
Gene James,20,57.0,2.85,0.0,0.0,2.0,0.1,0.06665,0.0,0.27835,0.0,0.0,0.0,0.0
Gene Short,34,84.0,2.4705882352941178,48.0,1.411764705882353,10.0,0.29411764705882354,0.24611764705882355,0.0,0.1695294117647059,6.529411764705882,3.0,2.0,0.0
Gene Shue,737,10713.0,14.5359565807327,1136.0,1.5413839891451833,707.0,0.9592944369063772,0.15927815468113976,0.0,0.6911370420624152,5.166892808683853,0.0,0.0,0.0
Gene Stump,46,270.0,5.869565217391305,0.0,0.0,1.0,0.021739130434782608,0.0,0.0,0.28380434782608693,0.0,0.0,0.0,0.0
Gene Tormohlen,297,1265.0,4.2592592592592595,1147.0,3.861952861952862,269.0,0.9057239057239057,0.3477272727272728,0.0,0.2546969696969697,10.390572390572391,0.0,0.0,0.0
Gene Vance,35,189.0,5.4,0.0,0.0,0.0,0.0,0.008371428571428571,0.0,0.5413428571428571,0.0,0.0,0.0,0.0
Gene Wiley,328,1394.0,4.25,2153.0,6.564024390243903,212.0,0.6463414634146342,0.37389634146341466,0.0,0.2543506097560976,8.439024390243903,0.0,0.0,0.0
Geno Carlisle,17,10.0,0.5882352941176471,2.0,0.11764705882352941,1.0,0.058823529411764705,0.058823529411764705,0.0,0.14705882352941177,2.4285714285714284,0.0,0.0,1.0
Geoff Huston,495,4380.0,8.848484848484848,677.0,1.3676767676767676,2498.0,5.0464646464646465,0.4389030303030303,0.023905050505050505,0.4152646464646465,24.57777777777778,223.0,26.0,687.0
Geoff Petrie,448,9740.0,21.741071428571427,1273.0,2.841517857142857,2066.0,4.611607142857143,0.4432276785714286,0.0,0.7315223214285714,37.515625,248.0,33.0,0.0
George Blaney,36,117.0,3.25,16.0,0.4444444444444444,5.0,0.1388888888888889,0.14502777777777778,0.0,0.15741666666666665,3.2222222222222223,0.0,0.0,0.0
George Brown,1,1.0,1.0,1.0,1.0,0.0,0.0,0.0,0.0,1.0,6.0,0.0,0.0,0.0
George Carter,1,3.0,3.0,0.0,0.0,1.0,1.0,0.5,0.0,1.0,5.0,0.0,0.0,0.0
George Conditt IV,3,2.0,0.6666666666666666,3.0,1.0,0.0,0.0,0.16666666666666666,0.0,0.0,8.0,2.0,2.0,0.0
George Dempsey,340,1681.0,4.944117647058824,906.0,2.664705882352941,569.0,1.673529411764706,0.2783794117647059,0.0,0.40561470588235293,3.1176470588235294,0.0,0.0,0.0
George Feigenbaum,4,13.0,3.25,0.0,0.0,0.0,0.0,0.0,0.0,0.3125,0.0,0.0,0.0,0.0
George Gervin,854,22363.0,26.186182669789225,3962.0,4.639344262295082,2396.0,2.8056206088992974,0.5038255269320843,0.05171428571428571,0.8063606557377049,33.78688524590164,1005.0,708.0,1478.0
George H. Bon Salle,3,4.0,1.3333333333333333,0.0,0.0,0.0,0.0,0.111,0.0,0.0,1.0,0.0,0.0,0.0
George Hill,1259,11680.0,9.284578696343402,3356.0,2.6677265500794913,3357.0,2.66852146263911,0.38600874403815577,0.2929483306836248,0.4837567567567568,26.463392857142857,990.0,281.0,1356.0
George IV,1,0.0,,0.0,,0.0,,,,,,0.0,0.0,0.0
George Johnson,1501,9128.0,6.021108179419525,8823.0,5.819920844327177,1784.0,1.1767810026385224,0.3952018469656992,0.008980870712401055,0.33506860158311347,18.812664907651715,715.0,1971.0,1035.0
George Kaftan,140,963.0,6.878571428571429,12.0,0.08571428571428572,43.0,0.30714285714285716,0.09598571428571429,0.0,0.47912857142857146,0.9571428571428572,0.0,0.0,0.0
George Karl,34,85.0,2.5,22.0,0.6470588235294118,51.0,1.5,0.25623529411764706,0.0,0.3021470588235294,8.205882352941176,12.0,0.0,1.0
George King,430,4281.0,10.02576112412178,744.0,1.7423887587822013,1144.0,2.6791569086651053,0.19553161592505855,0.0033185011709601876,0.5809133489461359,14.966184834123222,3.0,0.0,9.0
George Lee,320,2367.0,7.396875,826.0,2.58125,141.0,0.440625,0.239628125,0.0,0.574128125,8.06875,0.0,0.0,0.0
George Lehmann,67,213.0,3.1791044776119404,49.0,0.7313432835820896,118.0,1.7611940298507462,0.20937313432835822,0.0,0.30597014925373134,9.044776119402986,0.0,0.0,0.0
George Lynch,896,5532.0,6.174107142857143,4276.0,4.772321428571429,1219.0,1.3604910714285714,0.38796651785714287,0.10334933035714286,0.3014709821428571,22.498809523809523,889.0,281.0,966.0
George McCloud,831,7068.0,8.505415162454874,2388.0,2.8736462093862816,1799.0,2.164861612515042,0.3473116726835138,0.27229241877256316,0.4164873646209386,22.53076923076923,605.0,193.0,1087.0
George McGinnis,563,9596.0,17.044404973357015,5511.0,9.788632326820604,2094.0,3.719360568383659,0.41991651865008883,0.003552397868561279,0.5802380106571936,29.92007104795737,589.0,174.0,938.0
George Mikan,376,8256.0,21.95744680851064,869.0,2.3111702127659575,111.0,0.29521276595744683,0.19409308510638298,0.0,0.7929867021276596,2.4361702127659575,0.0,0.0,0.0
George Munroe,7,23.0,3.2857142857142856,0.0,0.0,0.0,0.0,0.0,0.0,0.03571428571428571,0.0,0.0,0.0,0.0
George Nostrand,19,173.0,9.105263157894736,0.0,0.0,0.0,0.0,0.0,0.0,0.6406842105263157,0.0,0.0,0.0,0.0
George Patterson,60,120.0,2.0,120.0,2.0,26.0,0.43333333333333335,0.16593333333333332,0.0,0.26113333333333333,4.7,0.0,0.0,0.0
George Paula,1,2.0,2.0,1.0,1.0,1.0,1.0,1.0,0.0,0.0,,0.0,0.0,0.0
George Ratkovicz,260,2419.0,9.303846153846154,206.0,0.7923076923076923,100.0,0.38461538461538464,0.08445384615384616,0.0,0.6120115384615384,1.45,0.0,0.0,0.0
George Reynolds,10,21.0,2.1,10.0,1.0,9.0,0.9,0.2083,0.0,0.175,3.0,0.0,0.0,0.0
George Senesky,289,2014.0,6.968858131487889,101.0,0.3494809688581315,263.0,0.9100346020761245,0.06510034602076124,0.0,0.5238754325259516,1.491349480968858,0.0,0.0,0.0
George Thompson,73,780.0,10.684931506849315,178.0,2.4383561643835616,217.0,2.9726027397260273,0.40820547945205476,0.0,0.5565753424657535,26.465753424657535,47.0,5.0,0.0
George Trapp,410,3609.0,8.802439024390244,1368.0,3.3365853658536584,329.0,0.802439024390244,0.3546146341463415,0.0,0.39055609756097565,14.046341463414635,37.0,28.0,0.0
George Wilson,422,2249.0,5.329383886255924,2093.0,4.959715639810427,287.0,0.6800947867298578,0.31668957345971566,0.0,0.4052085308056872,10.959715639810426,0.0,0.0,0.0
George Yardley,517,10015.0,19.37137330754352,1465.0,2.8336557059961316,208.0,0.402321083172147,0.15130754352030948,0.0,0.7517001934235977,4.529980657640232,0.0,0.0,0.0
George Zidek,194,453.0,2.3350515463917527,286.0,1.4742268041237114,32.0,0.16494845360824742,0.20564948453608248,0.005154639175257732,0.2448298969072165,9.577777777777778,14.0,12.0,69.0
George de Paula,3,0.0,0.0,0.0,0.0,0.0,0.0,0.0,0.0,0.0,,0.0,0.0,0.0
Georges Niang,718,4614.0,6.444134078212291,1547.0,2.160614525139665,613.0,0.8561452513966481,0.36664944134078215,0.31049022346368715,0.18081983240223465,16.492523510971786,206.0,95.0,442.0
Georgi Glouchkov,49,239.0,4.877551020408164,163.0,3.326530612244898,32.0,0.6530612244897959,0.37873469387755104,0.02040816326530612,0.40691836734693876,15.755102040816327,26.0,25.0,76.0
Georgios Kalaitzakis,31,98.0,3.161290322580645,32.0,1.032258064516129,17.0,0.5483870967741935,0.18867741935483873,0.09909677419354838,0.20080645161290323,15.5,13.0,3.0,23.0
Georgios Papagiannis,87,206.0,2.367816091954023,150.0,1.7241379310344827,35.0,0.40229885057471265,0.24122988505747128,0.011494252873563218,0.07758620689655173,12.5,8.0,26.0,47.0
Gerald Brown,43,82.0,1.9069767441860466,22.0,0.5116279069767442,31.0,0.7209302325581395,0.25079069767441864,0.06976744186046512,0.0872093023255814,6.5,5.0,1.0,22.0
Gerald Fitch,29,93.0,3.206896551724138,31.0,1.0689655172413792,35.0,1.206896551724138,0.21813793103448276,0.12182758620689654,0.1933448275862069,11.619047619047619,9.0,5.0,18.0
Gerald Glass,201,1553.0,7.72636815920398,512.0,2.5472636815920398,298.0,1.4825870646766168,0.3621592039800995,0.07503980099502487,0.2826766169154229,16.65174129353234,130.0,58.0,179.0
Gerald Green,963,7498.0,7.802289281997919,1931.0,2.0093652445369408,676.0,0.7034339229968782,0.31797294484911554,0.23939958376690948,0.336159209157128,18.352941176470587,394.0,234.0,850.0
Gerald Henderson,1619,14823.0,9.155651636812847,3441.0,2.125386040765905,4455.0,2.7516985793699815,0.40731933292155653,0.14481099444101297,0.4712235948116121,22.713639301874597,1230.0,286.0,2070.0
Gerald Madkins,55,80.0,1.4545454545454546,26.0,0.4727272727272727,65.0,1.1818181818181819,0.21212727272727272,0.12301818181818182,0.10909090909090909,8.5,24.0,1.0,29.0
Gerald Paddio,138,729.0,5.282608695652174,187.0,1.355072463768116,138.0,1.0,0.36168840579710143,0.042268115942028985,0.2478695652173913,11.992753623188406,40.0,13.0,95.0
Gerald Wallace,1168,10943.0,9.369006849315069,5284.0,4.523972602739726,1912.0,1.6369863013698631,0.33632277397260274,0.1337414383561644,0.40475770547945206,28.583767491926803,1321.0,745.0,1640.0
Gerald Wilkins,973,12447.0,12.792394655704008,2799.0,2.8766700924974304,2887.0,2.9671120246659815,0.41575025693730727,0.19056320657759507,0.5272065775950667,28.991623036649216,958.0,213.0,1778.0
Gerard Kelly,9,57.0,6.333333333333333,0.0,0.0,0.0,0.0,0.0,0.0,0.0,0.0,0.0,0.0,0.0
Gerard King,170,570.0,3.3529411764705883,397.0,2.335294117647059,85.0,0.5,0.3024647058823529,0.0,0.2167058823529412,13.201492537313433,50.0,28.0,93.0
German Gabriel,1,11.0,11.0,2.0,2.0,5.0,5.0,0.2,0.2,0.857,19.0,2.0,0.0,3.0
Geron Johnson,1,0.0,0.0,0.0,0.0,0.0,0.0,0.0,0.0,0.0,,0.0,0.0,0.0
Gerry Calabrese,83,417.0,5.024096385542169,7.0,0.08433734939759036,10.0,0.12048192771084337,0.048036144578313254,0.0,0.5122048192771084,0.6265060240963856,0.0,0.0,0.0
Gerry McNamara,4,10.0,2.5,2.0,0.5,2.0,0.5,0.39175000000000004,0.16675,0.0,7.5,0.0,0.0,5.0
Gerry Ward,181,571.0,3.154696132596685,236.0,1.3038674033149171,172.0,0.9502762430939227,0.2470828729281768,0.0,0.3018453038674033,4.558011049723757,0.0,0.0,0.0
Gheorghe Muresan,348,3035.0,8.721264367816092,1975.0,5.675287356321839,150.0,0.43103448275862066,0.4728045977011494,0.0,0.3971120689655172,21.74516129032258,171.0,459.0,457.0
Gian Clavell,15,73.0,4.866666666666666,25.0,1.6666666666666667,13.0,0.8666666666666667,0.22813333333333335,0.2422,0.22026666666666667,12.538461538461538,9.0,0.0,5.0
Giannis Antetokounmpo,1079,24776.0,23.00464252553389,10319.0,9.581244196843082,5093.0,4.7288765088207985,0.5164753946146704,0.20200835654596103,0.6278755803156917,32.02557487922705,1140.0,1259.0,3117.0
Gigi Datome,152,203.0,1.3355263157894737,80.0,0.5263157894736842,21.0,0.13815789473684212,0.13420394736842106,0.0633421052631579,0.029605263157894735,7.622950819672131,8.0,8.0,21.0
Gil Amitay,3,0.0,0.0,5.0,1.6666666666666667,3.0,1.0,0.0,0.0,0.0,,1.0,1.0,3.0
Gil McGregor,42,171.0,4.071428571428571,145.0,3.4523809523809526,16.0,0.38095238095238093,0.31864285714285717,0.0,0.3570714285714286,8.380952380952381,0.0,0.0,0.0
Gilad Melnik,3,0.0,0.0,0.0,0.0,0.0,0.0,0.0,0.0,0.0,,0.0,0.0,0.0
Gilbert Arenas,719,12377.0,17.214186369958277,2355.0,3.27538247566064,3153.0,4.385257301808067,0.34263421418636997,0.27111126564673155,0.5840681502086231,33.58183144246354,973.0,151.0,1906.0
Gilbert Brown,2,2.0,1.0,1.0,0.5,0.0,0.0,0.0,0.0,0.5,11.5,0.0,0.0,2.0
Giorgi Bezhanishvili,2,0.0,0.0,0.0,0.0,0.0,0.0,0.0,0.0,0.0,,0.0,0.0,0.0
Glen Davis,698,5176.0,7.415472779369628,2756.0,3.9484240687679084,548.0,0.7851002865329513,0.3950372492836676,0.011222063037249284,0.43801862464183383,20.231950844854072,442.0,227.0,668.0
Glen Gondrezick,450,2602.0,5.782222222222222,2008.0,4.4622222222222225,622.0,1.3822222222222222,0.4213222222222222,0.0044444444444444444,0.40786,17.18,397.0,100.0,351.0
Glen Rice,1136,19397.0,17.074823943661972,4693.0,4.131161971830986,2223.0,1.9568661971830985,0.4132526408450704,0.3238336267605634,0.6365580985915493,34.27029520295203,1020.0,281.0,1850.0
Glenn Hagan,4,7.0,1.75,4.0,1.0,8.0,2.0,0.41675,0.0,0.25,6.25,0.0,0.0,0.0
Glenn Hansen,112,588.0,5.25,247.0,2.205357142857143,93.0,0.8303571428571429,0.33379464285714283,0.0,0.30612500000000004,12.723214285714286,56.0,15.0,1.0
Glenn III,1,0.0,,0.0,,0.0,,,,,,0.0,0.0,0.0
Glenn McDonald,165,635.0,3.8484848484848486,229.0,1.387878787878788,105.0,0.6363636363636364,0.3474363636363636,0.0,0.1992909090909091,9.642424242424243,23.0,4.0,0.0
Glenn Mosley,35,103.0,2.942857142857143,70.0,2.0,21.0,0.6,0.35577142857142857,0.0,0.2738,7.085714285714285,8.0,11.0,13.0
Glenn Robinson,799,14806.0,18.530663329161452,4390.0,5.494367959949938,1959.0,2.4518147684605758,0.4130600750938674,0.26036670838548187,0.6598861076345433,35.83857729138167,853.0,427.0,2226.0
Glenn Robinson III,473,2103.0,4.464968152866242,886.0,1.881104033970276,275.0,0.583864118895966,0.30001486199575367,0.16775583864118898,0.22848832271762207,16.67536231884058,168.0,60.0,175.0
God Shammgod,36,61.0,1.6944444444444444,7.0,0.19444444444444445,36.0,1.0,0.14266666666666666,0.0,0.2361111111111111,6.85,7.0,1.0,21.0
Goebel Ritter,81,376.0,4.6419753086419755,0.0,0.0,10.0,0.12345679012345678,0.035938271604938274,0.0,0.4310864197530864,0.0,0.0,0.0,0.0
Goga Bitadze,93,437.0,4.698924731182796,382.0,4.10752688172043,94.0,1.010752688172043,0.5085806451612903,0.021505376344086023,0.3315483870967742,14.919736842105264,43.0,83.0,55.0
Goran Dragic,1212,14134.0,11.690653432588917,3197.0,2.6443341604631927,4901.0,4.053763440860215,0.3887187758478081,0.27098428453267165,0.4829892473118279,26.101734317343173,985.0,187.0,2339.0
Goran Suton,6,10.0,1.6666666666666667,15.0,2.5,4.0,0.6666666666666666,0.5555,0.0,0.0,8.666666666666666,1.0,1.0,5.0
Gordan Giricek,490,4049.0,8.263265306122449,1047.0,2.136734693877551,645.0,1.316326530612245,0.3887408163265306,0.26903061224489794,0.40847755102040817,21.775510204081634,245.0,52.0,593.0
Gordon Hayward,986,13805.0,14.029471544715447,4055.0,4.120934959349594,3185.0,3.236788617886179,0.4087672764227642,0.31355894308943094,0.6324674796747967,29.74371767241379,908.0,346.0,1761.0
Gorgui Dieng,838,4974.0,5.95688622754491,3814.0,4.567664670658683,900.0,1.0778443113772456,0.3690754491017964,0.11615329341317365,0.3630407185628743,19.48462664714495,499.0,605.0,751.0
Gracin Bakumanya,3,0.0,0.0,0.0,0.0,0.0,0.0,0.0,0.0,0.0,,0.0,0.0,0.0
Gradey Dick,232,1902.0,8.198275862068966,517.0,2.228448275862069,233.0,1.0043103448275863,0.3352413793103448,0.2541896551724138,0.37839655172413794,20.10826860841424,139.0,22.0,191.0
Grady O'Malley,25,50.0,2.0,27.0,1.08,13.0,0.52,0.22655999999999998,0.0,0.13668,4.88,0.0,0.0,0.0
Grant Anticevich,3,8.0,2.6666666666666665,9.0,3.0,2.0,0.6666666666666666,0.111,0.111,0.0,,0.0,2.0,1.0
Grant Golden,5,0.0,0.0,0.0,0.0,0.0,0.0,0.0,0.0,0.0,1.0,0.0,0.0,0.0
Grant Gondrezick,91,454.0,4.989010989010989,146.0,1.6043956043956045,115.0,1.2637362637362637,0.3969230769230769,0.047615384615384615,0.3930439560439561,11.868131868131869,38.0,5.0,73.0
Grant Hill,1219,18144.0,14.884331419196062,6571.0,5.3904840032813786,4479.0,3.6743232157506154,0.4319835931091058,0.11011320754716981,0.6042936833470057,32.83856502242153,1327.0,610.0,2609.0
Grant Jerrett,48,42.0,0.875,19.0,0.3958333333333333,3.0,0.0625,0.08314583333333334,0.05625,0.08333333333333333,6.0,2.0,3.0,4.0
Grant Long,1090,9891.0,9.074311926605505,6397.0,5.868807339449542,1775.0,1.628440366972477,0.4196926605504587,0.050915596330275224,0.5324596330275229,28.24976076555024,1240.0,376.0,1694.0
Grant Nelson,6,17.0,2.8333333333333335,6.0,1.0,5.0,0.8333333333333334,0.2618333333333333,0.0,0.3333333333333333,8.5525,1.0,5.0,4.0
Grant Riller,38,31.0,0.8157894736842105,1.0,0.02631578947368421,5.0,0.13157894736842105,0.12105263157894736,0.05263157894736842,0.046052631578947366,5.1,2.0,1.0,3.0
Grant Williams,566,3484.0,6.15547703180212,1797.0,3.174911660777385,697.0,1.2314487632508835,0.36014487632508835,0.28707950530035337,0.3130053003533569,21.540418326693228,251.0,270.0,481.0
Granville Waiters,262,614.0,2.3435114503816794,547.0,2.0877862595419847,121.0,0.4618320610687023,0.3305267175572519,0.0,0.11065648854961832,9.851145038167939,58.0,188.0,151.0
Grayson Allen,572,5660.0,9.929824561403509,1543.0,2.7070175438596493,1093.0,1.9175438596491228,0.38726315789473686,0.3416157894736842,0.43937894736842104,24.971392156862745,398.0,145.0,544.0
Grayson Murphy,1,0.0,0.0,0.0,0.0,0.0,0.0,0.0,0.0,0.0,,0.0,0.0,0.0
Greg Anderson,732,5030.0,6.871584699453552,4315.0,5.894808743169399,390.0,0.5327868852459017,0.39645901639344266,0.00182103825136612,0.32013661202185795,20.436154949784793,487.0,602.0,945.0
Greg Anthony,899,5954.0,6.622914349276974,1541.0,1.71412680756396,3231.0,3.5939933259176864,0.3559955506117909,0.23183203559510568,0.3632202447163515,20.07217694994179,970.0,97.0,1137.0
Greg Ballard,867,10436.0,12.036908881199539,5182.0,5.976931949250289,1837.0,2.118800461361015,0.44319492502883506,0.061457900807381775,0.5148489042675894,26.97347174163783,636.0,186.0,684.0
Greg Brown III,140,304.0,2.1714285714285713,202.0,1.4428571428571428,42.0,0.3,0.21075,0.06049285714285714,0.15357142857142858,10.6875,33.0,39.0,52.0
Greg Buckner,776,3188.0,4.108247422680412,1754.0,2.2603092783505154,788.0,1.0154639175257731,0.31314819587628867,0.13270876288659794,0.22816752577319588,18.312893081761008,492.0,124.0,439.0
Greg Bunch,12,28.0,2.3333333333333335,17.0,1.4166666666666667,4.0,0.3333333333333333,0.259,0.0,0.2708333333333333,8.083333333333334,1.0,1.0,2.0
Greg Butler,55,76.0,1.3818181818181818,53.0,0.9636363636363636,4.0,0.07272727272727272,0.207,0.0,0.17272727272727273,3.8181818181818183,1.0,2.0,24.0
Greg Deane,7,10.0,1.4285714285714286,6.0,0.8571428571428571,6.0,0.8571428571428571,0.09514285714285715,0.14285714285714285,0.20242857142857143,6.857142857142857,0.0,0.0,1.0
Greg Dreiling,511,1031.0,2.0176125244618395,1038.0,2.031311154598826,186.0,0.3639921722113503,0.2910469667318982,0.007827788649706457,0.20779060665362034,8.923395445134576,82.0,137.0,253.0
Greg Fillmore,57,118.0,2.0701754385964914,116.0,2.0350877192982457,24.0,0.42105263157894735,0.257,0.0,0.11985964912280701,6.368421052631579,0.0,0.0,0.0
Greg Foster,818,2771.0,3.3875305623471883,1847.0,2.2579462102689485,371.0,0.45354523227383864,0.3113398533007335,0.020985330073349635,0.21224205378973104,11.930843706777317,102.0,209.0,505.0
Greg Graham,251,950.0,3.7848605577689245,224.0,0.8924302788844621,207.0,0.8247011952191236,0.2828884462151394,0.06904780876494024,0.3106812749003984,11.981220657276996,130.0,12.0,180.0
Greg Grant,284,788.0,2.7746478873239435,257.0,0.9049295774647887,766.0,2.6971830985915495,0.2617781690140845,0.08937676056338027,0.13474295774647888,12.028169014084508,164.0,8.0,236.0
Greg Griffin,38,151.0,3.973684210526316,107.0,2.8157894736842106,27.0,0.7105263157894737,0.3724736842105263,0.0,0.23028947368421052,11.763157894736842,17.0,1.0,41.0
Greg Hire,2,3.0,1.5,6.0,3.0,1.0,0.5,0.25,0.0,0.0835,,3.0,0.0,1.0
Greg Howard,92,312.0,3.391304347826087,226.0,2.4565217391304346,52.0,0.5652173913043478,0.29190217391304346,0.0,0.31671739130434784,9.184782608695652,0.0,0.0,0.0
Greg Hyder,77,417.0,5.415584415584416,332.0,4.311688311688312,36.0,0.4675324675324675,0.4565454545454546,0.0,0.30902597402597404,13.597402597402597,0.0,0.0,0.0
Greg III,2,12.0,12.0,2.0,2.0,1.0,1.0,1.0,1.0,0.5,,0.0,0.0,0.0
Greg Jackson,54,237.0,4.388888888888889,69.0,1.2777777777777777,96.0,1.7777777777777777,0.30725925925925923,0.0,0.27516666666666667,14.777777777777779,23.0,8.0,0.0
Greg Kelser,310,2973.0,9.59032258064516,1399.0,4.512903225806451,402.0,1.2967741935483872,0.43689677419354833,0.012364516129032258,0.5399354838709677,19.322580645161292,164.0,110.0,491.0
Greg Kite,741,1772.0,2.3913630229419702,2700.0,3.6437246963562755,361.0,0.48717948717948717,0.3123994601889339,0.001349527665317139,0.16215114709851552,14.098515519568151,175.0,427.0,559.0
Greg Lee,5,6.0,1.2,2.0,0.4,11.0,2.2,0.3,0.0,0.2,7.0,2.0,0.0,0.0
Greg Minor,318,1913.0,6.015723270440252,742.0,2.3333333333333335,386.0,1.2138364779874213,0.3825125786163522,0.052144654088050316,0.30759119496855347,18.206405693950177,157.0,47.0,226.0
Greg Monroe,794,9149.0,11.551767676767676,5718.0,7.21969696969697,1482.0,1.871212121212121,0.4574065656565657,0.001893939393939394,0.5227222222222222,26.149584487534625,767.0,410.0,1329.0
Greg Oden,153,1036.0,6.771241830065359,797.0,5.209150326797386,63.0,0.4117647058823529,0.43351633986928106,0.0,0.39172549019607844,18.625,48.0,151.0,176.0
Greg Ostertag,928,3904.0,4.206896551724138,4669.0,5.03125,477.0,0.5140086206896551,0.39997198275862067,0.0010775862068965517,0.3014881465517241,19.0481220657277,219.0,1464.0,760.0
Greg Smith,908,5879.0,6.474669603524229,3743.0,4.122246696035242,963.0,1.0605726872246697,0.35163105726872246,0.0,0.343363436123348,16.445283018867926,103.0,79.0,79.0
Greg Somogyi,3,5.0,1.6666666666666667,8.0,2.6666666666666665,2.0,0.6666666666666666,0.08333333333333333,0.0,0.25,7.666666666666667,0.0,1.0,2.0
Greg Stiemsma,351,733.0,2.0883190883190883,792.0,2.2564102564102564,116.0,0.33048433048433046,0.2707663817663818,0.0,0.14522792022792022,13.610441767068274,131.0,259.0,167.0
Greg Stokes,49,157.0,3.204081632653061,75.0,1.530612244897959,21.0,0.42857142857142855,0.23555102040816325,0.0,0.20579591836734693,9.673469387755102,16.0,17.0,26.0
Greg Sutton,173,768.0,4.4393063583815024,158.0,0.9132947976878613,289.0,1.670520231213873,0.3263121387283237,0.2507514450867052,0.27986127167630054,11.468208092485549,85.0,14.0,184.0
Greg Whittington,22,11.0,0.5,19.0,0.8636363636363636,2.0,0.09090909090909091,0.04168181818181818,0.007590909090909092,0.0,9.0,2.0,2.0,9.0
Gregory Vargas,3,22.0,7.333333333333333,11.0,3.6666666666666665,20.0,6.666666666666667,0.425,0.111,0.25,,5.0,0.0,9.0
Greivis Vasquez,475,3950.0,8.31578947368421,1168.0,2.4589473684210525,2162.0,4.551578947368421,0.3760294736842105,0.2762021052631579,0.3803621052631579,22.722100656455144,272.0,39.0,854.0
Guan Ziyu,3,14.0,4.666666666666667,5.0,1.6666666666666667,2.0,0.6666666666666666,0.261,0.16666666666666666,0.3333333333333333,20.586666666666666,1.0,0.0,7.0
Guerschon Yabusele,340,1446.0,4.27810650887574,827.0,2.4467455621301775,268.0,0.7928994082840237,0.2647810650887574,0.17205917159763312,0.20450591715976332,14.989547325102881,117.0,66.0,174.0
Gui Deodato,1,16.0,16.0,4.0,4.0,1.0,1.0,0.545,0.5,0.0,,1.0,0.0,2.0
Gui Santos,228,1023.0,4.4868421052631575,533.0,2.337719298245614,281.0,1.2324561403508771,0.3083245614035088,0.19549561403508772,0.21760964912280703,14.998070175438597,99.0,37.0,170.0
Guilherme Braga,1,2.0,2.0,2.0,2.0,0.0,0.0,0.333,0.0,0.0,,0.0,0.0,0.0
Guillermo Diaz,17,45.0,2.6470588235294117,14.0,0.8235294117647058,13.0,0.7647058823529411,0.1771764705882353,0.06570588235294117,0.17647058823529413,7.846153846153846,1.0,1.0,4.0
Guillermo Hernangomez,2,7.0,3.5,7.0,3.5,0.0,0.0,0.6665,0.0,0.25,1.0,0.0,1.0,0.0
Gundars Vetra,13,45.0,3.4615384615384617,8.0,0.6153846153846154,6.0,0.46153846153846156,0.3050769230769231,0.15384615384615385,0.09615384615384616,6.846153846153846,2.0,0.0,2.0
Gus Bailey,155,434.0,2.8,238.0,1.5354838709677419,163.0,1.0516129032258064,0.2810064516129032,0.0064516129032258064,0.1767548387096774,7.767741935483871,21.0,20.0,18.0
Gus Gerard,289,1627.0,5.629757785467128,720.0,2.491349480968858,217.0,0.7508650519031141,0.36569204152249135,0.0034602076124567475,0.3417612456747405,12.01038062283737,111.0,112.0,77.0
Gus Johnson,621,10473.0,16.864734299516908,6994.0,11.262479871175524,1141.0,1.8373590982286634,0.33267632850241546,0.0,0.619096618357488,19.89694041867955,0.0,0.0,0.0
Gus Williams,928,16062.0,17.308189655172413,2532.0,2.728448275862069,5065.0,5.457974137931035,0.44438254310344827,0.05818426724137931,0.6062984913793104,31.11314655172414,1570.0,285.0,1597.0
Gustavo Aguirre,1,7.0,7.0,4.0,4.0,7.0,7.0,0.273,0.2,0.0,,0.0,0.0,4.0
Gustavo Agurre,1,17.0,17.0,7.0,7.0,11.0,11.0,0.4,0.8,0.625,,2.0,1.0,1.0
Gustavo Ayon,195,682.0,3.4974358974358974,621.0,3.1846153846153844,189.0,0.9692307692307692,0.3423846153846154,0.0,0.14145641025641026,16.04861111111111,107.0,74.0,132.0
Guy Gafnu,1,6.0,6.0,4.0,4.0,0.0,0.0,0.5,0.0,0.0,10.0,0.0,0.0,0.0
Guy Lavie,2,0.0,0.0,2.0,1.0,3.0,1.5,0.0,0.0,0.0,,0.0,0.0,2.0
Guy Morgan,8,15.0,1.875,17.0,2.125,7.0,0.875,0.179125,0.0,0.03125,5.75,2.0,0.0,1.0
Guy Pnini,2,17.0,8.5,1.0,0.5,3.0,1.5,0.4,0.4335,0.0,,1.0,1.0,3.0
Guy Rodgers,942,10938.0,11.611464968152866,3791.0,4.024416135881104,6713.0,7.126326963906582,0.31836624203821656,0.0,0.5757855626326964,18.56900212314225,0.0,0.0,0.0
Guy Rucker,9,0.0,0.0,1.0,0.1111111111111111,1.0,0.1111111111111111,0.0,0.0,0.0,0.6666666666666666,0.0,0.0,0.0
Guy Sparrow,149,1151.0,7.724832214765101,309.0,2.0738255033557045,45.0,0.30201342281879195,0.13757718120805368,0.0,0.44728859060402687,2.9395973154362416,0.0,0.0,0.0
Guy Williams,25,66.0,2.64,33.0,1.32,9.0,0.36,0.4182,0.04,0.1,5.72,6.0,4.0,8.0
Hakeem Olajuwon,1414,30763.0,21.756011315417258,15413.0,10.9002828854314,3520.0,2.489391796322489,0.5023776520509193,0.02050919377652051,0.6504137199434229,35.933765298776095,2413.0,4309.0,4102.0
Hakim Warrick,661,5485.0,8.29803328290469,2338.0,3.5370650529500756,441.0,0.6671709531013615,0.3883993948562784,0.02723146747352496,0.5004810892586989,19.858620689655172,242.0,174.0,716.0
Hal Crisler,1,0.0,0.0,0.0,0.0,0.0,0.0,0.0,0.0,0.0,0.0,0.0,0.0,0.0
Hal Greer,1223,23578.0,19.278822567457073,5011.0,4.097301717089125,3909.0,3.196238757154538,0.36673671300081767,0.0,0.7348847097301717,20.273098937040064,0.0,0.0,0.0
Hal Lear,3,4.0,1.3333333333333333,1.0,0.3333333333333333,1.0,0.3333333333333333,0.111,0.0,0.0,0.0,0.0,0.0,0.0
Hamady Ndiaye,81,28.0,0.345679012345679,39.0,0.48148148148148145,3.0,0.037037037037037035,0.08435802469135803,0.0,0.04938271604938271,4.565217391304348,3.0,15.0,13.0
Hamed Haddadi,337,409.0,1.2136498516320475,464.0,1.3768545994065282,54.0,0.16023738872403562,0.15751632047477745,0.0,0.11950741839762612,6.602150537634409,16.0,111.0,121.0
Hamidou Diallo,361,2418.0,6.754189944134078,1080.0,3.016759776536313,301.0,0.840782122905028,0.3654301675977654,0.10372346368715085,0.3241983240223464,18.135714285714286,240.0,81.0,305.0
Hanchen Luo,2,9.0,4.5,2.0,1.0,6.0,3.0,0.3055,0.0,0.125,,1.0,0.0,8.0
Hank Beenders,14,20.0,1.4285714285714286,0.0,0.0,0.0,0.0,0.0,0.0,0.25,0.0,0.0,0.0,0.0
Hank DeZonie,4,16.0,4.0,0.0,0.0,0.0,0.0,0.0,0.0,0.375,0.0,0.0,0.0,0.0
Hank Finkel,583,2848.0,4.885077186963979,2009.0,3.445969125214408,395.0,0.6775300171526587,0.32837392795883363,0.0,0.2861355060034305,9.500857632933105,4.0,3.0,0.0
Hank McDowell,221,610.0,2.760180995475113,474.0,2.1447963800904977,102.0,0.46153846153846156,0.3407647058823529,0.0,0.22919909502262442,8.570135746606335,34.0,28.0,132.0
Hank Rosenstein,5,22.0,4.4,0.0,0.0,0.0,0.0,0.0,0.0,0.15,0.0,0.0,0.0,0.0
Hank Thorns,5,6.0,1.2,2.0,0.4,1.0,0.2,0.4,0.0,0.0,3.2,0.0,0.0,4.0
Hanno Mottola,160,715.0,4.46875,442.0,2.7625,75.0,0.46875,0.39189375000000004,0.00208125,0.32396250000000004,14.683870967741935,31.0,28.0,137.0
Hansen Yang,77,137.0,1.7792207792207793,83.0,1.077922077922078,26.0,0.33766233766233766,0.17854545454545453,0.05519480519480519,0.19263636363636363,7.259679487179487,4.0,15.0,43.0
Haofeng Sun,1,3.0,3.0,0.0,0.0,0.0,0.0,0.5,0.0,0.5,,0.0,0.0,2.0
Happy Hairston,845,12312.0,14.570414201183432,8238.0,9.749112426035502,1229.0,1.4544378698224851,0.44554911242603545,0.0,0.6674544378698225,22.893491124260354,34.0,12.0,0.0
Harold Ellis,153,840.0,5.490196078431373,291.0,1.9019607843137254,89.0,0.5816993464052288,0.40430065359477124,0.006535947712418301,0.36866013071895426,13.151724137931035,159.0,18.0,111.0
Harold Fox,10,31.0,3.1,10.0,1.0,6.0,0.6,0.24580000000000002,0.0,0.175,5.2,0.0,0.0,0.0
Harold Jamison,88,72.0,0.8181818181818182,60.0,0.6818181818181818,10.0,0.11363636363636363,0.15831818181818183,0.0,0.0625,6.378378378378378,7.0,2.0,10.0
Harold Keeling,21,44.0,2.0952380952380953,6.0,0.2857142857142857,10.0,0.47619047619047616,0.3142857142857143,0.0,0.20238095238095238,3.619047619047619,7.0,0.0,7.0
Harold Kottman,9,21.0,2.3333333333333335,0.0,0.0,0.0,0.0,0.0,0.0,0.0,0.0,0.0,0.0,0.0
Harold Miner,205,1833.0,8.941463414634146,440.0,2.1463414634146343,247.0,1.2048780487804878,0.424409756097561,0.06373658536585365,0.4863024390243903,18.651960784313726,81.0,27.0,280.0
Harold Pressley,299,2702.0,9.036789297658864,1339.0,4.478260869565218,628.0,2.100334448160535,0.411257525083612,0.1919464882943144,0.3861973244147157,22.74916387959866,275.0,188.0,409.0
Harrison Barnes,1251,16024.0,12.829463570856685,5565.0,4.455564451561249,2077.0,1.6629303442754204,0.43484307445956766,0.3334747798238591,0.608169735788631,29.708344191096632,815.0,228.0,1318.0
Harrison Ingram,46,36.0,0.782608695652174,37.0,0.8043478260869565,10.0,0.21739130434782608,0.2202826086956522,0.03260869565217391,0.0,6.642,6.0,0.0,6.0
Harry Barnes,22,43.0,1.9545454545454546,24.0,1.0909090909090908,5.0,0.22727272727272727,0.25145454545454543,0.0,0.16286363636363638,2.6818181818181817,0.0,0.0,0.0
Harry Boykoff,32,244.0,7.625,0.0,0.0,6.0,0.1875,0.03628125,0.0,0.51475,0.0,0.0,0.0,0.0
Harry Davis,44,175.0,3.977272727272727,72.0,1.6363636363636365,16.0,0.36363636363636365,0.3854545454545455,0.0,0.29545454545454547,9.636363636363637,14.0,8.0,22.0
Harry Donovan,29,181.0,6.241379310344827,0.0,0.0,2.0,0.06896551724137931,0.10086206896551723,0.0,0.5574827586206897,0.0,0.0,0.0,0.0
Harry Froling,2,9.0,4.5,15.0,7.5,0.0,0.0,0.236,0.0,0.375,,0.0,0.0,3.0
Harry Gallatin,623,8208.0,13.174959871589085,2300.0,3.691813804173355,353.0,0.5666131621187801,0.13524558587479935,0.0,0.7544478330658106,4.635634028892456,0.0,0.0,0.0
Harry Giles III,296,1025.0,3.4863945578231292,699.0,2.377551020408163,208.0,0.7074829931972789,0.26750340136054424,0.03231292517006803,0.18318707482993196,11.55081081081081,79.0,64.0,162.0
Harry III,3,32.0,16.0,17.0,8.5,2.0,1.0,0.7,0.0,0.5,,2.0,4.0,3.0
Harthorne Wingo,223,1073.0,4.811659192825112,777.0,3.484304932735426,134.0,0.600896860986547,0.37958295964125566,0.0,0.32089237668161436,12.910313901345292,23.0,17.0,0.0
Harvey Catchings,777,2401.0,3.09009009009009,3773.0,4.8558558558558556,628.0,0.8082368082368082,0.3772149292149292,0.0,0.23774131274131274,17.315315315315317,208.0,995.0,482.0
Harvey Grant,830,7887.0,9.502409638554218,3489.0,4.203614457831326,1232.0,1.4843373493975904,0.4136421686746988,0.04559879518072289,0.3517481927710844,25.953865336658353,604.0,437.0,722.0
Harvey Halbrook,151,849.0,5.622516556291391,580.0,3.8410596026490067,34.0,0.2251655629139073,0.16874172185430464,0.0,0.43079470198675496,4.0927152317880795,0.0,0.0,0.0
Harvey Marlatt,61,224.0,3.6721311475409837,74.0,1.2131147540983607,86.0,1.4098360655737705,0.2748360655737705,0.0,0.4098196721311475,10.131147540983607,0.0,0.0,0.0
Hasheem Thabeet,420,591.0,1.4071428571428573,711.0,1.6928571428571428,35.0,0.08333333333333333,0.23354523809523808,0.0,0.13251428571428572,10.521235521235521,71.0,216.0,157.0
Hassan Adams,138,251.0,1.818840579710145,116.0,0.8405797101449275,26.0,0.18840579710144928,0.22776811594202898,0.0,0.11231884057971014,7.852631578947369,29.0,7.0,45.0
Hassan Whiteside,678,6948.0,10.308605341246292,5984.0,8.87833827893175,345.0,0.5118694362017804,0.4819970326409495,0.011869436201780416,0.4054272997032641,23.664912280701753,296.0,1255.0,838.0
Hassani Gravett,14,65.0,4.642857142857143,25.0,1.7857142857142858,21.0,1.5,0.4012142857142857,0.32735714285714285,0.17857142857142858,17.818181818181817,7.0,1.0,10.0
Hayden Gray,1,6.0,6.0,0.0,0.0,1.0,1.0,0.667,0.0,1.0,24.45,1.0,1.0,1.0
Haywood Highsmith,369,1468.0,3.978319783197832,817.0,2.214092140921409,287.0,0.7777777777777778,0.28824119241192414,0.21036043360433607,0.09949864498644988,18.217635933806147,200.0,98.0,166.0
Haywoode Workman,436,2204.0,5.055045871559633,904.0,2.073394495412844,1576.0,3.614678899082569,0.33522706422018345,0.1601284403669725,0.3071376146788991,20.1325,398.0,22.0,602.0
Hector Hernandez,4,29.0,7.25,19.0,4.75,3.0,0.75,0.29825,0.14825,0.25,,3.0,1.0,1.0
Hedo Turkoglu,1259,12542.0,9.961874503574265,4555.0,3.617950754567117,3223.0,2.5599682287529784,0.37019301032565527,0.2941826846703733,0.45369658459094514,26.175043327556327,865.0,347.0,1833.0
Henri Drell,19,11.0,0.5789473684210527,4.0,0.21052631578947367,5.0,0.2631578947368421,0.04889473684210527,0.02631578947368421,0.02631578947368421,6.4,2.0,1.0,2.0
Henry Akin,88,307.0,3.4886363636363638,118.0,1.3409090909090908,22.0,0.25,0.21370454545454545,0.0,0.22822727272727272,4.465909090909091,0.0,0.0,0.0
Henry Bibby,747,6341.0,8.488621151271754,1745.0,2.3360107095046856,2463.0,3.2971887550200805,0.3803681392235609,0.03123427041499331,0.5307001338688085,22.00669344042838,256.0,19.0,287.0
Henry Darcey,10,10.0,1.0,0.0,0.0,0.0,0.0,0.0,0.0,0.2,0.0,0.0,0.0,0.0
Henry Dickerson,28,54.0,1.9285714285714286,8.0,0.2857142857142857,19.0,0.6785714285714286,0.2677857142857143,0.0,0.14982142857142858,6.357142857142857,3.0,0.0,0.0
Henry Ellenson,202,434.0,2.180904522613065,247.0,1.2412060301507537,60.0,0.3015075376884422,0.14682914572864322,0.11261809045226132,0.12567336683417085,9.616161616161616,15.0,4.0,55.0
Henry James,272,1304.0,4.794117647058823,321.0,1.1801470588235294,91.0,0.33455882352941174,0.26274632352941174,0.19567279411764704,0.25056985294117645,11.982456140350877,50.0,18.0,139.0
Henry Sewell,1,0.0,0.0,0.0,0.0,0.0,0.0,0.0,0.0,0.0,0.48,0.0,0.0,0.0
Henry Sims,199,1201.0,6.065656565656566,782.0,3.9494949494949494,156.0,0.7878787878787878,0.3472222222222222,0.010101010101010102,0.401510101010101,17.775757575757577,90.0,75.0,196.0
Henry Turner,66,224.0,3.393939393939394,78.0,1.1818181818181819,29.0,0.4393939393939394,0.32686363636363636,0.030303030303030304,0.26425757575757575,7.03030303030303,25.0,8.0,38.0
Henry Walker,279,1186.0,4.250896057347671,442.0,1.5842293906810037,164.0,0.5878136200716846,0.2675017921146953,0.1664731182795699,0.17017921146953405,16.04950495049505,109.0,29.0,169.0
Henry Ward,28,87.0,3.107142857142857,33.0,1.1785714285714286,6.0,0.21428571428571427,0.275,0.0,0.17857142857142858,6.142857142857143,5.0,5.0,0.0
Herb Scherer,24,85.0,3.5416666666666665,0.0,0.0,0.0,0.0,0.01979166666666667,0.0,0.42016666666666663,0.375,0.0,0.0,0.0
Herb White,38,90.0,2.3684210526315788,45.0,1.1842105263157894,42.0,1.105263157894737,0.33560526315789474,0.0,0.26576315789473687,7.342105263157895,0.0,0.0,0.0
Herb Williams,1333,12097.0,9.075018754688672,6587.0,4.941485371342836,1873.0,1.4051012753188297,0.36323480870217556,0.005626406601650412,0.36540135033758436,25.01035375323555,570.0,1619.0,1824.0
Herbert Hill,4,8.0,2.0,17.0,4.25,1.0,0.25,0.1665,0.0,0.25,8.75,1.0,4.0,1.0
Herbert Jones,344,3212.0,9.337209302325581,1208.0,3.511627906976744,803.0,2.3343023255813953,0.4392267441860465,0.295218023255814,0.49528779069767437,29.234756097560975,507.0,219.0,432.0
Herm Gilliam,613,6521.0,10.637846655791192,2090.0,3.409461663947798,2076.0,3.3866231647634586,0.3760995106035889,0.0,0.5052544861337683,21.557911908646002,188.0,15.0,0.0
Herm Hedderick,5,4.0,0.8,0.0,0.0,0.0,0.0,0.2,0.0,0.0,1.6,0.0,0.0,0.0
Herm Schaefer,70,460.0,6.571428571428571,0.0,0.0,23.0,0.32857142857142857,0.061914285714285706,0.0,0.6602714285714286,0.0,0.0,0.0,0.0
Hersey Hawkins,1087,15513.0,14.271389144434222,3840.0,3.532658693652254,3055.0,2.81048758049678,0.4228399264029439,0.33587488500459983,0.6929871205151794,32.51844843897824,1741.0,331.0,1950.0
Herve Lamizana,1,0.0,0.0,3.0,3.0,0.0,0.0,0.0,0.0,0.0,12.0,0.0,0.0,1.0
Hilton Armstrong,466,1162.0,2.4935622317596566,974.0,2.0901287553648067,128.0,0.27467811158798283,0.2796974248927039,0.004291845493562232,0.18377038626609443,11.473239436619718,116.0,175.0,299.0
Hiram Fuller,17,43.0,2.5294117647058822,41.0,2.411764705882353,6.0,0.35294117647058826,0.3528823529411764,0.0,0.23529411764705882,9.375,0.0,8.0,14.0
Hollis Copeland,93,464.0,4.989247311827957,158.0,1.6989247311827957,87.0,0.9354838709677419,0.4303763440860215,0.0,0.2653763440860215,13.279569892473118,32.0,15.0,27.0
Hollis Thompson,320,2244.0,7.0344827586206895,911.0,2.8557993730407523,306.0,0.9592476489028213,0.3569498432601881,0.3068181818181818,0.3065454545454545,23.460481099656356,181.0,77.0,244.0
Hongrui Duan,1,0.0,0.0,0.0,0.0,0.0,0.0,0.0,0.0,0.0,,0.0,0.0,0.0
Horace Grant,1391,14903.0,10.713874910136592,10900.0,7.8360891445003595,2935.0,2.10999281092739,0.47362185478073326,0.0025161754133716753,0.48511430625449314,33.359550561797754,1314.0,1308.0,1487.0
Horace Jenkins,27,60.0,2.2222222222222223,10.0,0.37037037037037035,14.0,0.5185185185185185,0.16548148148148148,0.06174074074074074,0.19137037037037036,5.894736842105263,6.0,1.0,15.0
Horace McKinney,81,449.0,5.54320987654321,31.0,0.38271604938271603,53.0,0.654320987654321,0.08655555555555555,0.0,0.5053333333333334,4.08641975308642,0.0,0.0,0.0
Horace Walker,65,438.0,6.7384615384615385,235.0,3.6153846153846154,15.0,0.23076923076923078,0.11543076923076923,0.0,0.5813538461538461,2.292307692307692,0.0,0.0,0.0
Horacio Llamas,49,58.0,1.183673469387755,36.0,0.7346938775510204,5.0,0.10204081632653061,0.1886938775510204,0.02040816326530612,0.11224489795918367,4.5,11.0,8.0,20.0
Hot Rod Williams,982,10383.0,10.573319755600815,6349.0,6.465376782077393,1690.0,1.720977596741344,0.43712729124236255,0.002036659877800407,0.5601761710794297,29.555673382820785,790.0,1525.0,1291.0
Howard Carter,71,366.0,5.154929577464789,94.0,1.323943661971831,80.0,1.1267605633802817,0.39605633802816903,0.04553521126760564,0.2417887323943662,11.464788732394366,24.0,5.0,55.0
Howard Eisley,955,5582.0,5.845026178010471,1454.0,1.5225130890052356,2984.0,3.1246073298429318,0.3426314136125655,0.2256219895287958,0.3642544502617801,19.533714285714286,577.0,95.0,1278.0
Howard Komives,753,7624.0,10.124833997343957,1464.0,1.9442231075697212,2297.0,3.050464807436919,0.29637450199203186,0.0,0.6125670650730412,17.795484727755642,6.0,1.0,0.0
Howard Nathan,5,13.0,2.6,0.0,0.0,2.0,0.4,0.45,0.0,0.33340000000000003,3.0,3.0,0.0,8.0
Howard Porter,494,4578.0,9.267206477732794,1957.0,3.9615384615384617,222.0,0.4493927125506073,0.4080931174089069,0.0,0.4161174089068826,17.09919028340081,73.0,98.0,21.0
Howard Wood,42,144.0,3.4285714285714284,65.0,1.5476190476190477,9.0,0.21428571428571427,0.3163571428571429,0.0,0.2261904761904762,7.928571428571429,3.0,5.0,9.0
Howard Wright,19,62.0,3.263157894736842,47.0,2.473684210526316,3.0,0.15789473684210525,0.3513157894736842,0.0,0.3058947368421053,9.157894736842104,4.0,5.0,11.0
Howie Carl,30,170.0,5.666666666666667,16.0,0.5333333333333333,4.0,0.13333333333333333,0.12893333333333332,0.0,0.3708,0.9,0.0,0.0,0.0
Howie Dallmar,46,427.0,9.282608695652174,0.0,0.0,3.0,0.06521739130434782,0.012804347826086956,0.0,0.37580434782608696,0.0,0.0,0.0,0.0
Howie Jolliff,149,432.0,2.8993288590604025,424.0,2.8456375838926173,20.0,0.1342281879194631,0.181,0.0,0.17430872483221477,2.1476510067114094,0.0,0.0,0.0
Howie Montgomery,20,144.0,7.2,69.0,3.45,21.0,1.05,0.45214999999999994,0.0,0.24,18.2,0.0,0.0,0.0
Howie Schultz,111,451.0,4.063063063063063,20.0,0.18018018018018017,13.0,0.11711711711711711,0.11518018018018018,0.0,0.48364864864864865,0.8738738738738738,0.0,0.0,0.0
Howie Shannon,34,282.0,8.294117647058824,0.0,0.0,5.0,0.14705882352941177,0.009794117647058825,0.0,0.5964705882352942,0.0,0.0,0.0,0.0
Huang Xu,4,4.0,2.0,1.0,0.5,0.0,0.0,0.5,0.0,0.0,,0.0,0.0,0.0
Hub Reed,496,2725.0,5.493951612903226,2237.0,4.51008064516129,83.0,0.16733870967741934,0.2633064516129032,0.0,0.3740745967741935,3.189516129032258,0.0,0.0,0.0
Hubert Davis,829,5834.0,7.037394451145959,1091.0,1.316043425814234,1217.0,1.468033775633293,0.35902774427020506,0.27179372738238844,0.3232557297949336,21.465940054495913,309.0,52.0,694.0
Hubie White,52,171.0,3.2884615384615383,71.0,1.3653846153846154,39.0,0.75,0.28265384615384614,0.0,0.24103846153846156,5.826923076923077,0.0,0.0,0.0
Hugo Gonzalez,94,311.0,3.3085106382978724,261.0,2.776595744680851,45.0,0.4787234042553192,0.3631489361702128,0.2419255319148936,0.07269148936170212,14.052357723577236,43.0,26.0,45.0
Hunter Dickinson,13,32.0,2.4615384615384617,17.0,1.3076923076923077,7.0,0.5384615384615384,0.29815384615384616,0.0,0.07692307692307693,10.813749999999999,3.0,2.0,4.0
Hunter Maldonado,1,4.0,4.0,5.0,5.0,2.0,2.0,0.2,0.0,0.0,22.55,0.0,1.0,1.0
Hunter Sallis,16,24.0,1.5,8.0,0.5,8.0,0.5,0.203125,0.0,0.15625,8.931000000000001,1.0,1.0,12.0
Hunter Tyson,218,298.0,1.3669724770642202,189.0,0.8669724770642202,63.0,0.2889908256880734,0.13258715596330276,0.1003394495412844,0.09136238532110093,7.843628318584071,22.0,9.0,32.0
Hyrum Harris,2,8.0,4.0,6.0,3.0,2.0,1.0,0.3,0.0,0.3335,,0.0,1.0,2.0
Ian Clark,523,2289.0,4.401923076923077,535.0,1.0288461538461537,471.0,0.9057692307692308,0.3040423076923077,0.2005846153846154,0.18295384615384613,13.361386138613861,159.0,51.0,301.0
Ian Lockhart,1,4.0,4.0,0.0,0.0,0.0,0.0,1.0,0.0,1.0,2.0,0.0,0.0,0.0
Ian Mahinmi,927,3750.0,4.058441558441558,3117.0,3.3733766233766236,404.0,0.43722943722943725,0.37153571428571425,0.005591991341991342,0.30637554112554116,15.81891891891892,403.0,538.0,704.0
Ibi Watson,1,0.0,0.0,0.0,0.0,0.0,0.0,0.0,0.0,0.0,,0.0,0.0,0.0
Ibou Badji,50,36.0,0.7346938775510204,54.0,1.1020408163265305,13.0,0.2653061224489796,0.1510204081632653,0.0,0.08163265306122448,9.843043478260869,3.0,21.0,15.0
Ibrahim Kutluay,24,4.0,0.16666666666666666,4.0,0.16666666666666666,2.0,0.08333333333333333,0.013875,0.0,0.0,2.875,1.0,0.0,4.0
Ido Kozikaro,3,4.0,1.3333333333333333,3.0,1.0,4.0,1.3333333333333333,0.22233333333333336,0.0,0.0,12.0,0.0,0.0,9.0
Ignas Brazdeikis,153,324.0,2.1176470588235294,134.0,0.8758169934640523,63.0,0.4117647058823529,0.1251503267973856,0.0886797385620915,0.10239869281045752,12.565217391304348,16.0,8.0,31.0
Igor Rakocevic,74,78.0,1.054054054054054,17.0,0.22972972972972974,33.0,0.44594594594594594,0.1653108108108108,0.05405405405405406,0.14527027027027026,5.285714285714286,4.0,0.0,23.0
Ike Anigbogu,54,21.0,0.40384615384615385,12.0,0.23076923076923078,3.0,0.057692307692307696,0.06090384615384615,0.0,0.052884615384615384,3.375,1.0,8.0,3.0
Ike Austin,448,3147.0,7.024553571428571,1929.0,4.305803571428571,524.0,1.1696428571428572,0.336921875,0.019716517857142856,0.3522321428571429,22.072222222222223,209.0,210.0,683.0
Ike Diogu,360,1577.0,4.3805555555555555,802.0,2.227777777777778,84.0,0.23333333333333334,0.29635833333333333,0.002777777777777778,0.32919444444444446,12.552941176470588,42.0,80.0,247.0
Ike Fontaine,6,11.0,1.8333333333333333,5.0,0.8333333333333334,4.0,0.6666666666666666,0.16666666666666666,0.16666666666666666,0.26666666666666666,12.333333333333334,0.0,0.0,4.0
Ike Iroegbu,1,7.0,7.0,5.0,5.0,1.0,1.0,0.333,0.0,0.5,17.0,0.0,0.0,2.0
Ike Nwankwo,1,0.0,0.0,0.0,0.0,0.0,0.0,0.0,0.0,0.0,5.0,0.0,0.0,1.0
Ike Ofoegbu,7,31.0,5.166666666666667,11.0,1.8333333333333333,5.0,0.8333333333333334,0.19066666666666668,0.0,0.3056666666666667,25.333333333333332,2.0,1.0,11.0
Iman Shumpert,625,3954.0,6.346709470304976,1891.0,3.0353130016051364,964.0,1.5473515248796148,0.3417239165329053,0.2688202247191011,0.28137720706260033,23.937722419928825,596.0,148.0,608.0
Ime Udoka,401,1912.0,4.768079800498753,1080.0,2.693266832917706,369.0,0.9201995012468828,0.32434413965087283,0.24775561097256857,0.22200249376558603,17.725761772853186,256.0,64.0,258.0
Immanuel Quickley,447,6006.0,13.436241610738255,1448.0,3.2393736017897092,1712.0,3.829977628635347,0.3896420581655481,0.33980313199105144,0.6082192393736019,25.880704225352112,355.0,49.0,563.0
Ira Bowman,32,15.0,0.46875,5.0,0.15625,11.0,0.34375,0.11459375,0.0,0.015625,2.5833333333333335,3.0,0.0,2.0
Ira Newble,514,1966.0,3.8249027237354087,1139.0,2.2159533073929962,347.0,0.6750972762645915,0.2833813229571984,0.08314007782101168,0.22986770428015565,18.893034825870647,210.0,107.0,296.0
Ira Terrell,128,886.0,6.921875,535.0,4.1796875,144.0,1.125,0.4452265625,0.0,0.3513203125,19.4453125,59.0,65.0,33.0
Irv Bemoras,127,759.0,5.9763779527559056,69.0,0.5433070866141733,19.0,0.14960629921259844,0.1074724409448819,0.0,0.47229921259842517,3.0393700787401574,0.0,0.0,0.0
Irv Kiffin,26,82.0,3.1538461538461537,40.0,1.5384615384615385,19.0,0.7307692307692307,0.3035769230769231,0.0,0.33334615384615385,8.153846153846153,9.0,2.0,14.0
Irv Rothenberg,23,155.0,6.739130434782608,0.0,0.0,0.0,0.0,0.0,0.0,0.454,0.0,0.0,0.0,0.0
Irv Torgoff,5,10.0,2.0,0.0,0.0,0.0,0.0,0.0,0.0,0.6,0.0,0.0,0.0,0.0
Irving Thomas,29,48.0,1.6551724137931034,31.0,1.0689655172413792,10.0,0.3448275862068966,0.22941379310344828,0.0,0.1810344827586207,4.068965517241379,4.0,1.0,13.0
Isaac Bonga,247,524.0,2.1475409836065573,377.0,1.5450819672131149,150.0,0.6147540983606558,0.2343934426229508,0.10225409836065573,0.1761967213114754,12.646341463414634,86.0,43.0,112.0
Isaac Haas,5,2.0,1.0,0.0,0.0,0.0,0.0,0.5,0.0,0.0,,0.0,0.0,0.0
Isaac Hamilton,1,0.0,0.0,0.0,0.0,0.0,0.0,0.0,0.0,0.0,,0.0,0.0,0.0
Isaac Humphries,11,19.0,1.7272727272727273,13.0,1.1818181818181819,1.0,0.09090909090909091,0.2625454545454545,0.16663636363636364,0.045454545454545456,8.375,2.0,0.0,0.0
Isaac Jones,96,184.0,1.9166666666666667,84.0,0.875,23.0,0.23958333333333334,0.2723541666666667,0.036458333333333336,0.14409375,7.617586206896552,7.0,14.0,25.0
Isaac Okoro,461,3624.0,7.86117136659436,1204.0,2.6117136659436007,702.0,1.5227765726681128,0.4510238611713666,0.30823210412147506,0.4061409978308026,25.117075892857144,351.0,168.0,360.0
Isaac Stallworth,313,2403.0,7.677316293929713,856.0,2.7348242811501597,213.0,0.6805111821086262,0.3603865814696486,0.0,0.35854632587859425,15.258785942492013,44.0,23.0,0.0
Isaiah Briscoe,74,175.0,2.3972602739726026,86.0,1.178082191780822,106.0,1.452054794520548,0.2212054794520548,0.09816438356164384,0.136986301369863,13.022222222222222,13.0,2.0,35.0
Isaiah Canaan,356,2179.0,6.190340909090909,496.0,1.4090909090909092,523.0,1.4857954545454546,0.24708238636363636,0.22654545454545455,0.3301363636363636,19.563432835820894,162.0,26.0,291.0
Isaiah Collier,156,1303.0,8.352564102564102,383.0,2.4551282051282053,880.0,5.641025641025641,0.3762371794871795,0.16962820512820512,0.39106410256410257,25.38174242424242,135.0,36.0,368.0
Isaiah Cousins,9,6.0,0.8571428571428571,6.0,0.8571428571428571,2.0,0.2857142857142857,0.14285714285714285,0.0,0.14285714285714285,4.666666666666667,1.0,0.0,3.0
Isaiah Crawford,72,78.0,1.0833333333333333,46.0,0.6388888888888888,12.0,0.16666666666666666,0.11834259259259257,0.06579166666666666,0.03819444444444445,5.81,10.0,5.0,9.0
Isaiah Hartenstein,592,3699.0,6.269491525423729,3474.0,5.888135593220339,1135.0,1.923728813559322,0.4937186440677966,0.03813389830508474,0.343528813559322,19.692570512820513,378.0,458.0,621.0
Isaiah Hicks,43,103.0,2.575,51.0,1.275,18.0,0.45,0.20870000000000002,0.0375,0.189575,11.416666666666666,4.0,8.0,21.0
Isaiah Jackson,330,1699.0,5.148484848484848,1100.0,3.3333333333333335,184.0,0.5575757575757576,0.4177545454545455,0.020706060606060606,0.2995909090909091,14.417233201581027,147.0,304.0,215.0
Isaiah Joe,549,3687.0,6.715846994535519,946.0,1.7231329690346084,524.0,0.9544626593806922,0.3344225865209472,0.301200364298725,0.2398761384335155,16.433177304964538,250.0,65.0,229.0
Isaiah Livers,171,670.0,3.91812865497076,320.0,1.871345029239766,112.0,0.6549707602339181,0.2733333333333334,0.22400584795321637,0.1718362573099415,18.09,68.0,50.0,76.0
Isaiah Miles,5,0.0,0.0,1.0,0.25,0.0,0.0,0.0,0.0,0.0,3.0,0.0,0.0,0.0
Isaiah Miller,9,12.0,1.3333333333333333,9.0,1.0,7.0,0.7777777777777778,0.2628888888888889,0.1111111111111111,0.05555555555555555,6.0,5.0,1.0,7.0
Isaiah Mobley,63,99.0,1.5714285714285714,68.0,1.0793650793650793,23.0,0.36507936507936506,0.18134920634920637,0.07274603174603175,0.06349206349206349,7.8103125,10.0,8.0,9.0
Isaiah Morris,25,55.0,2.2,12.0,0.48,4.0,0.16,0.27108,0.0,0.06668,4.08,3.0,1.0,8.0
Isaiah Pineiro,3,0.0,0.0,1.0,0.3333333333333333,0.0,0.0,0.0,0.0,0.0,4.0,0.0,0.0,0.0
Isaiah Rider,614,9749.0,15.87785016286645,2244.0,3.6547231270358305,1600.0,2.6058631921824102,0.4088306188925081,0.3053631921824104,0.5920325732899022,31.590753424657535,386.0,136.0,1486.0
Isaiah Roby,223,1264.0,5.693693693693693,738.0,3.324324324324324,240.0,1.0810810810810811,0.3487972972972973,0.2151936936936937,0.27350900900900904,17.88757396449704,117.0,90.0,215.0
Isaiah Stevens,37,30.0,0.8108108108108109,11.0,0.2972972972972973,27.0,0.7297297297297297,0.06621621621621622,0.02702702702702703,0.12162162162162163,8.301428571428572,9.0,1.0,8.0
Isaiah Stewart,440,3454.0,7.85,2614.0,5.9409090909090905,492.0,1.1181818181818182,0.47190227272727275,0.19302045454545455,0.3952477272727273,23.01632098765432,151.0,474.0,456.0
Isaiah Taylor,97,482.0,5.020833333333333,103.0,1.0729166666666667,232.0,2.4166666666666665,0.3124895833333333,0.08488541666666667,0.34539583333333335,15.337349397590362,41.0,14.0,92.0
Isaiah Thomas,701,10745.0,15.416068866571019,1474.0,2.114777618364419,2939.0,4.216642754662841,0.3746556671449067,0.29830272596843616,0.6273658536585366,27.411495934959348,525.0,72.0,1397.0
Isaiah Todd,66,39.0,0.5909090909090909,32.0,0.48484848484848486,8.0,0.12121212121212122,0.07413636363636364,0.040045454545454544,0.045454545454545456,7.521739130434782,5.0,3.0,6.0
Isaiah Whaley,2,0.0,0.0,1.0,0.5,0.0,0.0,0.0,0.0,0.0,4.0,0.0,0.0,0.0
Isaiah Whitehead,116,659.0,5.681034482758621,216.0,1.8620689655172413,215.0,1.853448275862069,0.32693965517241375,0.1745603448275862,0.3043103448275862,19.680851063829788,52.0,40.0,175.0
Isaiah Wilkins,4,0.0,0.0,0.0,0.0,0.0,0.0,0.0,0.0,0.0,,0.0,0.0,0.0
Isaiah Wilson,48,167.0,3.4791666666666665,38.0,0.7916666666666666,35.0,0.7291666666666666,0.2761875,0.0,0.3148958333333333,5.708333333333333,0.0,0.0,0.0
Isaiah Wong,37,126.0,3.5,34.0,0.9444444444444444,32.0,0.8888888888888888,0.2396111111111111,0.21991666666666665,0.24075,11.524000000000001,11.0,0.0,20.0
Ish Smith,1072,6170.0,5.771749298409729,2095.0,1.95977549111319,3315.0,3.101028999064546,0.3032179607109448,0.1374621141253508,0.19113189897100094,18.556058890147224,593.0,222.0,1090.0
Ish Wainright,204,425.0,2.0833333333333335,237.0,1.161764705882353,77.0,0.37745098039215685,0.18748529411764706,0.1463970588235294,0.08700980392156862,10.459259259259259,70.0,35.0,48.0
Isiah Thomas,1094,21156.0,19.3382084095064,4017.0,3.6718464351005484,10090.0,9.223034734917734,0.44706855575868376,0.18374588665447897,0.7015776965265081,36.37385740402194,1971.0,280.0,3770.0
Isma'il Muhammad,2,1.0,0.5,1.0,0.5,3.0,1.5,0.0,0.0,0.25,12.0,1.0,0.0,2.0
Ismaila Diagne,1,3.0,3.0,3.0,3.0,0.0,0.0,1.0,0.0,0.5,,0.0,0.0,0.0
Ismaila Kane,3,0.0,,0.0,,0.0,,,,,,0.0,0.0,0.0
Issac Humphries,1,6.0,6.0,4.0,4.0,2.0,2.0,0.5,0.0,0.0,,0.0,0.0,2.0
Ivan Johnson,175,942.0,5.382857142857143,575.0,3.2857142857142856,83.0,0.4742857142857143,0.38623999999999997,0.02857142857142857,0.32509714285714286,15.054054054054054,113.0,35.0,158.0
Ivan McFarlin,24,31.0,1.2916666666666667,32.0,1.3333333333333333,2.0,0.08333333333333333,0.1914583333333333,0.0,0.13195833333333332,6.642857142857143,2.0,2.0,5.0
Ivan Rabb,149,527.0,3.6095890410958904,397.0,2.719178082191781,93.0,0.636986301369863,0.3375410958904109,0.017123287671232876,0.19657534246575342,13.902173913043478,32.0,30.0,75.0
Ivano Newbill,203,198.0,0.9753694581280788,355.0,1.748768472906404,51.0,0.2512315270935961,0.18900985221674876,0.0049261083743842365,0.08152709359605911,10.058394160583942,50.0,29.0,72.0
Ivica Zubac,802,7379.0,9.246867167919799,5832.0,7.30827067669173,975.0,1.2218045112781954,0.5367907268170425,0.0012531328320802004,0.4551077694235589,22.63568275862069,270.0,681.0,896.0
Izaiah Brockington,3,4.0,1.3333333333333333,2.0,0.6666666666666666,0.0,0.0,0.13333333333333333,0.0,0.0,3.0,2.0,0.0,1.0
Izayah Le'Afa,2,15.0,7.5,3.0,1.5,1.0,0.5,0.3215,0.369,0.0,,3.0,0.0,4.0
Izzet Turkyilmaz,2,3.0,3.0,1.0,1.0,1.0,1.0,0.5,1.0,0.0,10.0,1.0,0.0,0.0
J.J. Avila,4,3.0,0.75,0.0,0.0,2.0,0.5,0.25,0.25,0.0,2.0,1.0,0.0,0.0
J.J. Barea,1097,8391.0,7.663013698630137,1994.0,1.8210045662100456,3753.0,3.4273972602739726,0.3409981735159818,0.23851232876712328,0.3627908675799087,19.153605015673982,396.0,25.0,1461.0
J.P. Macura,18,24.0,1.5,6.0,0.375,4.0,0.25,0.171875,0.09375,0.109375,6.0,0.0,0.0,2.0
J.R. Bremer,159,721.0,4.534591194968553,198.0,1.2452830188679245,234.0,1.471698113207547,0.19179874213836476,0.15874842767295597,0.2290817610062893,18.258928571428573,64.0,7.0,97.0
J.R. Giddens,95,99.0,1.0421052631578946,92.0,0.968421052631579,24.0,0.25263157894736843,0.14748421052631577,0.0,0.08245263157894737,7.1923076923076925,17.0,3.0,29.0
J.R. Henderson,38,97.0,2.5526315789473686,47.0,1.236842105263158,22.0,0.5789473684210527,0.23492105263157895,0.039473684210526314,0.2109736842105263,10.290322580645162,9.0,4.0,18.0
J.R. Reid,755,5929.0,7.852980132450331,3548.0,4.699337748344371,672.0,0.8900662251655629,0.41858940397350997,0.005960264900662252,0.47426622516556294,22.35048678720445,537.0,285.0,986.0
JD Davison,160,233.0,1.45625,93.0,0.58125,113.0,0.70625,0.16074166666666667,0.09663928571428572,0.08885625,7.1981568627450985,24.0,15.0,40.0
JJ Hickson,675,5521.0,8.17925925925926,3874.0,5.739259259259259,485.0,0.7185185185185186,0.4121925925925926,0.0,0.3821585185185185,21.468590831918505,302.0,336.0,856.0
JJ O'Brien,15,5.0,0.3333333333333333,1.0,0.06666666666666667,1.0,0.06666666666666667,0.06666666666666667,0.03333333333333333,0.0,3.75,1.0,0.0,1.0
JJ Redick,1290,14006.0,10.874223602484472,2197.0,1.7057453416149069,2180.0,1.6925465838509317,0.3666133540372671,0.3355333850931677,0.5422857142857144,24.958818263205014,501.0,111.0,1252.0
JP Tokoto,13,24.0,1.8461538461538463,9.0,0.6923076923076923,7.0,0.5384615384615384,0.16153846153846155,0.0,0.08976923076923077,10.625,7.0,0.0,4.0
JR Pinnock,8,13.0,1.625,16.0,2.0,10.0,1.25,0.11025,0.0,0.0625,11.0,5.0,2.0,6.0
JR Smith,1300,14445.0,11.120092378752886,3650.0,2.8098537336412623,2406.0,1.8521939953810624,0.3608429561200924,0.29329099307159356,0.38323017705927637,26.271573604060915,1163.0,247.0,1580.0
JT Thor,276,685.0,2.4818840579710146,431.0,1.5615942028985508,94.0,0.34057971014492755,0.2540072463768116,0.13579710144927534,0.14946014492753623,12.035074626865672,51.0,79.0,89.0
Ja Morant,402,8418.0,20.940298507462686,1770.0,4.402985074626866,2789.0,6.937810945273632,0.4356111111111111,0.26646979388770436,0.6834353233830845,31.31294117647059,400.0,109.0,1260.0
Ja'Kobe Walter,146,1111.0,7.609589041095891,381.0,2.6095890410958904,193.0,1.321917808219178,0.3692191780821918,0.30832876712328766,0.3657945205479452,21.069659367396596,136.0,27.0,96.0
JaJuan Johnson,69,127.0,1.8405797101449275,67.0,0.9710144927536232,7.0,0.10144927536231885,0.1855217391304348,0.0,0.050724637681159424,7.65,5.0,14.0,16.0
JaJuan Smith,7,33.0,4.714285714285714,6.0,0.8571428571428571,2.0,0.2857142857142857,0.30628571428571433,0.3071428571428571,0.42857142857142855,9.714285714285714,6.0,1.0,2.0
JaKarr Sampson,360,1406.0,3.9273743016759775,724.0,2.022346368715084,185.0,0.5167597765363129,0.31387988826815644,0.10665083798882681,0.24296368715083796,14.3690036900369,114.0,120.0,223.0
JaKeenan Gant,2,0.0,0.0,0.0,0.0,0.0,0.0,0.0,0.0,0.0,2.0,0.0,0.0,0.0
JaMychal Green,724,4778.0,6.636111111111111,3362.0,4.669444444444444,569.0,0.7902777777777777,0.3993111111111111,0.2396236111111111,0.32826666666666665,18.998427672955973,328.0,253.0,638.0
JaQuori McLaughlin,11,11.0,1.0,8.0,0.7272727272727273,5.0,0.45454545454545453,0.08336363636363636,0.06818181818181818,0.13636363636363635,5.875,1.0,1.0,3.0
JaVale McGee,1284,7942.0,6.19984387197502,5224.0,4.078064012490242,456.0,0.3559718969555035,0.4592974238875878,0.011579234972677595,0.2954871194379391,15.443601895734597,404.0,1426.0,1065.0
Jabari Bird,35,52.0,1.5757575757575757,23.0,0.696969696969697,8.0,0.24242424242424243,0.1413939393939394,0.10606060606060606,0.06112121212121212,8.3125,6.0,1.0,9.0
Jabari Brown,36,268.0,7.444444444444445,47.0,1.3055555555555556,46.0,1.2777777777777777,0.30738888888888893,0.22544444444444445,0.44716666666666666,23.535714285714285,16.0,2.0,43.0
Jabari Parker,450,4828.0,10.776785714285714,1921.0,4.287946428571429,656.0,1.4642857142857142,0.36793080357142854,0.16388839285714285,0.4241383928571429,26.685878962536023,298.0,134.0,592.0
Jabari Smith,225,350.0,1.5555555555555556,189.0,0.84,70.0,0.3111111111111111,0.16637333333333332,0.0044444444444444444,0.13703555555555555,8.731092436974789,38.0,27.0,55.0
Jabari Smith Jr.,342,4303.0,12.58187134502924,2277.0,6.657894736842105,459.0,1.3421052631578947,0.4068859649122807,0.31830116959064325,0.5433011695906432,31.42719576719577,186.0,262.0,399.0
Jabari Walker,336,1564.0,4.654761904761905,1114.0,3.3154761904761907,187.0,0.5565476190476191,0.3154642857142857,0.1633125,0.30169345238095235,14.672017220172203,116.0,58.0,172.0
Jack Coleman,609,6470.0,10.623973727422003,1285.0,2.110016420361248,319.0,0.5238095238095238,0.12763218390804595,0.0,0.6009178981937603,3.9835796387520523,0.0,0.0,0.0
Jack Cooley,62,86.0,1.3870967741935485,83.0,1.3387096774193548,8.0,0.12903225806451613,0.13888709677419356,0.0,0.14677419354838708,6.875,9.0,4.0,12.0
Jack Dwan,29,127.0,4.379310344827586,0.0,0.0,0.0,0.0,0.0,0.0,0.3166206896551724,0.0,0.0,0.0,0.0
Jack Foley,11,53.0,4.818181818181818,5.0,0.45454545454545453,2.0,0.18181818181818182,0.17454545454545453,0.0,0.43636363636363634,3.8181818181818183,0.0,0.0,0.0
Jack Garfinkel,28,151.0,5.392857142857143,0.0,0.0,4.0,0.14285714285714285,0.011892857142857144,0.0,0.10714285714285714,0.0,0.0,0.0,0.0
Jack George,521,5346.0,10.261036468330134,1491.0,2.8618042226487526,1572.0,3.0172744721689058,0.22217082533589252,0.0,0.6045201535508637,5.007677543186181,0.0,0.0,0.0
Jack Givens,169,1067.0,6.313609467455621,462.0,2.7337278106508878,129.0,0.7633136094674556,0.35074556213017755,0.0,0.4254260355029586,15.242603550295858,68.0,20.0,98.0
Jack Haley,393,1203.0,3.0610687022900764,937.0,2.3842239185750635,86.0,0.21882951653944022,0.2905063613231552,0.0,0.25284987277353693,9.346478873239437,60.0,49.0,217.0
Jack Hewson,9,21.0,2.3333333333333335,0.0,0.0,0.0,0.0,0.1111111111111111,0.0,0.0,0.0,0.0,0.0,0.0
Jack Kerris,183,1453.0,7.939890710382514,42.0,0.22950819672131148,33.0,0.18032786885245902,0.04719672131147541,0.0,0.5904918032786886,0.28415300546448086,0.0,0.0,0.0
Jack Kiley,41,84.0,2.048780487804878,0.0,0.0,3.0,0.07317073170731707,0.047146341463414634,0.0,0.26939024390243904,0.2926829268292683,0.0,0.0,0.0
Jack Marin,901,13299.0,14.760266370699224,4001.0,4.44062153163152,1656.0,1.8379578246392896,0.3786936736958934,0.0,0.6673618201997781,22.74694783573807,44.0,21.0,0.0
Jack McCloskey,1,6.0,6.0,3.0,3.0,1.0,1.0,0.333,0.0,0.0,16.0,0.0,0.0,0.0
Jack McMahon,553,4555.0,8.236889692585896,378.0,0.6835443037974683,447.0,0.8083182640144665,0.12567992766726946,0.0,0.5055244122965642,5.121157323688969,0.0,0.0,0.0
Jack McVeigh,29,35.0,1.206896551724138,17.0,0.5862068965517241,3.0,0.10344827586206896,0.13137931034482758,0.10920689655172414,0.034482758620689655,5.162727272727273,0.0,2.0,4.0
Jack Molinas,30,337.0,11.233333333333333,20.0,0.6666666666666666,7.0,0.23333333333333334,0.08453333333333334,0.0,0.7466,4.133333333333334,0.0,0.0,0.0
Jack Nichols,418,3947.0,9.442583732057416,1191.0,2.849282296650718,351.0,0.8397129186602871,0.1869641148325359,0.0,0.579767942583732,9.722488038277511,0.0,0.0,0.0
Jack Parr,65,262.0,4.030769230769231,107.0,1.646153846153846,4.0,0.06153846153846154,0.08641538461538462,0.0,0.3122923076923077,3.1076923076923078,0.0,0.0,0.0
Jack Rocker,3,6.0,2.0,0.0,0.0,1.0,0.3333333333333333,0.25,0.0,0.0,0.0,0.0,0.0,0.0
Jack Sikma,1212,18768.0,15.485148514851485,11776.0,9.716171617161717,3734.0,3.080858085808581,0.45927310231023105,0.05574917491749175,0.739496699669967,33.476072607260726,1124.0,1036.0,2500.0
Jack Smiley,26,184.0,7.076923076923077,0.0,0.0,0.0,0.0,0.0,0.0,0.5114615384615384,0.0,0.0,0.0,0.0
Jack Stephens,81,796.0,9.82716049382716,86.0,1.0617283950617284,54.0,0.6666666666666666,0.19683950617283952,0.0,0.6590493827160494,4.061728395061729,0.0,0.0,0.0
Jack Turner,108,487.0,4.5092592592592595,47.0,0.4351851851851852,22.0,0.2037037037037037,0.08778703703703704,0.0,0.3638888888888889,2.2962962962962963,0.0,0.0,0.0
Jack Twyman,862,16547.0,19.196055684454755,4319.0,5.010440835266821,499.0,0.5788863109048724,0.29642691415313227,0.0,0.7132668213457076,5.958236658932715,0.0,0.0,0.0
Jack White,55,54.0,0.9818181818181818,46.0,0.8363636363636363,8.0,0.14545454545454545,0.14761818181818182,0.07090909090909091,0.05454545454545454,6.821428571428571,10.0,5.0,8.0
Jackie Butler,113,410.0,3.6283185840707963,250.0,2.2123893805309733,40.0,0.35398230088495575,0.3239646017699115,0.0,0.23806194690265486,11.905882352941177,29.0,40.0,92.0
Jackie Carmichael,1,6.0,6.0,2.0,2.0,0.0,0.0,0.3,0.0,0.0,17.0,0.0,0.0,1.0
Jackie Dinkins,19,47.0,2.473684210526316,13.0,0.6842105263157895,6.0,0.3157894736842105,0.34210526315789475,0.0,0.33510526315789474,3.8421052631578947,0.0,0.0,0.0
Jackie Manuel,9,25.0,2.7777777777777777,11.0,1.2222222222222223,4.0,0.4444444444444444,0.27055555555555555,0.1111111111111111,0.12211111111111111,10.555555555555555,7.0,3.0,4.0
Jackie Moore,143,381.0,2.664335664335664,238.0,1.6643356643356644,47.0,0.32867132867132864,0.2842587412587413,0.0,0.3079160839160839,1.4755244755244756,0.0,0.0,0.0
Jackie Moreland,360,2785.0,7.736111111111111,915.0,2.5416666666666665,142.0,0.39444444444444443,0.19563888888888892,0.0,0.5285111111111112,4.252777777777778,0.0,0.0,0.0
Jackie Ridgle,32,57.0,1.78125,15.0,0.46875,7.0,0.21875,0.213125,0.0,0.265625,3.3125,0.0,0.0,0.0
Jackie Robinson,23,101.0,4.391304347826087,27.0,1.173913043478261,13.0,0.5652173913043478,0.3649130434782609,0.0,0.3840434782608696,8.043478260869565,3.0,2.0,3.0
Jackson Rowe,25,44.0,1.76,27.0,1.08,8.0,0.32,0.30335999999999996,0.10668,0.12,7.893076923076923,5.0,2.0,7.0
Jackson Vroman,142,333.0,2.3450704225352115,285.0,2.007042253521127,52.0,0.36619718309859156,0.24531690140845072,0.0,0.19542957746478873,12.157894736842104,39.0,32.0,93.0
Jacky Dorsey,61,143.0,2.3442622950819674,140.0,2.2950819672131146,16.0,0.26229508196721313,0.2906065573770492,0.0,0.18688524590163935,7.311475409836065,8.0,5.0,24.0
Jacob Evans,130,217.0,1.6953125,86.0,0.671875,68.0,0.53125,0.1445625,0.0891953125,0.107421875,10.31081081081081,22.0,20.0,44.0
Jacob Gilyard,65,196.0,3.0153846153846153,65.0,1.0,174.0,2.6769230769230767,0.2515230769230769,0.23556923076923075,0.038461538461538464,17.024285714285714,44.0,6.0,43.0
Jacob Pullen,21,15.0,0.75,1.0,0.05,6.0,0.3,0.11040000000000001,0.06665,0.0,4.142857142857143,3.0,0.0,6.0
Jacob Toppin,104,90.0,0.8653846153846154,38.0,0.36538461538461536,20.0,0.19230769230769232,0.07607692307692307,0.011346153846153846,0.040067307692307694,5.746052631578947,3.0,7.0,11.0
Jacob Wiley,14,19.0,1.3571428571428572,19.0,1.3571428571428572,2.0,0.14285714285714285,0.05678571428571429,0.07142857142857142,0.08928571428571429,6.0,1.0,3.0,3.0
Jacque Vaughn,1048,3726.0,3.5553435114503817,1107.0,1.0562977099236641,2077.0,1.9818702290076335,0.30982824427480915,0.07077099236641222,0.28636068702290074,15.285223367697595,424.0,18.0,867.0
Jaden Hardy,345,2219.0,6.431884057971015,442.0,1.281159420289855,362.0,1.0492753623188407,0.29467246376811596,0.23424347826086958,0.26914492753623187,14.182425373134327,96.0,23.0,293.0
Jaden Ivey,245,3411.0,13.922448979591836,809.0,3.3020408163265307,914.0,3.730612244897959,0.41313061224489794,0.3405836734693877,0.5989836734693877,27.223879310344827,179.0,89.0,596.0
Jaden McDaniels,518,5671.0,10.947876447876448,2143.0,4.137065637065637,856.0,1.6525096525096525,0.46789961389961393,0.3388030888030888,0.4000173745173745,28.539764243614933,466.0,440.0,622.0
Jaden Shackelford,1,6.0,6.0,1.0,1.0,1.0,1.0,0.5,0.667,0.0,,0.0,0.0,0.0
Jaden Springer,265,418.0,1.5773584905660378,192.0,0.7245283018867924,106.0,0.4,0.1575132075471698,0.06732830188679245,0.12515849056603776,8.48942857142857,78.0,30.0,71.0
Jae Crowder,1090,9186.0,8.450781968721252,4200.0,3.8638454461821525,1594.0,1.4664213431462743,0.36016559337626497,0.2819871205151794,0.3827414903403864,24.51364657814096,951.0,336.0,816.0
Jae'Sean Tate,437,2655.0,6.075514874141876,1369.0,3.1327231121281462,640.0,1.4645308924485125,0.3708558352402746,0.1704508009153318,0.2857391304347826,18.963698630136985,270.0,113.0,364.0
Jahidi White,425,1978.0,4.654117647058824,1965.0,4.623529411764705,64.0,0.15058823529411763,0.36116470588235294,0.0,0.2943905882352941,16.91812865497076,119.0,357.0,409.0
Jahlil Okafor,440,2753.0,6.299771167048055,1264.0,2.8924485125858124,250.0,0.5720823798627003,0.3263752860411899,0.012585812356979404,0.24702974828375285,18.808222222222224,79.0,207.0,395.0
Jahlil Tripp,2,6.0,3.0,2.0,1.0,0.0,0.0,0.5,0.0,0.5,3.0,1.0,0.0,1.0
Jahmai Mashack,40,192.0,4.8,81.0,2.025,69.0,1.725,0.240925,0.1206,0.198325,21.557419354838707,37.0,14.0,49.0
Jahmi'us Ramsey,106,204.0,1.9245283018867925,53.0,0.5,24.0,0.22641509433962265,0.1765754716981132,0.09136792452830189,0.11997169811320756,8.675686274509804,14.0,2.0,25.0
Jahmir Young,55,87.0,1.5818181818181818,15.0,0.2727272727272727,28.0,0.509090909090909,0.2177090909090909,0.09090909090909091,0.1,6.589642857142857,7.0,1.0,15.0
Jahmyl Telfort,17,10.0,0.5882352941176471,8.0,0.47058823529411764,1.0,0.058823529411764705,0.03358823529411764,0.01958823529411765,0.014705882352941176,5.295454545454546,1.0,0.0,2.0
Jaime Echenique,8,4.0,0.5,2.0,0.25,0.0,0.0,0.0625,0.0,0.0625,5.666666666666667,0.0,0.0,1.0
Jaime Jaquez Jr.,269,2818.0,10.475836431226766,1020.0,3.79182156133829,772.0,2.869888475836431,0.411546468401487,0.23176951672862456,0.45979925650557624,25.244135021097044,199.0,59.0,385.0
Jairus Lyles,5,3.0,1.0,1.0,0.3333333333333333,4.0,1.3333333333333333,0.16666666666666666,0.3333333333333333,0.0,4.0,0.0,0.0,0.0
Jake Anderson,3,0.0,0.0,0.0,0.0,0.0,0.0,0.0,0.0,0.0,1.0,0.0,0.0,0.0
Jake Bornheimer,39,184.0,4.717948717948718,0.0,0.0,2.0,0.05128205128205128,0.010846153846153847,0.0,0.4352564102564103,0.0,0.0,0.0,0.0
Jake Cohen,2,7.0,3.5,6.0,3.0,0.0,0.0,0.125,0.0,0.875,,1.0,1.0,2.0
Jake Fendley,82,232.0,2.8292682926829267,6.0,0.07317073170731707,10.0,0.12195121951219512,0.024999999999999998,0.0,0.41193902439024394,0.32926829268292684,0.0,0.0,0.0
Jake Ford,31,126.0,4.064516129032258,20.0,0.6451612903225806,35.0,1.1290322580645162,0.48280645161290325,0.0,0.41561290322580646,8.064516129032258,0.0,0.0,0.0
Jake Jones,17,76.0,4.470588235294118,25.0,1.4705882352941178,12.0,0.7058823529411765,0.3393529411764706,0.0,0.3487058823529412,9.058823529411764,0.0,0.0,0.0
Jake LaRavia,287,1796.0,6.2578397212543555,860.0,2.9965156794425085,425.0,1.480836236933798,0.3429442508710801,0.23358188153310103,0.33056097560975606,20.81562414266118,230.0,92.0,275.0
Jake Layman,482,1390.0,2.907949790794979,481.0,1.006276150627615,153.0,0.3200836820083682,0.20926359832635985,0.12234937238493723,0.12661087866108786,12.115107913669064,116.0,80.0,136.0
Jake Pelkington,6,61.0,10.166666666666666,0.0,0.0,0.0,0.0,0.0,0.0,0.7288333333333333,0.0,0.0,0.0,0.0
Jake Stephens,1,0.0,0.0,0.0,0.0,0.0,0.0,0.0,0.0,0.0,,0.0,0.0,0.0
Jake Toolson,3,0.0,0.0,0.0,0.0,0.0,0.0,0.0,0.0,0.0,3.5,0.0,0.0,0.0
Jake Tsakalidis,527,1582.0,3.001897533206831,1357.0,2.5749525616698294,112.0,0.2125237191650854,0.2593358633776091,0.0,0.22410815939278939,15.343108504398828,82.0,241.0,300.0
Jake Voskuhl,647,1986.0,3.069551777434312,1665.0,2.573415765069552,260.0,0.401854714064915,0.31777125193199385,0.0015455950540958269,0.2755826893353941,13.884057971014492,172.0,174.0,370.0
Jakob Poeltl,774,6295.0,8.164721141374837,4923.0,6.385214007782102,1283.0,1.6640726329442284,0.5639066147859922,0.0038910505836575876,0.30651232166018155,21.703160355306217,457.0,850.0,871.0
Jaleel Cousins,1,0.0,0.0,0.0,0.0,0.0,0.0,0.0,0.0,0.0,,0.0,0.0,0.0
Jaleel Roberts,13,12.0,0.9230769230769231,8.0,0.6153846153846154,0.0,0.0,0.23076923076923078,0.0,0.038461538461538464,4.0,0.0,2.0,1.0
Jalen Adams,5,7.0,1.4,3.0,0.6,2.0,0.4,0.3,0.2,0.2,4.5,0.0,0.0,2.0
Jalen Bridges,21,21.0,1.0,17.0,0.8095238095238095,5.0,0.23809523809523808,0.1417142857142857,0.11904761904761904,0.11904761904761904,5.44625,1.0,2.0,6.0
Jalen Brunson,707,13419.0,19.007082152974505,2204.0,3.121813031161473,3552.0,5.031161473087819,0.4591600566572238,0.31523371104815867,0.6481926345609066,29.782176470588237,500.0,68.0,1256.0
Jalen Crutcher,17,25.0,1.4705882352941178,5.0,0.29411764705882354,11.0,0.6470588235294118,0.22058823529411764,0.20588235294117646,0.014705882352941176,6.316363636363636,0.0,0.0,7.0
Jalen Duren,338,4079.0,12.068047337278106,3132.0,9.266272189349113,641.0,1.8964497041420119,0.594508875739645,0.0,0.5108047337278107,26.431089743589745,207.0,293.0,546.0
Jalen Green,372,7233.0,19.443548387096776,1538.0,4.134408602150538,1192.0,3.204301075268817,0.40184677419354836,0.30366935483870966,0.653755376344086,31.48667577413479,297.0,107.0,853.0
Jalen Harris,41,104.0,2.5365853658536586,22.0,0.5365853658536586,18.0,0.43902439024390244,0.13409756097560974,0.13209756097560976,0.07724390243902439,11.764705882352942,8.0,0.0,17.0
Jalen Hood-Schifino,77,181.0,2.3506493506493507,70.0,0.9090909090909091,84.0,1.0909090909090908,0.15772727272727272,0.06349350649350649,0.18831168831168832,12.594782608695652,13.0,12.0,48.0
Jalen Johnson,354,3974.0,11.225988700564972,2052.0,5.796610169491525,1113.0,3.1440677966101696,0.39355932203389826,0.23788700564971751,0.40717231638418083,25.486827033218788,283.0,162.0,552.0
Jalen Jones,64,185.0,2.9365079365079363,83.0,1.3174603174603174,13.0,0.20634920634920634,0.18057142857142855,0.14765079365079364,0.20530158730158732,11.236842105263158,16.0,3.0,17.0
Jalen Lecque,41,35.0,0.8536585365853658,11.0,0.2682926829268293,6.0,0.14634146341463414,0.126,0.006097560975609756,0.13821951219512194,5.285714285714286,0.0,2.0,5.0
Jalen McDaniels,349,1863.0,5.33810888252149,931.0,2.667621776504298,315.0,0.9025787965616046,0.322054441260745,0.20735530085959886,0.3114670487106017,17.38429577464789,183.0,92.0,237.0
Jalen Pickett,254,579.0,2.279527559055118,227.0,0.8937007874015748,274.0,1.078740157480315,0.2162007874015748,0.15989763779527558,0.05905511811023622,11.96890350877193,39.0,14.0,82.0
Jalen Rose,1089,14215.0,13.05325987144169,3413.0,3.1340679522497705,3741.0,3.435261707988981,0.3974187327823691,0.26688613406795225,0.5651303948576676,29.770310932798395,789.0,342.0,2244.0
Jalen Slawson,57,122.0,2.1403508771929824,87.0,1.5263157894736843,48.0,0.8421052631578947,0.14356140350877192,0.06836842105263158,0.11842105263157894,12.10972972972973,25.0,18.0,26.0
Jalen Smith,478,3042.0,6.364016736401673,1958.0,4.096234309623431,310.0,0.6485355648535565,0.3519163179916318,0.21292259414225942,0.3096610878661088,16.113618784530388,104.0,248.0,284.0
Jalen Suggs,312,3660.0,11.768488745980708,1034.0,3.32475884244373,1100.0,3.536977491961415,0.39263665594855307,0.29012540192926045,0.5261704180064309,26.361835585585585,429.0,181.0,695.0
Jalen Williams,311,5460.0,17.612903225806452,1399.0,4.512903225806451,1341.0,4.325806451612904,0.49082903225806457,0.33845483870967746,0.6633258064516129,30.43113311331133,412.0,158.0,555.0
Jalen Wilson,228,1379.0,6.048245614035087,536.0,2.3508771929824563,254.0,1.1140350877192982,0.339890350877193,0.2551491228070175,0.340030701754386,19.70220430107527,75.0,12.0,144.0
Jamaal Franklin,69,84.0,1.2173913043478262,47.0,0.6811594202898551,21.0,0.30434782608695654,0.1598840579710145,0.08501449275362319,0.08285507246376812,8.235294117647058,9.0,4.0,23.0
Jamaal Magloire,941,5447.0,5.788522848034006,4796.0,5.096705632306057,428.0,0.45483528161530284,0.3434017003188098,0.0,0.3435451647183847,20.689644268774703,243.0,666.0,1123.0
Jamaal Tatum,5,6.0,1.2,3.0,0.6,5.0,1.0,0.1332,0.0,0.0,5.8,1.0,0.0,0.0
Jamaal Tinsley,789,5137.0,6.510773130544994,1798.0,2.2788339670468947,3676.0,4.659062103929024,0.28173257287705955,0.1709683143219265,0.29096070975918886,25.388709677419357,871.0,168.0,1539.0
Jamaal Wilkes,944,16497.0,17.47563559322034,5846.0,6.192796610169491,2303.0,2.4396186440677967,0.4865646186440678,0.006885593220338983,0.6385487288135593,32.97351694915254,1070.0,297.0,1192.0
Jamal Cain,224,787.0,3.513392857142857,352.0,1.5714285714285714,89.0,0.39732142857142855,0.2489107142857143,0.16267410714285716,0.20171875,12.588356164383562,67.0,26.0,70.0
Jamal Crawford,1565,21293.0,13.605750798722045,3218.0,2.056230031948882,4957.0,3.1674121405750797,0.36555335463258787,0.2960817891373802,0.6076351437699681,28.654237288135594,1313.0,293.0,2723.0
Jamal Mashburn,705,12436.0,17.639716312056738,3517.0,4.9886524822695035,2581.0,3.6609929078014183,0.3880553191489362,0.305090780141844,0.6434028368794326,36.751506024096386,683.0,118.0,1698.0
Jamal Murray,752,13966.0,18.621333333333332,2869.0,3.8253333333333335,3682.0,4.9093333333333335,0.432352,0.347468,0.696328,31.739945504087192,736.0,272.0,1537.0
Jamal Robinson,13,6.0,0.46153846153846156,11.0,0.8461538461538461,2.0,0.15384615384615385,0.04807692307692308,0.0,0.0,11.333333333333334,6.0,0.0,3.0
Jamal Sampson,211,153.0,0.7251184834123223,266.0,1.2606635071090047,29.0,0.13744075829383887,0.1316445497630332,0.0,0.06871563981042654,7.9156626506024095,10.0,35.0,35.0
Jamal Shead,179,1218.0,6.804469273743017,282.0,1.5754189944134078,839.0,4.687150837988827,0.3685977653631285,0.294731843575419,0.3665307262569832,21.05798095238095,154.0,27.0,257.0
Jamar Smith,8,24.0,3.0,15.0,1.875,3.0,0.375,0.3065,0.041625,0.375,13.125,2.0,0.0,11.0
Jamaree Bouyea,109,361.0,3.311926605504587,129.0,1.18348623853211,121.0,1.110091743119266,0.25138532110091744,0.12515596330275228,0.12144954128440366,12.517445887445888,44.0,22.0,55.0
Jamario Moon,359,2022.0,5.632311977715878,1391.0,3.8746518105849583,336.0,0.935933147632312,0.3953983286908078,0.24610863509749303,0.24215320334261842,21.533333333333335,259.0,263.0,164.0
Jamarion Sharp,4,8.0,2.0,9.0,2.25,0.0,0.0,0.25,0.0,0.1,8.975,2.0,6.0,5.0
Jameel Warney,10,29.0,2.9,17.0,1.7,1.0,0.1,0.4171,0.0,0.15,8.833333333333334,0.0,0.0,1.0
Jameel Watkins,5,8.0,1.6,14.0,2.8,0.0,0.0,0.07339999999999999,0.0,0.4,9.6,2.0,5.0,7.0
Jameer Nelson,1135,11192.0,9.86079295154185,2915.0,2.5682819383259914,5071.0,4.46784140969163,0.3660687224669604,0.27172863436123346,0.3839330396475771,27.311244979919678,857.0,74.0,2039.0
Jamel Artis,21,90.0,4.7368421052631575,41.0,2.1578947368421053,20.0,1.0526315789473684,0.3041052631578947,0.15263157894736845,0.2894736842105263,17.176470588235293,2.0,3.0,9.0
Jamel Mclean,1,18.0,18.0,10.0,10.0,1.0,1.0,0.667,0.0,0.857,,1.0,0.0,2.0
Jamel Thomas,17,30.0,1.7647058823529411,14.0,0.8235294117647058,6.0,0.35294117647058826,0.2647058823529412,0.029411764705882353,0.058823529411764705,8.25,4.0,0.0,11.0
James Akinjo,4,0.0,0.0,1.0,0.25,1.0,0.25,0.0,0.0,0.0,4.57,0.0,0.0,2.0
James Anderson,380,1610.0,4.2368421052631575,624.0,1.6421052631578947,325.0,0.8552631578947368,0.24888157894736843,0.1757842105263158,0.19058421052631577,16.661971830985916,140.0,59.0,247.0
James Augustine,80,96.0,1.2,63.0,0.7875,10.0,0.125,0.21511249999999998,0.0,0.082275,7.487179487179487,7.0,4.0,15.0
James Bailey,609,5304.0,8.70935960591133,3009.0,4.940886699507389,491.0,0.80623973727422,0.4495418719211823,0.0016420361247947454,0.4782692939244664,19.26272577996716,231.0,431.0,931.0
James Banks III,1,0.0,0.0,0.0,0.0,0.0,0.0,0.0,0.0,0.0,,0.0,0.0,0.0
James Birsen,1,6.0,6.0,2.0,2.0,0.0,0.0,0.5,0.0,0.0,21.0,1.0,1.0,1.0
James Blackmon Jr.,5,12.0,2.4,6.0,1.2,3.0,0.6,0.32999999999999996,0.2,0.0,5.0,2.0,0.0,0.0
James Blackwell,13,18.0,1.3846153846153846,11.0,0.8461538461538461,11.0,0.8461538461538461,0.3537692307692308,0.0,0.07692307692307693,6.153846153846154,4.0,0.0,5.0
James Bouknight,164,473.0,2.8841463414634148,160.0,0.975609756097561,84.0,0.5121951219512195,0.14791463414634146,0.11596341463414635,0.13048780487804879,12.147727272727273,29.0,9.0,70.0
James Collins,53,59.0,1.1132075471698113,14.0,0.2641509433962264,3.0,0.05660377358490566,0.10749056603773585,0.06918867924528302,0.07232075471698114,3.9130434782608696,6.0,3.0,8.0
James Cotton,39,49.0,1.2564102564102564,16.0,0.41025641025641024,0.0,0.0,0.12035897435897436,0.0,0.23076923076923078,4.315789473684211,4.0,1.0,9.0
James Davis,4,2.0,0.5,1.0,0.25,0.0,0.0,0.0,0.0,0.25,0.0,0.0,0.0,0.0
James Donaldson,1009,8606.0,8.529236868186324,7897.0,7.826560951437067,800.0,0.7928642220019821,0.5523567888999009,0.0,0.5302556987115956,27.369672943508423,340.0,1251.0,1511.0
James Edwards,1279,15892.0,12.425332290852229,6347.0,4.962470680218921,1578.0,1.233776387802971,0.4675731039874902,0.0007818608287724785,0.5653979671618452,23.856919468334638,325.0,827.0,1593.0
James Ennis III,544,3045.0,5.628465804066543,1505.0,2.7818853974121995,417.0,0.7707948243992606,0.3522088724584103,0.23690942698706102,0.3540720887245841,19.887892376681613,280.0,120.0,355.0
James Gist,4,13.0,3.25,12.0,3.0,3.0,0.75,0.16499999999999998,0.0,0.25,10.75,2.0,2.0,4.0
James Harden,1544,35012.0,22.720311486048022,8198.0,5.3199221284879945,10588.0,6.870863075924724,0.4219299156391953,0.34632835820895524,0.797205710577547,34.046921358355675,2226.0,816.0,5453.0
James Hardy,248,1410.0,5.685483870967742,1260.0,5.080645161290323,284.0,1.1451612903225807,0.42813709677419354,0.0020161290322580645,0.2836572580645161,20.737903225806452,90.0,156.0,129.0
James III,2,26.0,13.0,7.0,3.5,4.0,2.0,0.548,0.225,0.667,,2.0,3.0,2.0
James Johnson,1311,6334.0,4.838808250572956,2957.0,2.2589763177998474,1736.0,1.3262032085561497,0.28394117647058825,0.125292589763178,0.23197326203208557,18.919759725400457,627.0,705.0,1146.0
James Jones,1245,4752.0,3.816867469879518,1633.0,1.3116465863453814,461.0,0.37028112449799194,0.2490024096385542,0.22650923694779118,0.20437670682730924,15.135667396061269,299.0,275.0,311.0
James Jr.,1,2.0,2.0,1.0,1.0,2.0,2.0,0.25,0.0,0.0,,0.0,0.0,0.0
James Lang,46,59.0,1.2826086956521738,47.0,1.0217391304347827,9.0,0.1956521739130435,0.17947826086956523,0.0,0.09997826086956522,8.416666666666666,9.0,4.0,18.0
James Mays,4,15.0,3.75,11.0,2.75,2.0,0.5,0.38275,0.0,0.25,10.5,0.0,1.0,5.0
James Michael McAdoo,234,457.0,1.952991452991453,276.0,1.1794871794871795,49.0,0.2094017094017094,0.2441025641025641,0.022435897435897436,0.1353119658119658,7.291139240506329,52.0,66.0,59.0
James Nunnally,89,161.0,1.872093023255814,49.0,0.5697674418604651,27.0,0.313953488372093,0.17532558139534882,0.1250813953488372,0.11062790697674418,8.119047619047619,8.0,2.0,16.0
James Owens,15,94.0,6.266666666666667,0.0,0.0,0.0,0.0,0.0,0.0,0.499,0.0,0.0,0.0,0.0
James Palmer Jr.,2,8.0,4.0,1.0,0.5,1.0,0.5,0.6,0.0,0.55,8.0,2.0,1.0,2.0
James Posey,1029,8144.0,7.914480077745384,4512.0,4.384839650145772,1520.0,1.477162293488824,0.35811953352769677,0.27917103984450925,0.4430242954324587,26.154798761609907,1016.0,322.0,1070.0
James Robinson,437,2923.0,6.688787185354691,668.0,1.528604118993135,728.0,1.665903890160183,0.3171967963386728,0.24045766590389014,0.28599313501144163,17.58481012658228,209.0,73.0,511.0
James Scott,21,1.0,0.047619047619047616,6.0,0.2857142857142857,3.0,0.14285714285714285,0.0,0.0,0.023809523809523808,3.375,2.0,0.0,2.0
James Silas,385,5457.0,14.174025974025975,804.0,2.088311688311688,1300.0,3.3766233766233764,0.43283636363636363,0.0,0.7198259740259739,24.2,249.0,56.0,312.0
James Singleton,374,1056.0,2.823529411764706,1010.0,2.700534759358289,123.0,0.32887700534759357,0.2406096256684492,0.04767914438502674,0.22022727272727272,12.407017543859649,107.0,136.0,162.0
James Southerland,22,17.0,0.7727272727272727,9.0,0.4090909090909091,0.0,0.0,0.06381818181818182,0.09849999999999999,0.022727272727272728,6.166666666666667,2.0,2.0,1.0
James Thomas,50,77.0,1.54,113.0,2.26,9.0,0.18,0.28562,0.0,0.11334,8.902439024390244,6.0,7.0,23.0
James Webb III,19,41.0,2.1578947368421053,47.0,2.473684210526316,7.0,0.3684210526315789,0.26489473684210524,0.23684210526315788,0.15789473684210525,12.625,2.0,4.0,10.0
James White,139,276.0,1.985611510791367,103.0,0.7410071942446043,47.0,0.3381294964028777,0.20133093525179857,0.10311510791366907,0.09026618705035971,9.380434782608695,33.0,11.0,49.0
James Wilkes,116,547.0,4.7155172413793105,275.0,2.3706896551724137,104.0,0.896551724137931,0.3821637931034483,0.0,0.3043103448275862,13.241379310344827,21.0,25.0,35.0
James Wiseman,224,1522.0,6.794642857142857,925.0,4.129464285714286,127.0,0.5669642857142857,0.41599107142857145,0.05394196428571429,0.29899553571428567,18.009349112426037,32.0,111.0,208.0
James Worthy,1072,19388.0,18.08582089552239,5469.0,5.101679104477612,3262.0,3.042910447761194,0.5256707089552238,0.05763059701492537,0.6318125,32.997201492537314,1192.0,716.0,2100.0
James Young,236,381.0,1.6144067796610169,151.0,0.6398305084745762,45.0,0.1906779661016949,0.13616949152542374,0.11596186440677966,0.07996186440677966,8.51639344262295,33.0,8.0,36.0
JamesOn Curry,11,30.0,2.727272727272727,13.0,1.1818181818181819,15.0,1.3636363636363635,0.23636363636363636,0.15754545454545454,0.22727272727272727,13.777777777777779,2.0,0.0,13.0
Jamesearl Ray,107,337.0,3.149532710280374,231.0,2.1588785046728973,76.0,0.7102803738317757,0.3546728971962617,0.009345794392523364,0.22537383177570092,8.05607476635514,36.0,37.0,105.0
Jamie Feick,270,911.0,3.3740740740740742,1437.0,5.322222222222222,139.0,0.5148148148148148,0.27173703703703705,0.031174074074074073,0.24659999999999999,20.980099502487562,117.0,90.0,152.0
Jamie Waller,9,42.0,4.666666666666667,13.0,1.4444444444444444,3.0,0.3333333333333333,0.3333333333333333,0.0,0.3333333333333333,10.11111111111111,4.0,2.0,11.0
Jamie Watson,136,335.0,2.463235294117647,150.0,1.1029411764705883,120.0,0.8823529411764706,0.3100073529411765,0.06740441176470588,0.18443382352941176,12.065420560747663,67.0,18.0,99.0
Jamil Wilson,36,133.0,3.6944444444444446,48.0,1.3333333333333333,26.0,0.7222222222222222,0.25975000000000004,0.21358333333333335,0.09722222222222222,15.851851851851851,13.0,9.0,15.0
Jamir Watkins,61,380.0,6.229508196721311,204.0,3.3442622950819674,67.0,1.098360655737705,0.36050819672131146,0.21086885245901638,0.3169508196721311,19.897169811320754,55.0,26.0,43.0
Jamison Battle,159,702.0,4.415094339622642,270.0,1.6981132075471699,87.0,0.5471698113207547,0.36769811320754714,0.27854088050314463,0.08385534591194968,12.60279411764706,27.0,13.0,48.0
Jamison Brewer,117,95.0,0.811965811965812,60.0,0.5128205128205128,61.0,0.5213675213675214,0.10893162393162394,0.033478632478632475,0.042735042735042736,8.131147540983607,21.0,2.0,37.0
Jamon Lucas,1,0.0,0.0,0.0,0.0,0.0,0.0,0.0,0.0,0.0,8.0,0.0,0.0,0.0
Jamorko Pickett,37,62.0,1.6756756756756757,41.0,1.1081081081081081,10.0,0.2702702702702703,0.17278378378378378,0.14167567567567568,0.013513513513513514,11.6,3.0,8.0,8.0
Jan Van Breda Kolff,438,2617.0,5.974885844748859,1769.0,4.038812785388128,807.0,1.8424657534246576,0.39152511415525115,0.010273972602739725,0.49219178082191783,22.732876712328768,158.0,163.0,158.0
Jan Vesely,245,676.0,2.759183673469388,656.0,2.6775510204081634,109.0,0.4448979591836735,0.30160408163265306,0.0,0.1432857142857143,15.342696629213483,119.0,96.0,138.0
Jannero Pargo,757,3757.0,4.963011889035667,832.0,1.0990752972258917,1166.0,1.5402906208718625,0.2646565389696169,0.19432892998678997,0.1950885072655218,14.501712328767123,293.0,40.0,676.0
Jarace Walker,285,1616.0,5.670175438596491,761.0,2.670175438596491,381.0,1.3368421052631578,0.29649473684210526,0.22902807017543858,0.24328771929824564,17.61327188940092,148.0,71.0,269.0
Jared Butler,236,1178.0,4.991525423728813,258.0,1.0932203389830508,488.0,2.0677966101694913,0.29702966101694916,0.18335593220338983,0.24145762711864407,13.672754491017963,113.0,33.0,200.0
Jared Cunningham,161,408.0,2.5341614906832297,99.0,0.6149068322981367,81.0,0.5031055900621118,0.16321739130434781,0.09657142857142857,0.19214285714285714,9.174311926605505,44.0,4.0,69.0
Jared Dudley,1176,7253.0,6.183290707587383,3103.0,2.6453537936913896,1525.0,1.300085251491901,0.3518559249786871,0.2622046035805627,0.2836453537936914,21.373637264618434,809.0,188.0,851.0
Jared Harper,84,68.0,0.8095238095238095,7.0,0.08333333333333333,21.0,0.25,0.04416666666666667,0.03570238095238095,0.0813452380952381,5.395238095238095,6.0,2.0,7.0
Jared Homan,5,5.0,1.0,4.0,0.8,1.0,0.2,0.13340000000000002,0.0,0.1,5.4,1.0,3.0,2.0
Jared Jeffries,808,3357.0,4.15470297029703,2807.0,3.474009900990099,875.0,1.0829207920792079,0.3290049504950495,0.060912128712871286,0.27510396039603957,21.00144927536232,474.0,358.0,750.0
Jared Jordan,7,10.0,1.4285714285714286,2.0,0.2857142857142857,10.0,1.4285714285714286,0.14285714285714285,0.0,0.14285714285714285,7.285714285714286,1.0,0.0,3.0
Jared McCain,117,1124.0,9.606837606837606,244.0,2.0854700854700856,173.0,1.4786324786324787,0.38475213675213676,0.2955897435897436,0.3249230769230769,19.046513761467892,60.0,5.0,117.0
Jared Newson,7,25.0,3.5714285714285716,10.0,1.4285714285714286,2.0,0.2857142857142857,0.35185714285714287,0.07142857142857142,0.2857142857142857,9.428571428571429,2.0,2.0,3.0
Jared Reiner,79,89.0,1.1265822784810127,144.0,1.8227848101265822,19.0,0.24050632911392406,0.19339240506329114,0.0,0.04430379746835443,7.19672131147541,8.0,15.0,26.0
Jared Rhoden,93,294.0,3.161290322580645,133.0,1.4301075268817205,44.0,0.4731182795698925,0.22889247311827957,0.10886021505376345,0.15501075268817205,13.421272727272726,22.0,16.0,24.0
Jared Ruiz,3,0.0,0.0,3.0,1.0,0.0,0.0,0.0,0.0,0.0,,1.0,0.0,2.0
Jared Sullinger,328,3311.0,10.125382262996942,2293.0,7.01223241590214,535.0,1.636085626911315,0.398691131498471,0.1614006116207951,0.4264892966360856,23.40909090909091,206.0,176.0,392.0
Jared Terrell,34,34.0,1.096774193548387,6.0,0.1935483870967742,12.0,0.3870967741935484,0.09380645161290324,0.10216129032258064,0.04838709677419355,6.875,4.0,2.0,11.0
Jarell Eddie,91,114.0,1.2527472527472527,38.0,0.4175824175824176,9.0,0.0989010989010989,0.11283516483516484,0.0951098901098901,0.09340659340659341,6.5,8.0,2.0,7.0
Jarell Martin,288,1121.0,3.9195804195804196,718.0,2.5104895104895104,130.0,0.45454545454545453,0.2703951048951049,0.13036013986013986,0.24625174825174825,15.200980392156863,80.0,82.0,163.0
Jaren Jackson,504,2614.0,5.186507936507937,875.0,1.7361111111111112,537.0,1.0654761904761905,0.3107063492063492,0.19588492063492063,0.2671785714285714,16.50851063829787,279.0,54.0,387.0
Jaren Jackson Jr.,530,9204.0,17.464895635673624,2819.0,5.349146110056926,766.0,1.4535104364326377,0.4433145526200555,0.32539658444022773,0.6676775918578576,28.159927536231887,508.0,929.0,962.0
Jaren Jr.,2,37.0,18.5,17.0,8.5,2.0,1.0,0.625,0.6665,0.667,,1.0,4.0,5.0
Jarnell Stokes,101,186.0,1.8979591836734695,132.0,1.346938775510204,14.0,0.14285714285714285,0.1971530612244898,0.0,0.13510204081632654,8.333333333333334,18.0,11.0,22.0
Jaron Blossomgame,35,128.0,4.0,121.0,3.78125,16.0,0.5,0.3968125,0.096875,0.1484375,15.551724137931034,8.0,8.0,13.0
Jaron Johnson,7,12.0,1.7142857142857142,3.0,0.42857142857142855,0.0,0.0,0.3332857142857143,0.0,0.25,4.4,0.0,1.0,1.0
Jarrad Weeks,3,15.0,5.0,4.0,1.3333333333333333,7.0,2.3333333333333335,0.4723333333333333,0.0,0.111,,1.0,0.0,5.0
Jarred Vanderbilt,533,2312.0,4.362264150943396,2467.0,4.654716981132076,571.0,1.0773584905660378,0.3935320754716981,0.0836943396226415,0.24110754716981134,18.572977571539056,425.0,173.0,396.0
Jarrell Brantley,111,128.0,1.1531531531531531,75.0,0.6756756756756757,42.0,0.3783783783783784,0.1131081081081081,0.07672972972972973,0.04504504504504504,6.173076923076923,16.0,12.0,25.0
Jarrett Allen,728,9051.0,12.46694214876033,6323.0,8.709366391184574,1151.0,1.5853994490358128,0.6095592286501378,0.026400826446280994,0.5737768595041323,27.560433333333332,497.0,848.0,939.0
Jarrett Culver,240,1067.0,4.445833333333334,453.0,1.8875,196.0,0.8166666666666667,0.2572,0.13825,0.16938333333333333,16.41429447852761,113.0,61.0,162.0
Jarrett Jack,1025,10368.0,10.144814090019569,2778.0,2.7181996086105675,4359.0,4.265166340508806,0.39689334637964774,0.2630029354207436,0.5837886497064578,27.042487046632125,767.0,121.0,1948.0
Jarrid Famous,8,10.0,1.25,9.0,1.125,2.0,0.25,0.208375,0.0,0.0,7.0,1.0,1.0,3.0
Jarrod Uthoff,41,75.0,1.829268292682927,48.0,1.170731707317073,11.0,0.2682926829268293,0.1818780487804878,0.09553658536585366,0.05895121951219512,10.6,5.0,5.0,4.0
Jarron Collins,755,2260.0,2.993377483443709,1729.0,2.290066225165563,460.0,0.609271523178808,0.2715774834437086,0.0,0.3049059602649007,14.757328990228013,158.0,107.0,368.0
Jarron Cumberland,3,2.0,0.6666666666666666,3.0,1.0,1.0,0.3333333333333333,0.3333333333333333,0.0,0.0,3.6666666666666665,0.0,0.0,0.0
Jarvis Hayes,484,3901.0,8.059917355371901,1443.0,2.981404958677686,490.0,1.012396694214876,0.393849173553719,0.2746818181818182,0.31408264462809915,22.217484008528785,325.0,66.0,412.0
Jarvis Varnado,61,119.0,1.9508196721311475,86.0,1.4098360655737705,17.0,0.2786885245901639,0.2756229508196721,0.0,0.2045245901639344,10.116279069767442,11.0,33.0,19.0
Jase Richardson,94,285.0,3.0319148936170213,76.0,0.8085106382978723,70.0,0.7446808510638298,0.25659574468085106,0.17143617021276594,0.1852872340425532,10.9785,22.0,3.0,27.0
Jason Cadee,1,11.0,11.0,1.0,1.0,0.0,0.0,0.5,0.6,0.0,,0.0,0.0,3.0
Jason Caffey,610,3477.0,5.7,2138.0,3.504918032786885,449.0,0.7360655737704918,0.3495524590163934,0.0,0.3494196721311475,18.694164989939637,214.0,118.0,674.0
Jason Capel,2,7.0,3.5,5.0,2.5,0.0,0.0,0.25,0.5,0.625,9.5,0.0,0.0,1.0
Jason Collier,228,866.0,3.7982456140350878,459.0,2.013157894736842,52.0,0.22807017543859648,0.2873552631578947,0.022662280701754384,0.25444736842105264,13.774193548387096,37.0,32.0,126.0
Jason Collins,1101,3039.0,2.760217983651226,3164.0,2.8737511353315166,694.0,0.6303360581289736,0.2637356948228883,0.003996366939146231,0.25454768392370575,19.734575087310827,421.0,403.0,717.0
Jason Hart,541,1799.0,3.325323475046211,625.0,1.155268022181146,853.0,1.576709796672828,0.24830683918669133,0.06345841035120149,0.23400739371534196,14.355889724310776,295.0,39.0,310.0
Jason Jennings,1,0.0,0.0,2.0,2.0,0.0,0.0,0.0,0.0,0.0,5.0,1.0,0.0,0.0
Jason Kapono,708,3870.0,5.466101694915254,966.0,1.3644067796610169,473.0,0.6680790960451978,0.30625282485875704,0.24152542372881355,0.19784745762711864,17.407665505226483,208.0,28.0,386.0
Jason Kidd,1625,19816.0,12.194461538461539,9988.0,6.146461538461539,13629.0,8.387076923076924,0.3811766153846154,0.3208196923076923,0.5362824615384615,35.516438871473355,3060.0,511.0,4568.0
Jason Lawson,50,26.0,0.52,27.0,0.54,5.0,0.1,0.11134000000000001,0.0,0.08,4.294117647058823,4.0,4.0,2.0
Jason Maxiell,879,4138.0,4.707622298065984,2999.0,3.411831626848692,316.0,0.3594994311717861,0.36475540386803185,0.0,0.27350967007963595,18.044692737430168,281.0,583.0,577.0
Jason Miskiri,6,5.0,0.8333333333333334,1.0,0.16666666666666666,2.0,0.3333333333333333,0.06666666666666667,0.08333333333333333,0.0,4.333333333333333,1.0,0.0,2.0
Jason Preston,73,70.0,0.9722222222222222,64.0,0.8888888888888888,70.0,0.9722222222222222,0.12190277777777776,0.051388888888888894,0.020833333333333332,8.931666666666667,10.0,2.0,23.0
Jason Richardson,1014,15888.0,15.668639053254438,4595.0,4.531558185404339,2424.0,2.3905325443786984,0.3925986193293886,0.30607100591715974,0.49673964497041423,33.14483493077742,1084.0,394.0,1621.0
Jason Sasser,27,69.0,2.5555555555555554,29.0,1.0740740740740742,7.0,0.25925925925925924,0.2515925925925926,0.12962962962962962,0.09259259259259259,6.5,5.0,0.0,12.0
Jason Siggers,6,99.0,16.5,10.0,1.6666666666666667,6.0,1.0,0.4136666666666666,0.2705,0.6528333333333333,,6.0,1.0,8.0
Jason Smith,903,4243.0,4.709211986681465,2339.0,2.596004439511654,504.0,0.5593784683684795,0.3371920088790233,0.05352941176470588,0.24571365149833518,15.815295815295816,241.0,448.0,575.0
Jason Terry,1678,21173.0,12.617997616209774,3681.0,2.193682955899881,5932.0,3.535160905840286,0.405753873659118,0.3313116805721097,0.5002979737783075,29.170226130653266,1785.0,308.0,2677.0
Jason Thompson,696,5597.0,8.041666666666666,4214.0,6.054597701149425,695.0,0.9985632183908046,0.4393074712643678,0.005387931034482759,0.42078160919540225,24.21759259259259,310.0,452.0,822.0
Jason Washburn,8,0.0,0.0,5.0,0.625,0.0,0.0,0.0,0.0,0.0,4.25,0.0,3.0,3.0
Jason Williams,966,8964.0,9.279503105590063,1990.0,2.060041407867495,4918.0,5.091097308488613,0.33905486542443064,0.2582712215320911,0.3765745341614907,28.524571428571427,1002.0,65.0,1780.0
Javan Johnson,3,5.0,1.6666666666666667,1.0,0.3333333333333333,1.0,0.3333333333333333,0.16666666666666666,0.111,0.0,,0.0,0.0,0.0
Javante McCoy,9,11.0,1.2222222222222223,3.0,0.3333333333333333,4.0,0.4444444444444444,0.12966666666666668,0.16666666666666666,0.05555555555555555,10.113333333333332,2.0,0.0,2.0
Javaris Crittenton,170,675.0,3.9705882352941178,307.0,1.8058823529411765,228.0,1.3411764705882352,0.25701176470588233,0.03528823529411765,0.24988235294117644,15.7734375,71.0,10.0,152.0
Javin DeLaurier,13,9.0,0.6923076923076923,12.0,0.9230769230769231,0.0,0.0,0.15384615384615385,0.07692307692307693,0.038461538461538464,9.666666666666666,3.0,0.0,2.0
Javon Bess,5,2.0,0.4,2.0,0.4,0.0,0.0,0.0666,0.0,0.0,4.5,0.0,0.0,2.0
Javon Freeman-Liberty,36,188.0,5.222222222222222,83.0,2.3055555555555554,45.0,1.25,0.2771388888888889,0.10877777777777778,0.42500000000000004,16.23076923076923,12.0,6.0,29.0
Javon Small,50,439.0,8.78,135.0,2.7,175.0,3.5,0.38994,0.37466,0.44868,20.510444444444445,37.0,10.0,67.0
Javonte Cooke,34,33.0,0.9705882352941176,24.0,0.7058823529411765,8.0,0.23529411764705882,0.08661764705882354,0.039205882352941174,0.07352941176470588,4.872608695652174,6.0,0.0,11.0
Javonte Green,476,2223.0,4.670168067226891,1191.0,2.5021008403361344,277.0,0.5819327731092437,0.3675105042016807,0.20915126050420169,0.27954621848739497,16.258812553011026,364.0,148.0,205.0
Javonte Smart,44,116.0,2.6363636363636362,42.0,0.9545454545454546,31.0,0.7045454545454546,0.18463636363636365,0.1534090909090909,0.11931818181818182,10.871333333333332,13.0,3.0,21.0
Jawad Williams,154,497.0,3.227272727272727,195.0,1.2662337662337662,76.0,0.4935064935064935,0.2080324675324675,0.15757142857142858,0.18295454545454545,12.966101694915254,31.0,11.0,53.0
Jawann Oldham,334,1469.0,4.3982035928143715,1377.0,4.122754491017964,165.0,0.4940119760479042,0.4034251497005988,0.0,0.24967065868263474,15.955089820359282,103.0,548.0,366.0
Jawun Evans,90,281.0,3.157303370786517,106.0,1.1910112359550562,129.0,1.449438202247191,0.22833707865168537,0.09002247191011237,0.16507865168539326,14.919354838709678,43.0,6.0,61.0
Jaxson Hayes,581,3272.0,5.631669535283993,1923.0,3.3098106712564546,367.0,0.6316695352839932,0.5099552495697074,0.03341996557659208,0.3669827882960413,16.083175582990396,217.0,335.0,331.0
Jay Arnette,123,455.0,3.6991869918699187,124.0,1.008130081300813,53.0,0.43089430894308944,0.30369918699186993,0.0,0.35759349593495937,2.983739837398374,0.0,0.0,0.0
Jay Carty,31,77.0,2.4838709677419355,58.0,1.8709677419354838,12.0,0.3870967741935484,0.33864516129032257,0.0,0.0967741935483871,4.741935483870968,0.0,0.0,0.0
Jay Edwards,4,7.0,1.75,2.0,0.5,4.0,1.0,0.375,0.0,0.25,6.5,1.0,0.0,1.0
Jay Guidinger,68,100.0,1.4705882352941178,98.0,1.4411764705882353,20.0,0.29411764705882354,0.26736764705882354,0.0,0.18995588235294117,5.3088235294117645,13.0,16.0,28.0
Jay Huff,254,1387.0,5.460629921259843,542.0,2.1338582677165356,185.0,0.7283464566929134,0.30968503937007874,0.19137795275590552,0.23864960629921259,14.30860824742268,65.0,236.0,138.0
Jay Humphries,829,9168.0,11.059107358262967,2096.0,2.528347406513872,4526.0,5.4595898673100125,0.449437876960193,0.13123522316043426,0.5311628468033776,29.150784077201447,1186.0,94.0,1590.0
Jay Miller,11,29.0,2.6363636363636362,9.0,0.8181818181818182,1.0,0.09090909090909091,0.19236363636363638,0.0,0.3332727272727273,8.727272727272727,0.0,0.0,0.0
Jay Murphy,67,160.0,2.388059701492537,111.0,1.6567164179104477,15.0,0.22388059701492538,0.3137611940298507,0.0,0.2126865671641791,6.507462686567164,8.0,7.0,24.0
Jay Scrubb,65,125.0,1.9230769230769231,41.0,0.6307692307692307,12.0,0.18461538461538463,0.14864615384615387,0.06512307692307692,0.1076923076923077,8.735294117647058,14.0,5.0,22.0
Jay Taylor,17,51.0,3.0,11.0,0.6470588235294118,5.0,0.29411764705882354,0.3799411764705882,0.10782352941176471,0.14705882352941177,6.705882352941177,5.0,3.0,10.0
Jay Vincent,613,9201.0,15.00978792822186,3339.0,5.446982055464926,1170.0,1.9086460032626427,0.4390097879282219,0.0065252854812398045,0.6443507340946166,26.913539967373573,394.0,174.0,1163.0
Jay Williams,82,733.0,8.939024390243903,199.0,2.426829268292683,353.0,4.304878048780488,0.37771951219512195,0.2895853658536585,0.41362195121951223,24.8875,87.0,17.0,184.0
Jaylen Adams,79,149.0,1.9605263157894737,78.0,1.0263157894736843,77.0,1.013157894736842,0.17843421052631578,0.16082894736842107,0.07456578947368421,10.288461538461538,19.0,5.0,37.0
Jaylen Barford,4,0.0,0.0,0.0,0.0,0.0,0.0,0.0,0.0,0.0,,0.0,0.0,0.0
Jaylen Brown,892,16869.0,18.953932584269662,4670.0,5.247191011235955,2397.0,2.6932584269662923,0.4547808988764045,0.3177494382022472,0.5850584269662922,30.531899766899766,860.0,332.0,1957.0
Jaylen Clark,169,491.0,2.905325443786982,202.0,1.1952662721893492,78.0,0.46153846153846156,0.2802721893491124,0.17081065088757397,0.17489940828402367,12.418923884514436,94.0,13.0,36.0
Jaylen Hoard,75,295.0,3.933333333333333,207.0,2.76,51.0,0.68,0.2784933333333333,0.022773333333333336,0.24180000000000001,15.333333333333334,28.0,11.0,35.0
Jaylen Johnson,6,3.0,0.5,2.0,0.3333333333333333,0.0,0.0,0.08333333333333333,0.0,0.041666666666666664,3.6666666666666665,0.0,1.0,1.0
Jaylen Martin,37,87.0,2.3513513513513513,45.0,1.2162162162162162,19.0,0.5135135135135135,0.1612162162162162,0.09232432432432432,0.10810810810810811,12.491052631578947,9.0,0.0,11.0
Jaylen Morris,31,40.0,1.3793103448275863,25.0,0.8620689655172413,13.0,0.4482758620689655,0.13255172413793104,0.06320689655172414,0.05172413793103448,10.214285714285714,4.0,1.0,8.0
Jaylen Nowell,296,2001.0,6.760135135135135,493.0,1.6655405405405406,406.0,1.3716216216216217,0.3221993243243243,0.20002702702702702,0.3379391891891892,16.243333333333332,109.0,40.0,162.0
Jaylen Sims,11,42.0,3.8181818181818183,9.0,0.8181818181818182,12.0,1.0909090909090908,0.2615454545454546,0.21818181818181817,0.35609090909090907,16.240000000000002,3.0,1.0,8.0
Jaylen Wells,168,1850.0,11.011904761904763,522.0,3.107142857142857,271.0,1.6130952380952381,0.4112534013605443,0.326577380952381,0.4828928571428572,25.377474120082816,110.0,17.0,159.0
Jaylin Galloway,3,0.0,0.0,0.0,0.0,0.0,0.0,0.0,0.0,0.0,,0.0,0.0,0.0
Jaylin Williams,328,1582.0,4.823170731707317,1313.0,4.003048780487805,553.0,1.6859756097560976,0.35365548780487804,0.30191463414634145,0.23887195121951219,15.962711267605632,134.0,131.0,210.0
Jaylon Tyson,175,1202.0,6.868571428571428,523.0,2.9885714285714284,239.0,1.3657142857142857,0.32213714285714284,0.25704571428571427,0.28524,18.306363636363635,78.0,38.0,155.0
Jaysean Paige,1,0.0,0.0,1.0,1.0,1.0,1.0,0.0,0.0,0.0,6.0,0.0,0.0,1.0
Jayson Kent,11,10.0,0.9090909090909091,5.0,0.45454545454545453,0.0,0.0,0.19699999999999998,0.045454545454545456,0.09090909090909091,3.58,1.0,1.0,0.0
Jayson Tatum,791,17762.0,22.512040557667934,5710.0,7.23700887198986,3074.0,3.8960709759188847,0.43533079847908746,0.34262484157160966,0.7233510773130546,34.30509417433202,858.0,507.0,1863.0
Jayson Williams,510,3506.0,6.874509803921568,3643.0,7.143137254901961,293.0,0.5745098039215686,0.3748470588235294,0.004901960784313725,0.37246078431372553,20.41443298969072,206.0,304.0,520.0
Jazian Gortman,39,104.0,2.6666666666666665,19.0,0.48717948717948717,23.0,0.5897435897435898,0.23271794871794874,0.16333333333333333,0.07692307692307693,8.0976,10.0,1.0,21.0
Jeff Adrien,255,809.0,3.172549019607843,761.0,2.984313725490196,106.0,0.41568627450980394,0.2850470588235294,0.0,0.2415921568627451,13.278409090909092,57.0,89.0,105.0
Jeff Allen,4,57.0,14.25,14.0,3.5,4.0,1.0,0.44775,0.0,0.30575,,7.0,2.0,12.0
Jeff Ayres,469,841.0,1.79317697228145,748.0,1.5948827292110874,131.0,0.279317697228145,0.236771855010661,0.0042643923240938165,0.13478464818763325,9.186440677966102,47.0,76.0,157.0
Jeff Cook,548,2901.0,5.293795620437956,2441.0,4.454379562043796,736.0,1.3430656934306568,0.40708941605839416,0.0036496350364963502,0.37479379562043796,18.501824817518248,311.0,220.0,578.0
Jeff Cross,21,26.0,1.2380952380952381,30.0,1.4285714285714286,1.0,0.047619047619047616,0.08804761904761904,0.0,0.22214285714285714,6.095238095238095,2.0,3.0,7.0
Jeff Dowtin Jr.,157,486.0,3.0955414012738856,143.0,0.910828025477707,169.0,1.0764331210191083,0.2293503184713376,0.10947770700636941,0.11970063694267516,12.498099999999999,51.0,17.0,39.0
Jeff Foote,6,4.0,0.6666666666666666,6.0,1.0,0.0,0.0,0.11116666666666668,0.0,0.0,9.25,0.0,1.0,2.0
Jeff Foster,950,4075.0,4.2894736842105265,5732.0,6.0336842105263155,770.0,0.8105263157894737,0.4046715789473684,0.009473684210526316,0.30591894736842107,19.752056404230316,553.0,351.0,681.0
Jeff Grayer,456,3296.0,7.228070175438597,1308.0,2.8684210526315788,643.0,1.4100877192982457,0.4171820175438597,0.043089912280701755,0.40088815789473686,18.660714285714285,273.0,66.0,490.0
Jeff Green,1587,16352.0,10.316719242902208,5569.0,3.513564668769716,2047.0,1.2914826498422713,0.40473059936908523,0.2550441640378549,0.528832807570978,25.950577100646353,885.0,684.0,1829.0
Jeff Halliburton,93,560.0,6.021505376344086,138.0,1.4838709677419355,121.0,1.3010752688172043,0.3737311827956989,0.0,0.3887634408602151,10.913978494623656,0.0,0.0,0.0
Jeff Hornacek,1226,17751.0,14.478792822185971,4173.0,3.403752039151713,5806.0,4.735725938009788,0.4784078303425775,0.29351468189233276,0.7069029363784666,31.687756778964665,1706.0,251.0,2202.0
Jeff Jr.,2,16.0,8.0,3.0,1.5,7.0,3.5,0.8,0.0,0.75,,2.0,0.0,1.0
Jeff Judkins,279,1491.0,5.344086021505376,428.0,1.5340501792114696,280.0,1.003584229390681,0.4364767025089606,0.06003584229390681,0.3531863799283154,12.21863799283154,119.0,21.0,166.0
Jeff Lamp,303,1523.0,5.026402640264027,441.0,1.4554455445544554,277.0,0.9141914191419142,0.396983498349835,0.03245214521452145,0.33358415841584155,11.716171617161717,105.0,14.0,225.0
Jeff Lebo,4,6.0,1.5,4.0,1.0,3.0,0.75,0.20825,0.0,0.25,8.0,2.0,0.0,1.0
Jeff Malone,958,18201.0,18.998956158663884,2512.0,2.6221294363256784,2270.0,2.3695198329853864,0.4704634655532359,0.05737473903966597,0.7358079331941545,32.872651356993735,615.0,112.0,1621.0
Jeff Martin,143,956.0,6.685314685314685,290.0,2.027972027972028,109.0,0.7622377622377622,0.3703846153846154,0.08344055944055945,0.3565734265734266,18.776223776223777,78.0,47.0,96.0
Jeff McInnis,657,5503.0,8.375951293759513,1202.0,1.8295281582952816,2585.0,3.9345509893455097,0.3746392694063927,0.1665890410958904,0.3934124809741248,26.795986622073578,384.0,32.0,809.0
Jeff Mullins,888,14125.0,15.906531531531531,3741.0,4.212837837837838,3285.0,3.699324324324324,0.4268006756756757,0.0,0.5970011261261262,30.048423423423422,147.0,29.0,0.0
Jeff Nordgaard,26,18.0,0.6923076923076923,14.0,0.5384615384615384,3.0,0.11538461538461539,0.07688461538461538,0.0,0.15384615384615385,3.230769230769231,2.0,0.0,3.0
Jeff Roberson,4,3.0,1.5,0.0,0.0,0.0,0.0,0.5,0.5,0.0,6.0,0.0,0.0,0.0
Jeff Ruland,349,6076.0,17.40974212034384,3544.0,10.154727793696274,1069.0,3.0630372492836675,0.5521833810888251,0.0057306590257879654,0.6531002865329513,33.63323782234957,211.0,222.0,1029.0
Jeff Sanders,58,114.0,1.9655172413793103,103.0,1.7758620689655173,25.0,0.43103448275862066,0.2818103448275862,0.0,0.08620689655172414,8.017241379310345,18.0,9.0,32.0
Jeff Sheppard,47,40.0,0.851063829787234,24.0,0.5106382978723404,18.0,0.3829787234042553,0.089,0.031914893617021274,0.07446808510638298,8.475,4.0,0.0,7.0
Jeff Slade,3,4.0,1.3333333333333333,6.0,2.0,0.0,0.0,0.13333333333333333,0.0,0.0,1.0,0.0,0.0,0.0
Jeff Taylor,56,179.0,3.1964285714285716,82.0,1.4642857142857142,113.0,2.017857142857143,0.34787500000000005,0.0,0.27199999999999996,14.607142857142858,41.0,16.0,56.0
Jeff Teague,1048,11606.0,11.10622009569378,2284.0,2.1856459330143543,5154.0,4.932057416267942,0.38210430622009567,0.26501722488038276,0.5547693779904307,26.057334024896267,1060.0,316.0,2069.0
Jeff Trepagnier,57,88.0,1.543859649122807,43.0,0.7543859649122807,22.0,0.38596491228070173,0.11071929824561404,0.07017543859649122,0.13157894736842105,8.193548387096774,19.0,4.0,25.0
Jeff Turner,636,3754.0,5.90251572327044,2068.0,3.251572327044025,651.0,1.0235849056603774,0.4064575471698113,0.06679245283018867,0.3436320754716981,18.02201257861635,220.0,88.0,696.0
Jeff Van Gundy,1,0.0,0.0,0.0,0.0,0.0,0.0,0.0,0.0,0.0,39.0,0.0,0.0,0.0
Jeff Webb,84,172.0,2.0476190476190474,58.0,0.6904761904761905,43.0,0.5119047619047619,0.284202380952381,0.0,0.18948809523809523,6.4523809523809526,0.0,0.0,0.0
Jeff Webster,11,18.0,1.6363636363636365,7.0,0.6363636363636364,3.0,0.2727272727272727,0.22345454545454546,0.045454545454545456,0.0,5.2727272727272725,4.0,0.0,3.0
Jeff Wilkins,478,3781.0,7.910041841004184,2656.0,5.556485355648536,479.0,1.002092050209205,0.41823221757322177,0.0,0.3886255230125523,21.615062761506277,133.0,226.0,503.0
Jeff Withey,388,773.0,1.9922680412371134,609.0,1.5695876288659794,76.0,0.1958762886597938,0.2374020618556701,0.004510309278350515,0.1690541237113402,9.580508474576272,69.0,177.0,93.0
Jeffery Taylor,191,903.0,4.727748691099476,296.0,1.549738219895288,119.0,0.6230366492146597,0.29147120418848166,0.18718324607329845,0.26743979057591627,18.93877551020408,82.0,21.0,106.0
Jeffrey Carroll,5,0.0,0.0,0.0,0.0,0.0,0.0,0.0,0.0,0.0,,0.0,0.0,0.0
Jeffrey Coby,2,0.0,0.0,0.0,0.0,0.0,0.0,0.0,0.0,0.0,,0.0,0.0,0.0
Jeffrey Crompton,82,99.0,1.2073170731707317,139.0,1.6951219512195121,28.0,0.34146341463414637,0.20286585365853657,0.0,0.09247560975609756,6.036585365853658,10.0,23.0,41.0
Jelani McCoy,346,1256.0,3.6300578034682083,974.0,2.815028901734104,141.0,0.407514450867052,0.3834971098265896,0.0,0.18820231213872832,14.018181818181818,80.0,203.0,258.0
Jemerrio Jones,15,43.0,2.8666666666666667,61.0,4.066666666666666,16.0,1.0666666666666667,0.29806666666666665,0.1,0.03333333333333333,17.0,8.0,6.0,5.0
Jerald Honeycutt,128,277.0,2.1640625,106.0,0.828125,36.0,0.28125,0.12328125000000001,0.0720625,0.117296875,10.25,25.0,8.0,59.0
Jerami Grant,952,11508.0,12.139240506329115,3332.0,3.5147679324894514,1374.0,1.4493670886075949,0.403951476793249,0.2879229957805907,0.5461824894514767,27.418745644599305,587.0,856.0,1139.0
Jerel McNeal,15,16.0,1.0666666666666667,5.0,0.3333333333333333,5.0,0.3333333333333333,0.08333333333333333,0.06666666666666667,0.12213333333333333,5.333333333333333,3.0,1.0,7.0
Jeremiah Fears,88,1234.0,14.022727272727273,318.0,3.6136363636363638,293.0,3.3295454545454546,0.4295568181818182,0.30921590909090907,0.5953522727272728,24.98829545454545,99.0,30.0,192.0
Jeremiah Martin,39,109.0,2.7948717948717947,24.0,0.6153846153846154,30.0,0.7692307692307693,0.17435897435897435,0.11194871794871794,0.11217948717948718,9.333333333333334,14.0,7.0,18.0
Jeremiah Robinson-Earl,306,1394.0,4.555555555555555,1008.0,3.2941176470588234,238.0,0.7777777777777778,0.3056666666666667,0.19376143790849676,0.2193921568627451,16.916974789915965,124.0,39.0,148.0
Jeremiah Tilmon,1,0.0,0.0,0.0,0.0,0.0,0.0,0.0,0.0,0.0,,0.0,0.0,0.0
Jeremy Evans,475,1034.0,2.176842105263158,750.0,1.5789473684210527,124.0,0.26105263157894737,0.2542315789473684,0.015578947368421053,0.1479284210526316,10.355172413793104,103.0,144.0,107.0
Jeremy Lamb,764,6350.0,8.333333333333334,2293.0,3.009186351706037,1005.0,1.3188976377952757,0.3446994750656168,0.24781233595800525,0.4257007874015748,20.15981012658228,464.0,234.0,531.0
Jeremy Lin,636,6190.0,9.778830963665087,1499.0,2.368088467614534,2271.0,3.5876777251184833,0.3553001579778831,0.2505339652448657,0.5541595576619274,24.354661791590495,577.0,186.0,1216.0
Jeremy Morgan,2,2.0,1.0,3.0,1.5,1.0,0.5,0.5,0.0,0.0,7.0,1.0,1.0,1.0
Jeremy Pargo,140,524.0,3.742857142857143,117.0,0.8357142857142857,200.0,1.4285714285714286,0.20059285714285713,0.11356428571428571,0.18274285714285715,13.591397849462366,32.0,4.0,121.0
Jeremy Richardson,122,142.0,1.1639344262295082,38.0,0.3114754098360656,14.0,0.11475409836065574,0.12260655737704919,0.07568032786885247,0.05942622950819672,6.155172413793103,7.0,0.0,13.0
Jeremy Senglin,4,6.0,1.5,1.0,0.25,1.0,0.25,0.25,0.25,0.0,5.0,0.0,0.0,0.0
Jeremy Sochan,290,2367.0,8.162068965517241,1308.0,4.510344827586207,584.0,2.013793103448276,0.3787689655172414,0.18488275862068965,0.3462793103448276,22.85330655957162,183.0,104.0,356.0
Jeremy Tyler,183,422.0,2.3060109289617485,311.0,1.6994535519125684,27.0,0.14754098360655737,0.2193224043715847,0.0,0.1362295081967213,9.559322033898304,28.0,48.0,82.0
Jeremy Wise,1,4.0,4.0,1.0,1.0,0.0,0.0,1.0,0.0,0.0,4.0,1.0,0.0,0.0
Jerian Grant,374,1913.0,5.128686327077748,603.0,1.616621983914209,918.0,2.46112600536193,0.3271474530831099,0.21380428954423591,0.34343163538873994,17.242811501597444,220.0,38.0,323.0
Jericho Sims,419,849.0,2.0262529832935563,1243.0,2.9665871121718377,228.0,0.5441527446300716,0.3356133651551313,0.0,0.09850835322195704,14.500034843205576,70.0,116.0,187.0
Jermaine Boyette,1,7.0,7.0,1.0,1.0,4.0,4.0,0.5,0.0,0.832,5.0,2.0,0.0,0.0
Jermaine Jackson,197,285.0,1.4467005076142132,156.0,0.7918781725888325,194.0,0.9847715736040609,0.2013045685279188,0.012690355329949238,0.18028934010152287,9.238095238095237,45.0,9.0,90.0
Jermaine O'Neal,1304,14854.0,11.391104294478527,8145.0,6.246165644171779,1530.0,1.1733128834355828,0.385680981595092,0.009969325153374233,0.4882239263803681,26.273166089965397,522.0,2063.0,2119.0
Jermaine Samuels Jr.,43,49.0,1.1395348837209303,26.0,0.6046511627906976,10.0,0.23255813953488372,0.18295348837209302,0.023255813953488372,0.11239534883720931,5.6735,4.0,2.0,4.0
Jermaine Taylor,169,444.0,2.6272189349112427,131.0,0.7751479289940828,67.0,0.39644970414201186,0.18007692307692308,0.058082840236686396,0.15581656804733726,11.952380952380953,35.0,9.0,85.0
Jermareo Davidson,118,213.0,1.805084745762712,114.0,0.9661016949152542,19.0,0.16101694915254236,0.18735593220338984,0.0,0.1059322033898305,8.639344262295081,13.0,23.0,30.0
Jerome Allen,122,334.0,2.737704918032787,123.0,1.0081967213114753,201.0,1.6475409836065573,0.30083606557377046,0.19631147540983607,0.22186065573770491,10.871794871794872,52.0,9.0,103.0
Jerome Anderson,53,129.0,2.4339622641509435,26.0,0.49056603773584906,17.0,0.32075471698113206,0.4520377358490566,0.0,0.18616981132075475,5.566037735849057,7.0,3.0,0.0
Jerome Beasley,15,5.0,0.3333333333333333,6.0,0.4,0.0,0.0,0.1,0.0,0.03333333333333333,3.5,0.0,0.0,1.0
Jerome Dyson,12,81.0,6.75,22.0,1.8333333333333333,20.0,1.6666666666666667,0.43133333333333335,0.16666666666666666,0.45483333333333337,16.416666666666668,13.0,2.0,23.0
Jerome Harmon,10,46.0,4.6,23.0,2.3,12.0,1.2,0.2529,0.1,0.1333,15.8,9.0,0.0,7.0
Jerome Henderson,5,16.0,3.2,5.0,1.0,0.0,0.0,0.41340000000000005,0.0,0.2,5.2,0.0,1.0,6.0
Jerome James,551,1705.0,3.0943738656987296,1201.0,2.17967332123412,128.0,0.2323049001814882,0.2677096188747732,0.0,0.19328856624319418,13.144356955380577,98.0,414.0,426.0
Jerome Jordan,163,257.0,1.5864197530864197,175.0,1.0802469135802468,22.0,0.13580246913580246,0.19825925925925927,0.0,0.15318518518518517,7.886075949367089,13.0,35.0,37.0
Jerome Kersey,1334,13382.0,10.031484257871064,7054.0,5.287856071964018,2367.0,1.7743628185907045,0.42234182908545725,0.03588230884557721,0.4581289355322339,24.52697419859265,1600.0,878.0,1744.0
Jerome Lane,222,1161.0,5.22972972972973,1265.0,5.698198198198198,326.0,1.4684684684684686,0.400981981981982,0.0022522522522522522,0.2364234234234234,14.63963963963964,138.0,39.0,263.0
Jerome Meyinsse,4,63.0,15.75,13.0,3.25,2.0,0.5,0.55975,0.0,0.85225,,3.0,1.0,6.0
Jerome Moiso,293,415.0,1.416382252559727,413.0,1.4095563139931742,44.0,0.15017064846416384,0.18888737201365188,0.0,0.09384641638225256,9.125,46.0,77.0,109.0
Jerome Randall,1,18.0,18.0,3.0,3.0,2.0,2.0,0.533,0.667,0.0,,3.0,0.0,2.0
Jerome Randle,3,47.0,15.666666666666666,3.0,1.0,7.0,2.3333333333333335,0.4533333333333333,0.6666666666666666,0.875,17.5,0.0,0.0,10.0
Jerome Robinson,241,725.0,3.0208333333333335,278.0,1.1583333333333334,183.0,0.7625,0.20414583333333333,0.14564583333333334,0.15864583333333335,12.551948051948052,61.0,33.0,110.0
Jerome Whitehead,689,4445.0,6.451378809869376,3275.0,4.753265602322206,373.0,0.5413642960812772,0.4281930333817126,0.0,0.35955587808418,17.28011611030479,225.0,198.0,669.0
Jerome Williams,691,3995.0,5.781476121562952,3894.0,5.635311143270623,499.0,0.7221418234442837,0.39573661360347323,0.001447178002894356,0.4026353111432706,21.01782820097245,647.0,136.0,609.0
Jerrelle Benimon,12,12.0,1.0,19.0,1.5833333333333333,0.0,0.0,0.19441666666666668,0.0,0.08333333333333333,5.875,2.0,2.0,7.0
Jerrod Mustaf,189,739.0,3.9100529100529102,459.0,2.4285714285714284,99.0,0.5238095238095238,0.39934920634920634,0.0,0.2661746031746032,10.25925925925926,55.0,48.0,145.0
Jerry Baskerville,21,26.0,1.2380952380952381,25.0,1.1904761904761905,2.0,0.09523809523809523,0.15476190476190477,0.0,0.19842857142857143,4.428571428571429,1.0,0.0,0.0
Jerry Bird,11,25.0,2.272727272727273,7.0,0.6363636363636364,0.0,0.0,0.11809090909090908,0.0,0.09090909090909091,1.4545454545454546,0.0,0.0,0.0
Jerry Chambers,252,2002.0,7.944444444444445,690.0,2.738095238095238,170.0,0.6746031746031746,0.35030952380952385,0.0,0.4090317460317461,11.253968253968255,0.0,0.0,0.0
Jerry Dupree,1,0.0,0.0,0.0,0.0,0.0,0.0,0.0,0.0,0.0,5.0,0.0,0.0,0.0
Jerry Eaves,179,1187.0,6.631284916201118,218.0,1.217877094972067,427.0,2.3854748603351954,0.4243687150837989,0.0074469273743016755,0.46652513966480447,15.692737430167599,83.0,10.0,213.0
Jerry Fleishman,116,729.0,6.2844827586206895,3.0,0.02586206896551724,14.0,0.1206896551724138,0.023620689655172417,0.0,0.41437931034482756,0.5775862068965517,0.0,0.0,0.0
Jerry Fowler,4,4.0,1.0,0.0,0.0,0.0,0.0,0.0,0.0,0.0,0.75,0.0,0.0,0.0
Jerry Greenspan,25,122.0,4.88,83.0,3.32,10.0,0.4,0.38811999999999997,0.0,0.55528,4.16,0.0,0.0,0.0
Jerry Grote,11,14.0,1.2727272727272727,4.0,0.36363636363636365,6.0,0.5454545454545454,0.3181818181818182,0.0,0.09090909090909091,0.2727272727272727,0.0,0.0,0.0
Jerry Harkness,5,29.0,5.8,4.0,0.8,1.0,0.2,0.3222,0.0,0.4,4.8,0.0,0.0,0.0
Jerry Lucas,908,15039.0,16.562775330396477,13705.0,15.093612334801762,2421.0,2.6662995594713657,0.48647136563876653,0.0,0.6672477973568282,24.259911894273127,4.0,2.0,0.0
Jerry Nagel,5,9.0,1.8,0.0,0.0,3.0,0.6,0.13340000000000002,0.0,0.1,0.0,0.0,0.0,0.0
Jerry Paulson,6,20.0,3.3333333333333335,0.0,0.0,0.0,0.0,0.16666666666666666,0.0,0.4166666666666667,0.0,0.0,0.0,0.0
Jerry Reynolds,461,4089.0,8.869848156182213,1333.0,2.891540130151844,914.0,1.982646420824295,0.3696008676789588,0.04211713665943601,0.5286442516268981,18.39696312364425,495.0,259.0,728.0
Jerry Rullo,30,82.0,2.7333333333333334,0.0,0.0,0.0,0.0,0.0,0.0,0.16106666666666666,0.0,0.0,0.0,0.0
Jerry Sichting,645,4279.0,6.634108527131783,858.0,1.330232558139535,2038.0,3.15968992248062,0.4509333333333333,0.06201550387596899,0.3232015503875969,20.755038759689924,417.0,19.0,591.0
Jerry Sloan,808,11298.0,13.982673267326733,5092.0,6.301980198019802,1637.0,2.025990099009901,0.35516707920792084,0.0,0.6317314356435644,24.14851485148515,126.0,10.0,0.0
Jerry Smith,7,8.0,1.1428571428571428,7.0,1.0,4.0,0.5714285714285714,0.07657142857142858,0.04757142857142858,0.07142857142857142,7.666666666666667,5.0,0.0,0.0
Jerry Stackhouse,1201,17526.0,14.592839300582847,3335.0,2.7768526228143213,3462.0,2.8825978351373855,0.3408900915903414,0.22820732722731057,0.6093388842631141,30.25234521575985,916.0,458.0,2803.0
Jerry West,1095,29784.0,27.2,5477.0,5.001826484018265,6129.0,5.597260273972603,0.42690319634703194,0.0,0.7942885844748858,23.55159817351598,39.0,3.0,0.0
Jerryd Bayless,830,5657.0,6.8238841978287095,1407.0,1.6972255729794934,1895.0,2.2858866103739444,0.29707840772014477,0.2061749095295537,0.4000711700844391,20.8301043219076,415.0,85.0,957.0
Jeryl Sasser,102,209.0,2.049019607843137,196.0,1.9215686274509804,68.0,0.6666666666666666,0.18382352941176472,0.06879411764705883,0.1971372549019608,11.818181818181818,49.0,13.0,42.0
Jesse Arnelle,31,147.0,4.741935483870968,37.0,1.1935483870967742,1.0,0.03225806451612903,0.07909677419354838,0.0,0.4343225806451613,0.7741935483870968,0.0,0.0,0.0
Jesse Branson,5,5.0,1.0,9.0,1.8,1.0,0.2,0.0666,0.0,0.3,1.0,0.0,0.0,0.0
Jesse Dark,49,177.0,3.6122448979591835,39.0,0.7959183673469388,31.0,0.6326530612244898,0.39877551020408164,0.0,0.22075510204081633,8.306122448979592,1.0,0.0,0.0
Jesse Edwards,18,28.0,1.5555555555555556,14.0,0.7777777777777778,3.0,0.16666666666666666,0.09955555555555556,0.0,0.09261111111111112,11.778,3.0,0.0,6.0
Jesse Wagstaff,2,22.0,11.0,7.0,3.5,1.0,0.5,0.3335,0.1665,1.0,,2.0,0.0,3.0
Jett Howard,221,718.0,3.248868778280543,180.0,0.8144796380090498,111.0,0.502262443438914,0.2416711915535445,0.20696530920060333,0.1254162895927602,10.919642058165548,32.0,27.0,68.0
Jevon Carter,695,2831.0,4.091040462427745,853.0,1.2326589595375723,838.0,1.2109826589595376,0.2633236994219653,0.2297456647398844,0.10303468208092485,14.833560606060606,330.0,117.0,320.0
Jhonatan Luz,1,3.0,3.0,1.0,1.0,0.0,0.0,0.333,0.5,0.0,,0.0,0.0,0.0
Jiangpeng Duan,1,3.0,3.0,2.0,2.0,3.0,3.0,0.167,0.333,0.0,,0.0,0.0,0.0
Jianiyou Taruike,1,2.0,2.0,3.0,3.0,1.0,1.0,0.2,0.0,0.0,,0.0,0.0,2.0
Jianlian Yi,361,2453.0,6.795013850415512,1495.0,4.141274238227147,220.0,0.6094182825484764,0.3116149584487535,0.10216343490304709,0.39515789473684204,21.63606557377049,155.0,199.0,364.0
Jim Ard,239,810.0,3.3891213389121337,846.0,3.5397489539748954,156.0,0.6527196652719666,0.2879832635983264,0.0,0.2801087866108787,11.631799163179917,21.0,38.0,3.0
Jim Baechtold,256,2445.0,9.55078125,195.0,0.76171875,211.0,0.82421875,0.12648046875,0.0,0.6410703125,6.28125,0.0,0.0,0.0
Jim Barnes,467,4069.0,8.713062098501071,2310.0,4.946466809421842,249.0,0.5331905781584583,0.3078736616702355,0.0,0.4857987152034261,9.63811563169165,0.0,0.0,0.0
Jim Barnett,762,8859.0,11.625984251968504,2250.0,2.952755905511811,2207.0,2.8963254593175853,0.3923937007874016,0.0,0.618234908136483,19.603674540682416,70.0,15.0,0.0
Jim Bostic,4,26.0,6.5,16.0,4.0,3.0,0.75,0.4415,0.0,0.1,12.0,0.0,0.0,2.0
Jim Brasco,17,68.0,4.0,2.0,0.11764705882352941,10.0,0.5882352941176471,0.039882352941176466,0.0,0.4588235294117647,1.8235294117647058,0.0,0.0,0.0
Jim Brewer,742,4380.0,5.902964959568733,4534.0,6.110512129380054,1048.0,1.412398921832884,0.3947210242587601,0.0013477088948787063,0.2546698113207547,21.367924528301888,491.0,457.0,284.0
Jim Brogan,121,619.0,5.115702479338843,182.0,1.5041322314049588,222.0,1.834710743801653,0.395603305785124,0.06886776859504132,0.32975206611570246,12.338842975206612,47.0,19.0,112.0
Jim Burns,3,4.0,1.3333333333333333,2.0,0.6666666666666666,1.0,0.3333333333333333,0.25,0.0,0.0,3.6666666666666665,0.0,0.0,0.0
Jim Caldwell,2,0.0,0.0,1.0,0.5,1.0,0.5,0.0,0.0,0.0,3.5,0.0,0.0,0.0
Jim Chones,659,7988.0,12.121396054628224,5413.0,8.213960546282246,1125.0,1.7071320182094083,0.4568907435508346,0.0,0.5240682852807284,30.292867981790593,322.0,606.0,734.0
Jim Cleamons,679,5629.0,8.290132547864507,2009.0,2.9587628865979383,2557.0,3.7658321060382915,0.41802356406480123,0.0029455081001472753,0.4466936671575847,24.78497790868925,362.0,72.0,150.0
Jim Creighton,32,31.0,0.96875,40.0,1.25,2.0,0.0625,0.2005,0.0,0.1015625,4.59375,1.0,4.0,0.0
Jim Davis,630,4141.0,6.573015873015873,2919.0,4.633333333333334,695.0,1.1031746031746033,0.35512222222222223,0.0,0.42028095238095237,13.68095238095238,32.0,22.0,0.0
Jim Eakins,118,632.0,5.3559322033898304,438.0,3.711864406779661,149.0,1.2627118644067796,0.3840847457627119,0.0,0.5577881355932204,14.88135593220339,35.0,64.0,28.0
Jim Farmer,141,719.0,5.099290780141844,190.0,1.3475177304964538,112.0,0.7943262411347518,0.36731914893617024,0.10331205673758866,0.31531205673758866,10.411347517730496,42.0,4.0,120.0
Jim Fox,772,7142.0,9.251295336787564,5536.0,7.170984455958549,1186.0,1.5362694300518134,0.4359598445595855,0.0,0.5303886010362694,21.036269430051814,63.0,40.0,0.0
Jim Fritsche,16,46.0,2.875,16.0,1.0,1.0,0.0625,0.040625,0.0,0.328125,0.0,0.0,0.0,0.0
Jim Garvin,6,2.0,0.3333333333333333,5.0,0.8333333333333334,0.0,0.0,0.08333333333333333,0.0,0.0,1.8333333333333333,0.0,0.0,0.0
Jim Grandholm,26,79.0,3.0384615384615383,50.0,1.9230769230769231,8.0,0.3076923076923077,0.37630769230769234,0.2436153846153846,0.15384615384615385,6.461538461538462,2.0,8.0,11.0
Jim Holstein,232,911.0,3.9267241379310347,104.0,0.4482758620689655,51.0,0.21982758620689655,0.15635775862068965,0.0,0.4152586206896552,2.163793103448276,0.0,0.0,0.0
Jim Jackson,1003,13229.0,13.189431704885344,4378.0,4.364905284147557,2929.0,2.9202392821535392,0.3913509471585244,0.27881854436689935,0.5383748753738784,32.046709129511676,761.0,204.0,2247.0
Jim Johnstone,24,31.0,1.2916666666666667,46.0,1.9166666666666667,11.0,0.4583333333333333,0.3194166666666667,0.0,0.13195833333333332,7.958333333333333,3.0,4.0,11.0
Jim King,681,4986.0,7.3215859030837,1623.0,2.383259911894273,1438.0,2.1116005873715125,0.3549089574155654,0.0,0.5129265785609398,13.634361233480176,0.0,0.0,0.0
Jim Krebs,576,4465.0,7.751736111111111,1932.0,3.3541666666666665,118.0,0.2048611111111111,0.2389027777777778,0.0,0.5218506944444444,4.862847222222222,0.0,0.0,0.0
Jim Lampley,1,3.0,3.0,5.0,5.0,0.0,0.0,0.333,0.0,0.5,16.0,1.0,0.0,1.0
Jim Les,324,1210.0,3.734567901234568,396.0,1.2222222222222223,931.0,2.873456790123457,0.29767283950617285,0.21345061728395062,0.286533950617284,13.046296296296296,169.0,20.0,296.0
Jim Loscutoff,568,3485.0,6.13556338028169,1912.0,3.3661971830985915,203.0,0.3573943661971831,0.2167024647887324,0.0,0.3734683098591549,9.30281690140845,0.0,0.0,0.0
Jim Marsh,39,119.0,3.051282051282051,84.0,2.1538461538461537,30.0,0.7692307692307693,0.27915384615384614,0.0,0.3615128205128205,9.615384615384615,0.0,0.0,0.0
Jim McDaniels,184,967.0,5.255434782608695,804.0,4.369565217391305,162.0,0.8804347826086957,0.36018478260869563,0.0,0.26559782608695653,14.369565217391305,7.0,29.0,18.0
Jim McElroy,423,4133.0,9.770685579196217,816.0,1.929078014184397,1451.0,3.430260047281324,0.4137990543735225,0.009848699763593382,0.5105626477541371,23.16548463356974,156.0,68.0,239.0
Jim McIlvaine,468,1094.0,2.3376068376068377,1254.0,2.6794871794871793,106.0,0.2264957264957265,0.3194508547008547,0.0010683760683760685,0.20133760683760685,14.264563106796116,139.0,699.0,233.0
Jim McMillian,704,9930.0,14.105113636363637,3383.0,4.8053977272727275,1532.0,2.1761363636363638,0.41998295454545453,0.0,0.5781065340909092,28.617897727272727,151.0,27.0,63.0
Jim Mooney,15,127.0,8.466666666666667,11.0,0.7333333333333333,3.0,0.2,0.07746666666666666,0.0,0.528,3.466666666666667,0.0,0.0,0.0
Jim Neal,69,304.0,4.405797101449275,207.0,3.0,21.0,0.30434782608695654,0.23655072463768115,0.0,0.378768115942029,10.101449275362318,0.0,0.0,0.0
Jim Nolan,3,8.0,2.6666666666666665,0.0,0.0,0.0,0.0,0.0,0.0,0.0,0.0,0.0,0.0,0.0
Jim Owens,58,177.0,3.0517241379310347,52.0,0.896551724137931,64.0,1.103448275862069,0.3422413793103449,0.0,0.16955172413793101,9.189655172413794,18.0,1.0,0.0
Jim Palmer,197,1596.0,8.101522842639595,505.0,2.563451776649746,45.0,0.22842639593908629,0.14377157360406093,0.0,0.4660203045685279,2.553299492385787,0.0,0.0,0.0
Jim Paxson,984,12916.0,13.126016260162602,1843.0,1.8729674796747968,2451.0,2.4908536585365852,0.41227845528455287,0.06333028455284553,0.6224867886178862,23.17581300813008,989.0,97.0,1201.0
Jim Petersen,537,3637.0,6.772811918063315,2561.0,4.769087523277467,524.0,0.9757914338919925,0.4494916201117319,0.002793296089385475,0.40463128491620115,19.7243947858473,230.0,380.0,696.0
Jim Phelan,2,2.0,1.0,5.0,2.5,2.0,1.0,0.0,0.0,0.5,0.0,0.0,0.0,0.0
Jim Pollard,380,4914.0,12.93157894736842,301.0,0.7921052631578948,173.0,0.45526315789473687,0.1423078947368421,0.0,0.6778894736842106,2.776315789473684,0.0,0.0,0.0
Jim Price,533,5225.0,9.803001876172608,1602.0,3.0056285178236397,1905.0,3.5741088180112572,0.40636585365853656,0.0,0.48721200750469046,24.49906191369606,518.0,80.0,224.0
Jim Ray,10,9.0,0.9,5.0,0.5,3.0,0.3,0.0583,0.0,0.075,0.0,0.0,0.0,0.0
Jim Reid,6,21.0,3.5,11.0,1.8333333333333333,3.0,0.5,0.4555,0.0,0.08333333333333333,8.333333333333334,0.0,0.0,0.0
Jim Riffey,25,99.0,3.96,0.0,0.0,0.0,0.0,0.07044,0.0,0.28668,0.0,0.0,0.0,0.0
Jim Rowinski,23,57.0,2.4782608695652173,34.0,1.4782608695652173,5.0,0.21739130434782608,0.20869565217391303,0.0,0.34904347826086957,5.521739130434782,1.0,2.0,10.0
Jim Seminoff,59,357.0,6.0508474576271185,0.0,0.0,7.0,0.11864406779661017,0.0,0.0,0.6571525423728813,0.0,0.0,0.0,0.0
Jim Smith,78,238.0,3.051282051282051,187.0,2.3974358974358974,46.0,0.5897435897435898,0.42344871794871797,0.0,0.16414102564102565,11.23076923076923,11.0,50.0,47.0
Jim Spanarkel,264,2507.0,9.496212121212121,653.0,2.4734848484848486,573.0,2.1704545454545454,0.44457575757575757,0.041666666666666664,0.678246212121212,20.068181818181817,156.0,36.0,355.0
Jim Thomas,161,1355.0,8.416149068322982,418.0,2.5962732919254656,377.0,2.341614906832298,0.4487701863354037,0.043478260869565216,0.456416149068323,20.875776397515526,142.0,12.0,210.0
Jim Tucker,115,467.0,4.060869565217391,305.0,2.652173913043478,59.0,0.5130434782608696,0.23597391304347826,0.0,0.41816521739130436,8.730434782608695,0.0,0.0,0.0
Jim Walsh,10,20.0,2.0,15.0,1.5,8.0,0.8,0.13999999999999999,0.0,0.375,3.2,0.0,0.0,0.0
Jim Ware,65,151.0,2.3230769230769233,127.0,1.9538461538461538,9.0,0.13846153846153847,0.21103076923076924,0.0,0.17973846153846154,2.8153846153846156,0.0,0.0,0.0
Jim Washington,816,8536.0,10.46078431372549,5915.0,7.248774509803922,946.0,1.1593137254901962,0.3676507352941176,0.0,0.5265049019607843,21.72671568627451,17.0,14.0,0.0
Jim Zoet,7,2.0,0.2857142857142857,8.0,1.1428571428571428,1.0,0.14285714285714285,0.14285714285714285,0.0,0.0,4.285714285714286,1.0,3.0,4.0
Jimmer Fredette,365,1716.0,4.714285714285714,298.0,0.8186813186813187,384.0,1.054945054945055,0.26440384615384616,0.20873626373626375,0.24706043956043958,13.33206106870229,112.0,12.0,263.0
Jimmie Hunter,11,40.0,3.6363636363636362,12.0,1.0909090909090908,14.0,1.2727272727272727,0.2629090909090909,0.03636363636363637,0.31481818181818183,10.454545454545455,2.0,1.0,8.0
Jimmy Butler,1186,19304.0,16.29029535864979,5663.0,4.778902953586498,4547.0,3.837130801687764,0.409031223628692,0.23021350210970465,0.6750354430379747,32.83651760228354,1693.0,470.0,1699.0
Jimmy Butler III,49,799.0,16.306122448979593,223.0,4.551020408163265,196.0,4.0,0.49336734693877554,0.2397142857142857,0.6622244897959183,27.25695652173913,64.0,8.0,70.0
Jimmy Carruth,8,5.0,0.625,4.0,0.5,0.0,0.0,0.25,0.0,0.125,4.25,0.0,2.0,1.0
Jimmy Collins,76,284.0,3.736842105263158,63.0,0.8289473684210527,62.0,0.8157894736842105,0.32273684210526316,0.0,0.30110526315789476,6.934210526315789,0.0,0.0,0.0
Jimmy Darrow,5,12.0,2.4,6.0,1.2,1.0,0.2,0.1236,0.0,0.35,7.4,0.0,0.0,0.0
Jimmy Jones,158,1031.0,6.525316455696203,311.0,1.9683544303797469,314.0,1.9873417721518987,0.4468481012658228,0.0,0.4232405063291139,18.740506329113924,46.0,5.0,0.0
Jimmy King,70,285.0,4.071428571428571,112.0,1.6,90.0,1.2857142857142858,0.3375571428571429,0.05475714285714286,0.22572857142857142,13.890625,24.0,13.0,61.0
Jimmy Oliveira,1,15.0,15.0,2.0,2.0,3.0,3.0,0.467,0.0,0.5,,1.0,0.0,0.0
Jimmy Oliver,81,331.0,4.08641975308642,80.0,0.9876543209876543,55.0,0.6790123456790124,0.3239876543209877,0.11419753086419752,0.22323456790123458,10.935897435897436,27.0,3.0,33.0
Jimmy Walker,711,11824.0,16.630098452883264,1602.0,2.2531645569620253,2003.0,2.817158931082982,0.37576511954992964,0.0,0.6981533052039381,23.261603375527425,149.0,22.0,0.0
Jiri Welsch,343,1627.0,4.743440233236152,640.0,1.8658892128279883,396.0,1.154518950437318,0.273600583090379,0.15757725947521867,0.3341020408163265,17.80916030534351,194.0,15.0,283.0
Jo Jr,2,21.0,10.5,16.0,8.0,2.0,1.0,0.5835,0.4165,0.5,,2.0,3.0,10.0
Joakim Noah,867,6902.0,7.979190751445087,7169.0,8.2878612716763,2226.0,2.5734104046242776,0.4256913294797688,0.0,0.47199421965317917,27.464791929382095,634.0,1045.0,1353.0
Joan Beringer,88,219.0,2.4886363636363638,134.0,1.5227272727272727,15.0,0.17045454545454544,0.2918295454545455,0.0,0.14678409090909092,8.859607843137255,11.0,37.0,17.0
Joao Vianna,1,2.0,2.0,0.0,0.0,2.0,2.0,0.5,0.0,0.0,9.0,0.0,0.0,1.0
Joao Vitor,1,4.0,4.0,3.0,3.0,0.0,0.0,0.4,0.0,0.0,,0.0,0.0,0.0
Joby Wright,77,303.0,3.935064935064935,216.0,2.8051948051948052,36.0,0.4675324675324675,0.38880519480519476,0.0,0.19105194805194806,12.090909090909092,0.0,0.0,0.0
Jock Landale,416,2090.0,5.024038461538462,1213.0,2.9158653846153846,349.0,0.8389423076923077,0.35341346153846154,0.17137740384615385,0.2698149038461538,14.745032258064516,107.0,134.0,229.0
Jodie Meeks,699,5437.0,7.800573888091822,1200.0,1.721664275466284,632.0,0.9067431850789096,0.3319426111908178,0.2705538020086083,0.43844906743185075,21.0,454.0,40.0,440.0
Joe Alexander,106,323.0,3.047169811320755,150.0,1.4150943396226414,54.0,0.5094339622641509,0.22359433962264152,0.08160377358490567,0.21950943396226416,10.936708860759493,19.0,32.0,61.0
Joe Arlauckas,9,34.0,3.7777777777777777,13.0,1.4444444444444444,8.0,0.8888888888888888,0.31066666666666665,0.0,0.148,9.444444444444445,3.0,4.0,4.0
Joe Barry Carroll,725,12720.0,17.544827586206896,5504.0,7.591724137931035,1290.0,1.7793103448275862,0.46604,0.0,0.6440055172413793,32.20137931034483,698.0,1155.0,1992.0
Joe Binion,11,14.0,1.2727272727272727,18.0,1.6363636363636365,1.0,0.09090909090909091,0.1590909090909091,0.0,0.20454545454545456,4.636363636363637,2.0,2.0,3.0
Joe Bryant,636,5375.0,8.45125786163522,2490.0,3.9150943396226414,1064.0,1.6729559748427674,0.4040204402515723,0.02022798742138365,0.45357861635220126,20.34433962264151,391.0,168.0,771.0
Joe Buckhalter,71,415.0,5.845070422535211,282.0,3.971830985915493,4.0,0.056338028169014086,0.35374647887323946,0.0,0.35487323943661975,1.4507042253521127,0.0,0.0,0.0
Joe Caldwell,515,7870.0,15.281553398058252,2329.0,4.522330097087378,1263.0,2.4524271844660195,0.4123417475728155,0.0,0.5569766990291263,24.250485436893204,0.0,0.0,0.0
Joe Chealey,19,8.0,0.47058823529411764,2.0,0.11764705882352941,3.0,0.17647058823529413,0.07841176470588235,0.058823529411764705,0.08823529411764706,6.571428571428571,4.0,0.0,3.0
Joe Colone,6,46.0,7.666666666666667,0.0,0.0,0.0,0.0,0.0,0.0,0.22199999999999998,0.0,0.0,0.0,0.0
Joe Cooke,73,315.0,4.315068493150685,106.0,1.452054794520548,86.0,1.178082191780822,0.30275342465753424,0.0,0.30727397260273975,9.356164383561644,0.0,0.0,0.0
Joe Cooper,24,109.0,4.541666666666667,97.0,4.041666666666667,19.0,0.7916666666666666,0.3910833333333334,0.0,0.2916666666666667,16.208333333333332,11.0,20.0,30.0
Joe Courtney,98,264.0,2.693877551020408,140.0,1.4285714285714286,27.0,0.2755102040816326,0.3824591836734694,0.02040816326530612,0.18707142857142856,7.78125,20.0,23.0,47.0
Joe Crawford,22,40.0,1.8181818181818181,11.0,0.5,2.0,0.09090909090909091,0.19013636363636363,0.06818181818181818,0.25,7.076923076923077,2.0,0.0,3.0
Joe Crispin,49,79.0,1.6122448979591837,11.0,0.22448979591836735,26.0,0.5306122448979592,0.13485714285714287,0.11259183673469389,0.11224489795918367,6.7272727272727275,5.0,0.0,10.0
Joe Dumars,1141,18168.0,15.92287467134093,2461.0,2.156879929886065,5131.0,4.4969325153374236,0.4404601226993865,0.20787554776511832,0.6821551270815075,34.602473498233216,994.0,88.0,2288.0
Joe Ellis,562,4826.0,8.587188612099645,2817.0,5.012455516014235,739.0,1.3149466192170818,0.34533985765124553,0.0,0.42546263345195734,19.45017793594306,33.0,7.0,0.0
Joe Fulks,297,4255.0,14.326599326599327,131.0,0.44107744107744107,68.0,0.22895622895622897,0.05770707070707071,0.0,0.6023265993265993,1.2828282828282829,0.0,0.0,0.0
Joe Graboski,631,7315.0,11.592709984152139,3872.0,6.136291600633914,971.0,1.5388272583201268,0.261675118858954,0.0,0.6210427892234548,4.833597464342314,0.0,0.0,0.0
Joe Harris,654,5746.0,8.812883435582823,1702.0,2.6104294478527605,867.0,1.3297546012269938,0.3832914110429448,0.3427193251533742,0.2634846625766871,23.683012259194395,265.0,107.0,588.0
Joe Holup,207,1423.0,6.874396135265701,350.0,1.6908212560386473,64.0,0.30917874396135264,0.146768115942029,0.0,0.5817294685990338,3.845410628019324,0.0,0.0,0.0
Joe Hutton,103,241.0,2.3398058252427183,6.0,0.05825242718446602,17.0,0.1650485436893204,0.11275728155339806,0.0,0.29550485436893204,0.4854368932038835,0.0,0.0,0.0
Joe Ingles,1007,6458.0,6.438683948155534,2502.0,2.4945164506480557,2931.0,2.922233300099701,0.3411226321036889,0.29388634097706884,0.21403888334995017,22.992415287628052,727.0,120.0,1193.0
Joe Jackson,3,2.0,1.0,2.0,1.0,0.0,0.0,0.1665,0.0,0.0,6.0,0.0,0.0,1.0
Joe Johnson,1528,23254.0,15.228552717747217,5835.0,3.821218074656189,5648.0,3.698755730189915,0.41410019646365426,0.32650753110674524,0.5526070726915521,33.68947261663286,1251.0,291.0,2845.0
Joe Kennedy,86,454.0,5.27906976744186,254.0,2.953488372093023,65.0,0.7558139534883721,0.31895348837209303,0.0,0.45612790697674416,13.325581395348838,0.0,0.0,0.0
Joe Kleine,1109,4856.0,4.3787195671776376,4124.0,3.7186654643823265,640.0,0.5770964833183048,0.37082596934174933,0.012022542831379622,0.28762578899909824,15.0,272.0,299.0,802.0
Joe Kopicki,129,459.0,3.558139534883721,332.0,2.5736434108527133,88.0,0.6821705426356589,0.33248062015503876,0.023255813953488372,0.38883720930232557,9.643410852713178,35.0,9.0,74.0
Joe McNamee,70,147.0,2.1,12.0,0.17142857142857143,7.0,0.1,0.043242857142857145,0.0,0.25,0.0,0.0,0.0,0.0
Joe Meriweather,679,5497.0,8.095729013254786,3750.0,5.522827687776141,607.0,0.8939617083946981,0.48237702503681884,0.0014727540500736377,0.4648939617083947,21.36082474226804,228.0,570.0,434.0
Joe Mullaney,17,17.0,1.0,0.0,0.0,0.0,0.0,0.0,0.0,0.14705882352941177,0.0,0.0,0.0,0.0
Joe Pace,88,280.0,3.1818181818181817,188.0,2.1363636363636362,28.0,0.3181818181818182,0.3265340909090909,0.0,0.23535227272727272,6.920454545454546,5.0,15.0,13.0
Joe Reaves,7,16.0,2.2857142857142856,8.0,1.1428571428571428,1.0,0.14285714285714285,0.47614285714285715,0.0,0.24285714285714285,5.428571428571429,0.0,2.0,0.0
Joe Roberts,190,1150.0,6.052631578947368,420.0,2.210526315789474,36.0,0.18947368421052632,0.20221052631578948,0.0,0.41094210526315794,2.942105263157895,0.0,0.0,0.0
Joe Ruklick,118,375.0,3.1779661016949152,268.0,2.2711864406779663,45.0,0.3813559322033898,0.28996610169491527,0.0,0.17126271186440678,1.3135593220338984,0.0,0.0,0.0
Joe Shipp,1,0.0,0.0,0.0,0.0,0.0,0.0,0.0,0.0,0.0,3.0,0.0,0.0,0.0
Joe Smith,1273,11699.0,9.190102120974077,6931.0,5.444619010212097,1038.0,0.8153967007069913,0.37746190102120974,0.020816967792615867,0.5061099764336214,25.101254480286737,639.0,917.0,1350.0
Joe Smyth,7,12.0,1.7142857142857142,2.0,0.2857142857142857,0.0,0.0,0.07142857142857142,0.0,0.23814285714285716,1.4285714285714286,0.0,0.0,0.0
Joe Stephens,35,71.0,2.0285714285714285,45.0,1.2857142857142858,12.0,0.34285714285714286,0.24094285714285713,0.07142857142857142,0.1,9.772727272727273,12.0,3.0,11.0
Joe Strawder,238,2019.0,8.483193277310924,1605.0,6.743697478991597,151.0,0.634453781512605,0.2837563025210084,0.0,0.5709789915966387,11.487394957983193,0.0,0.0,0.0
Joe Thomas,39,55.0,1.4102564102564104,43.0,1.1025641025641026,17.0,0.4358974358974359,0.21261538461538462,0.0,0.0983076923076923,5.205128205128205,0.0,0.0,0.0
Joe Wieskamp,90,84.0,0.9333333333333333,24.0,0.26666666666666666,17.0,0.18888888888888888,0.10977777777777778,0.0911,0.037033333333333335,6.297872340425532,7.0,3.0,5.0
Joe Wolf,657,2507.0,3.8158295281582952,1943.0,2.95738203957382,598.0,0.9101978691019786,0.3259771689497717,0.02080213089802131,0.19945814307458146,15.981848184818482,258.0,132.0,513.0
Joe Young,266,546.0,2.0526315789473686,154.0,0.5789473684210527,154.0,0.5789473684210527,0.18550751879699248,0.08617669172932331,0.12656766917293233,8.517006802721088,40.0,2.0,86.0
Joel Anthony,848,1353.0,1.5955188679245282,1700.0,2.0047169811320753,132.0,0.15566037735849056,0.24478891509433962,0.0,0.16113561320754716,14.245469522240526,167.0,673.0,290.0
Joel Ayayi,30,4.0,0.13333333333333333,10.0,0.3333333333333333,7.0,0.23333333333333334,0.04,0.0,0.0,5.083333333333333,2.0,0.0,2.0
Joel Berry,4,0.0,0.0,0.0,0.0,0.0,0.0,0.0,0.0,0.0,,0.0,0.0,0.0
Joel Bolomboy,85,92.0,1.0823529411764705,62.0,0.7294117647058823,6.0,0.07058823529411765,0.1626,0.04314117647058823,0.09411764705882353,5.6923076923076925,4.0,6.0,7.0
Joel Embiid,669,15670.0,23.52852852852853,6173.0,9.26876876876877,2078.0,3.12012012012012,0.43243993993993995,0.2776921921921922,0.7169024024024024,31.214865637507145,499.0,913.0,1946.0
Joel Freeland,226,568.0,2.5132743362831858,616.0,2.725663716814159,79.0,0.3495575221238938,0.28969026548672566,0.0014734513274336284,0.15928318584070794,11.532967032967033,41.0,65.0,98.0
Joel Ingram,23,67.0,2.9130434782608696,34.0,1.4782608695652173,7.0,0.30434782608695654,0.04656521739130435,0.0,0.2548260869565217,0.4782608695652174,0.0,0.0,0.0
Joel Kramer,356,1388.0,3.898876404494382,993.0,2.789325842696629,367.0,1.0308988764044944,0.4162808988764045,0.0,0.3204691011235955,12.82865168539326,152.0,66.0,282.0
Joel Przybilla,806,2446.0,3.034739454094293,3979.0,4.9367245657568235,285.0,0.3535980148883375,0.3683014888337469,0.0,0.21280893300248138,19.206521739130434,172.0,889.0,634.0
Joey Dorsey,253,410.0,1.6205533596837944,610.0,2.411067193675889,72.0,0.2845849802371542,0.24800790513833992,0.0,0.11129249011857707,10.653846153846153,76.0,53.0,109.0
Joey Graham,506,2490.0,4.92094861660079,1180.0,2.3320158102766797,241.0,0.4762845849802372,0.35682411067193676,0.06669762845849803,0.3436620553359684,15.770685579196217,161.0,45.0,350.0
Joey Hassett,310,1743.0,5.622580645161291,309.0,0.9967741935483871,388.0,1.2516129032258065,0.3607516129032258,0.15233870967741936,0.1607516129032258,11.86774193548387,83.0,13.0,107.0
Joey Hauser,2,0.0,0.0,0.0,0.0,0.0,0.0,0.0,0.0,0.0,,0.0,0.0,0.0
Joffrey Lauvergne,290,1341.0,4.640138408304498,910.0,3.14878892733564,207.0,0.7162629757785467,0.3399307958477508,0.09168858131487889,0.2551487889273356,13.52863436123348,66.0,35.0,196.0
Johan Petro,672,2481.0,3.6919642857142856,2068.0,3.0773809523809526,252.0,0.375,0.339985119047619,0.002976190476190476,0.1737857142857143,14.67219152854512,225.0,271.0,429.0
John Amaechi,401,1862.0,4.643391521197008,782.0,1.9501246882793017,231.0,0.5760598503740648,0.24012468827930175,0.0024937655860349127,0.31451870324189524,15.630363036303631,94.0,96.0,390.0
John Arthurs,11,35.0,3.1818181818181817,14.0,1.2727272727272727,13.0,1.1818181818181819,0.30018181818181816,0.0,0.22727272727272727,5.454545454545454,0.0,0.0,0.0
John Austin,4,23.0,5.75,5.0,1.25,2.0,0.5,0.20575000000000002,0.0,0.61575,3.5,0.0,0.0,0.0
John Bagley,684,5983.0,8.747076023391813,1772.0,2.590643274853801,4122.0,6.026315789473684,0.41992690058479537,0.0782953216374269,0.4564619883040936,25.785087719298247,764.0,55.0,1541.0
John Barber,5,7.0,1.4,2.0,0.4,0.0,0.0,0.0,0.0,0.2,2.4,0.0,0.0,0.0
John Barnhill,448,3767.0,8.408482142857142,1012.0,2.2589285714285716,936.0,2.0892857142857144,0.3179955357142857,0.0,0.4620133928571429,16.368303571428573,0.0,0.0,0.0
John Battle,667,5685.0,8.523238380809595,896.0,1.343328335832084,1337.0,2.004497751124438,0.4239235382308846,0.0702368815592204,0.5115382308845577,17.434782608695652,284.0,44.0,714.0
John Block,619,7244.0,11.702746365105009,3712.0,5.996768982229402,737.0,1.1906300484652665,0.3745735056542811,0.0,0.6380129240710825,16.334410339256866,22.0,12.0,0.0
John Brisker,126,1498.0,11.88888888888889,498.0,3.9523809523809526,225.0,1.7857142857142858,0.39981746031746035,0.0,0.5734523809523809,20.841269841269842,9.0,5.0,0.0
John Brown,494,3630.0,7.348178137651822,1970.0,3.9878542510121457,649.0,1.3137651821862348,0.37598785425101217,0.0,0.49371255060728747,17.352955465587044,97.0,29.0,96.0
John Butler Jr.,50,45.0,0.9,18.0,0.36,12.0,0.24,0.058499999999999996,0.03902,0.04,10.95,7.0,12.0,1.0
John Celestand,23,37.0,1.608695652173913,11.0,0.4782608695652174,20.0,0.8695652173913043,0.191,0.043478260869565216,0.10869565217391304,11.0,7.0,0.0,16.0
John Chaney,1,2.0,2.0,0.0,0.0,0.0,0.0,0.0,0.0,0.0,0.0,0.0,0.0,0.0
John Clemens,798,5364.0,6.7218045112781954,2209.0,2.7681704260651627,785.0,0.9837092731829574,0.3713496240601504,0.0,0.37269423558897247,12.218045112781954,96.0,10.0,0.0
John Coker,48,41.0,0.8541666666666666,29.0,0.6041666666666666,3.0,0.0625,0.16029166666666667,0.0,0.0625,5.32,2.0,3.0,4.0
John Collins,626,9235.0,14.823434991974318,4598.0,7.380417335473515,830.0,1.332263242375602,0.5262006420545746,0.2977720706260032,0.629422150882825,28.052649006622516,381.0,567.0,914.0
John Coughran,24,68.0,2.8333333333333335,19.0,0.7916666666666666,12.0,0.5,0.231625,0.0625,0.11525,6.666666666666667,7.0,1.0,13.0
John Cox,7,29.0,4.142857142857143,10.0,1.4285714285714286,6.0,0.8571428571428571,0.30528571428571427,0.0,0.19042857142857142,11.142857142857142,0.0,1.0,7.0
John Crotty,555,1974.0,3.556756756756757,525.0,0.9459459459459459,1035.0,1.864864864864865,0.3352144144144144,0.15453333333333336,0.3473657657657658,11.567251461988304,190.0,23.0,449.0
John Douglas,67,452.0,6.746268656716418,91.0,1.3582089552238805,146.0,2.1791044776119404,0.38450746268656716,0.13059701492537312,0.33398507462686566,15.567164179104477,22.0,8.0,91.0
John Drew,770,15702.0,20.392207792207792,5089.0,6.609090909090909,1213.0,1.5753246753246752,0.43771818181818184,0.006925974025974026,0.7103662337662338,27.39090909090909,527.0,105.0,961.0
John Duren,201,711.0,3.537313432835821,219.0,1.0895522388059702,402.0,2.0,0.35648258706467667,0.009950248756218905,0.15372636815920399,14.283582089552239,69.0,9.0,119.0
John Edwards,150,143.0,0.9533333333333334,94.0,0.6266666666666667,12.0,0.08,0.12148666666666666,0.0,0.06554666666666667,6.423076923076923,8.0,21.0,31.0
John Egbunu,3,0.0,0.0,0.0,0.0,0.0,0.0,0.0,0.0,0.0,,0.0,0.0,0.0
John Fairchild,30,60.0,2.0,45.0,1.5,11.0,0.36666666666666664,0.20093333333333332,0.0,0.23,2.533333333333333,0.0,0.0,0.0
John Garris,33,131.0,3.9696969696969697,77.0,2.3333333333333335,10.0,0.30303030303030304,0.43466666666666665,0.0,0.31212121212121213,8.090909090909092,8.0,5.0,11.0
John Gianelli,572,4416.0,7.72027972027972,3344.0,5.846153846153846,864.0,1.5104895104895104,0.43362762237762237,0.0,0.39249125874125873,24.812937062937063,134.0,252.0,167.0
John Greig,9,19.0,2.111111111111111,6.0,0.6666666666666666,0.0,0.0,0.39666666666666667,0.0,0.2777777777777778,2.888888888888889,0.0,1.0,2.0
John Hargis,19,81.0,4.2631578947368425,0.0,0.0,1.0,0.05263157894736842,0.05263157894736842,0.0,0.5087894736842106,0.0,0.0,0.0,0.0
John Havlicek,1452,30312.0,20.876033057851238,8404.0,5.787878787878788,6359.0,4.379476584022038,0.39761639118457304,0.0,0.7632816804407714,31.110192837465565,176.0,39.0,70.0
John Henson,587,3738.0,6.4006849315068495,2622.0,4.489726027397261,544.0,0.9315068493150684,0.43304965753424657,0.015667808219178084,0.29391780821917807,19.10953346855984,236.0,696.0,562.0
John Holland,57,150.0,2.727272727272727,34.0,0.6181818181818182,14.0,0.2545454545454545,0.21318181818181817,0.17636363636363636,0.11298181818181818,8.486486486486486,13.0,3.0,19.0
John Hummer,336,2252.0,6.7023809523809526,1546.0,4.601190476190476,475.0,1.4136904761904763,0.33619940476190474,0.0,0.34590773809523806,18.732142857142858,12.0,14.0,0.0
John III,3,23.0,7.666666666666667,5.0,1.6666666666666667,8.0,2.6666666666666665,0.6223333333333333,0.389,0.0,14.333333333333334,1.0,0.0,5.0
John Janisch,1,1.0,1.0,0.0,0.0,0.0,0.0,0.0,0.0,0.0,0.0,0.0,0.0,0.0
John Jenkins,323,1086.0,3.362229102167183,309.0,0.9566563467492261,162.0,0.5015479876160991,0.23529411764705882,0.17172445820433435,0.19079256965944272,12.751243781094526,43.0,17.0,130.0
John Johnson,947,11948.0,12.616684266103485,5102.0,5.3875395987328405,3528.0,3.7254487856388594,0.4186008447729673,0.0,0.5789915522703273,28.677930306230202,382.0,186.0,817.0
John Jr.,1,0.0,,0.0,,0.0,,,,,,0.0,0.0,0.0
John Konchar,534,1709.0,3.200374531835206,1650.0,3.0898876404494384,607.0,1.1367041198501873,0.3007471910112359,0.19514606741573035,0.13561423220973784,16.817907542579075,359.0,188.0,218.0
John Kuester,135,451.0,3.3407407407407406,141.0,1.0444444444444445,306.0,2.2666666666666666,0.3383481481481481,0.0,0.2914740740740741,11.348148148148148,68.0,2.0,57.0
John Lambert,475,1758.0,3.701052631578947,1553.0,3.2694736842105265,259.0,0.5452631578947369,0.3651473684210526,0.0,0.20461684210526315,12.221052631578948,150.0,176.0,214.0
John Laskowski,118,832.0,7.0508474576271185,265.0,2.2457627118644066,85.0,0.7203389830508474,0.32922881355932204,0.0,0.3549322033898305,16.610169491525422,38.0,9.0,0.0
John Long,926,12350.0,13.336933045356371,2511.0,2.7116630669546438,1747.0,1.886609071274298,0.4226727861771058,0.07465658747300216,0.5618455723542116,25.157205240174672,726.0,128.0,1123.0
John Lucas,973,10453.0,10.743062692702981,2242.0,2.304213771839671,6636.0,6.820143884892087,0.4043627954779034,0.11225077081192189,0.5367451181911614,27.215827338129497,1151.0,66.0,1531.0
John Lucas III,439,1438.0,3.275626423690205,298.0,0.6788154897494305,448.0,1.020501138952164,0.21505466970387246,0.17008200455580866,0.11837357630979499,12.0,106.0,2.0,171.0
John Mahnken,180,776.0,4.311111111111111,39.0,0.21666666666666667,52.0,0.28888888888888886,0.08285555555555556,0.0,0.34045,2.5944444444444446,0.0,0.0,0.0
John McConathy,7,12.0,1.7142857142857142,0.0,0.0,1.0,0.14285714285714285,0.0,0.0,0.22785714285714284,1.1428571428571428,0.0,0.0,0.0
John McCullough,8,21.0,2.625,4.0,0.5,3.0,0.375,0.59375,0.0,0.125,2.875,2.0,0.0,2.0
John Mengelt,655,6385.0,9.748091603053435,1137.0,1.7358778625954199,1179.0,1.8,0.41038320610687024,0.0,0.5616259541984733,15.601526717557253,142.0,18.0,102.0
John Morton,131,617.0,4.709923664122138,161.0,1.2290076335877862,342.0,2.6106870229007635,0.35212213740458015,0.0712442748091603,0.42925190839694655,14.427480916030534,92.0,23.0,188.0
John Murphy,7,14.0,2.0,0.0,0.0,0.0,0.0,0.0,0.0,0.0,0.0,0.0,0.0,0.0
John Niemiera,40,235.0,5.875,0.0,0.0,0.0,0.0,0.0,0.0,0.607925,0.0,0.0,0.0,0.0
John O'Boyle,3,3.0,1.0,0.0,0.0,0.0,0.0,0.0,0.0,0.16666666666666666,0.0,0.0,0.0,0.0
John Olive,35,44.0,1.2571428571428571,20.0,0.5714285714285714,3.0,0.08571428571428572,0.17568571428571428,0.0,0.23097142857142855,5.828571428571428,2.0,0.0,15.0
John Palmer,52,637.0,12.25,0.0,0.0,1.0,0.019230769230769232,0.017461538461538462,0.0,0.4740576923076923,0.0,0.0,0.0,0.0
John Paxson,891,6308.0,7.079685746352413,1015.0,1.1391694725028059,3064.0,3.4388327721661054,0.45103703703703707,0.17345903479236813,0.25570594837261507,22.306397306397308,582.0,47.0,720.0
John Petty Jr.,2,0.0,0.0,2.0,1.0,1.0,0.5,0.0,0.0,0.0,5.5,1.0,0.0,0.0
John Pilch,7,4.0,0.5714285714285714,0.0,0.0,0.0,0.0,0.04757142857142858,0.0,0.09528571428571429,0.8571428571428571,0.0,0.0,0.0
John Pinone,7,20.0,2.857142857142857,10.0,1.4285714285714286,3.0,0.42857142857142855,0.47614285714285715,0.0,0.35714285714285715,9.285714285714286,1.0,1.0,5.0
John Poulakidas,16,118.0,7.375,30.0,1.875,11.0,0.6875,0.3215625,0.301,0.1666875,16.973333333333333,7.0,4.0,4.0
John Rennicke,5,11.0,2.2,0.0,0.0,0.0,0.0,0.0,0.0,0.3,0.0,0.0,0.0,0.0
John Richter,74,328.0,4.4324324324324325,246.0,3.324324324324324,12.0,0.16216216216216217,0.2360945945945946,0.0,0.2893108108108108,6.108108108108108,0.0,0.0,0.0
John Roche,164,1381.0,8.420731707317072,178.0,1.0853658536585367,640.0,3.902439024390244,0.39090853658536584,0.19903048780487803,0.4533475609756098,21.036585365853657,114.0,22.0,238.0
John Rudd,58,184.0,3.1724137931034484,167.0,2.8793103448275863,34.0,0.5862068965517241,0.3032241379310345,0.0,0.2703793103448276,12.46551724137931,8.0,3.0,20.0
John Rudometkin,130,822.0,6.323076923076923,232.0,1.7846153846153847,35.0,0.2692307692307692,0.21666923076923078,0.0,0.4756461538461539,4.946153846153846,0.0,0.0,0.0
John Salley,924,6085.0,6.5854978354978355,3944.0,4.268398268398268,1020.0,1.103896103896104,0.44153679653679656,0.003246753246753247,0.4830714285714286,21.756235827664398,500.0,1141.0,1054.0
John Salmons,1067,9071.0,8.501405810684162,2819.0,2.641986879100281,2350.0,2.202436738519213,0.34547328959700097,0.25648734770384257,0.4091977507029053,25.822381930184804,831.0,266.0,1302.0
John Schweitz,22,57.0,2.590909090909091,22.0,1.0,18.0,0.8181818181818182,0.295,0.0,0.125,5.318181818181818,0.0,1.0,16.0
John Shasky,136,517.0,3.801470588235294,379.0,2.786764705882353,34.0,0.25,0.3555955882352941,0.0,0.3724926470588235,11.066176470588236,29.0,35.0,75.0
John Shumate,330,4068.0,12.327272727272728,2397.0,7.263636363636364,574.0,1.7393939393939395,0.46570000000000006,0.0,0.6124151515151516,27.32121212121212,197.0,132.0,112.0
John Shurna,5,7.0,1.4,6.0,1.2,1.0,0.2,0.0666,0.1,0.25,8.8,2.0,1.0,4.0
John Starks,1006,12192.0,12.119284294234593,2400.0,2.3856858846918487,3478.0,3.457256461232604,0.3772852882703777,0.2854184890656064,0.5057425447316103,27.407484407484407,1071.0,115.0,1756.0
John Stockton,1690,22177.0,13.122485207100592,4661.0,2.7579881656804734,17661.0,10.450295857988166,0.5094609467455622,0.24871301775147928,0.7150958579881657,31.90355029585799,3607.0,365.0,4764.0
John Stroeder,47,85.0,1.8085106382978724,85.0,1.8085106382978724,23.0,0.48936170212765956,0.2387659574468085,0.02127659574468085,0.1631276595744681,6.25531914893617,3.0,14.0,27.0
John Stroud,10,39.0,3.9,13.0,1.3,9.0,0.9,0.2501,0.0,0.22999999999999998,8.8,1.0,0.0,1.0
John Thomas,294,585.0,1.989795918367347,468.0,1.5918367346938775,64.0,0.21768707482993196,0.2751156462585034,0.003401360544217687,0.1689829931972789,10.035714285714286,76.0,51.0,119.0
John Thompson,80,275.0,3.4375,239.0,2.9875,17.0,0.2125,0.265675,0.0,0.3333625,6.5125,0.0,0.0,0.0
John Tonje,21,17.0,0.8095238095238095,10.0,0.47619047619047616,2.0,0.09523809523809523,0.015857142857142858,0.017857142857142856,0.14285714285714285,5.949999999999999,2.0,0.0,1.0
John Trapp,288,2086.0,7.243055555555555,1239.0,4.302083333333333,287.0,0.9965277777777778,0.37975694444444447,0.0,0.4200173611111111,15.041666666666666,0.0,0.0,0.0
John Tresvant,599,5398.0,9.011686143572621,3334.0,5.565943238731219,667.0,1.1135225375626043,0.3621786310517529,0.0,0.5315826377295493,15.303839732888147,0.0,0.0,0.0
John Tschogl,115,287.0,2.4956521739130433,181.0,1.5739130434782609,65.0,0.5652173913043478,0.2277913043478261,0.0,0.10057391304347825,8.852173913043478,7.0,6.0,0.0
John Turner,42,117.0,2.7857142857142856,78.0,1.8571428571428572,12.0,0.2857142857142857,0.3550238095238095,0.0,0.22716666666666668,8.214285714285714,6.0,4.0,32.0
John Vallely,99,359.0,3.6262626262626263,61.0,0.6161616161616161,76.0,0.7676767676767676,0.2782121212121212,0.0,0.3126464646464647,6.98989898989899,0.0,0.0,0.0
John W. Hazen,3,7.0,2.3333333333333335,0.0,0.0,0.0,0.0,0.0,0.0,0.6666666666666666,0.0,0.0,0.0,0.0
John Wall,773,13548.0,17.617685305591678,2997.0,3.8972691807542263,6394.0,8.314694408322497,0.40566189856957086,0.24121586475942783,0.6754668400520155,33.99871409028728,1184.0,491.0,2720.0
John Wallace,552,2916.0,5.282608695652174,1072.0,1.9420289855072463,286.0,0.5181159420289855,0.2937336956521739,0.023853260869565216,0.29907971014492757,15.459948320413437,136.0,218.0,475.0
John Wetzel,362,1223.0,3.3784530386740332,629.0,1.7375690607734806,450.0,1.2430939226519337,0.3122403314917127,0.0,0.305707182320442,10.57182320441989,31.0,7.0,0.0
John Williams,448,4502.0,10.049107142857142,2255.0,5.033482142857143,1292.0,2.8839285714285716,0.4357276785714285,0.08243973214285714,0.47714508928571425,25.1875,581.0,188.0,704.0
John Williamson,293,5897.0,20.12627986348123,727.0,2.4812286689419794,805.0,2.7474402730375425,0.42653924914675767,0.016208191126279865,0.6560238907849829,30.839590443686006,184.0,19.0,181.0
John Windsor,12,27.0,2.25,26.0,2.1666666666666665,2.0,0.16666666666666666,0.2916666666666667,0.0,0.375,5.666666666666667,0.0,0.0,0.0
Johnathan Motley,105,312.0,3.0,159.0,1.5288461538461537,30.0,0.28846153846153844,0.29214423076923074,0.012817307692307692,0.2096346153846154,7.931034482758621,16.0,7.0,45.0
Johnathan Williams,63,232.0,3.8666666666666667,192.0,3.2,22.0,0.36666666666666664,0.28813333333333335,0.0,0.21689999999999998,14.186046511627907,9.0,17.0,23.0
Johni Broome,46,34.0,0.7391304347826086,27.0,0.5869565217391305,5.0,0.10869565217391304,0.06176086956521738,0.007239130434782609,0.03260869565217391,6.4372549019607845,8.0,4.0,4.0
Johnny Bach,14,69.0,4.928571428571429,0.0,0.0,0.0,0.0,0.0,0.0,0.7103571428571429,0.0,0.0,0.0,0.0
Johnny Baum,67,292.0,4.358208955223881,123.0,1.835820895522388,28.0,0.417910447761194,0.3131044776119403,0.0,0.25695522388059705,7.17910447761194,0.0,0.0,0.0
Johnny Cox,72,576.0,8.0,119.0,1.6527777777777777,31.0,0.4305555555555556,0.17898611111111112,0.0,0.46125,4.861111111111111,0.0,0.0,0.0
Johnny Davis,983,10703.0,10.888097660223805,1790.0,1.8209562563580874,3613.0,3.6754832146490335,0.38843438453713125,0.04063886063072228,0.5762461851475077,25.365359056806003,615.0,117.0,1043.0
Johnny Dawkins,554,6139.0,11.081227436823104,1361.0,2.4566787003610107,3095.0,5.586642599277979,0.43300541516245483,0.16403249097472924,0.5729675090252707,27.619133574007222,637.0,31.0,1138.0
Johnny Egan,751,5943.0,7.913448735019974,1005.0,1.3382157123834886,1463.0,1.948069241011984,0.296051930758988,0.0,0.5597137150466046,10.938748335552596,0.0,0.0,0.0
Johnny Ezersky,18,144.0,8.0,0.0,0.0,0.0,0.0,0.0,0.0,0.5555555555555556,0.0,0.0,0.0,0.0
Johnny Furphy,144,305.0,2.1180555555555554,236.0,1.6388888888888888,62.0,0.4305555555555556,0.18970138888888888,0.11744444444444443,0.11119444444444444,10.788181818181817,39.0,20.0,46.0
Johnny Green,1084,12517.0,11.547047970479705,6768.0,6.243542435424354,800.0,0.7380073800738007,0.36577583025830257,0.0,0.4517416974169742,10.160516605166052,0.0,0.0,0.0
Johnny Hamilton,8,4.0,0.6666666666666666,9.0,1.5,0.0,0.0,0.16666666666666666,0.0,0.0,5.75,0.0,1.0,0.0
Johnny High,292,1475.0,5.051369863013699,671.0,2.297945205479452,557.0,1.9075342465753424,0.4101917808219178,0.011986301369863013,0.37083219178082194,16.506849315068493,339.0,91.0,469.0
Johnny Horan,18,34.0,1.8888888888888888,3.0,0.16666666666666666,1.0,0.05555555555555555,0.06344444444444444,0.0,0.3055555555555556,1.3888888888888888,0.0,0.0,0.0
Johnny Jones,57,245.0,4.298245614035087,96.0,1.6842105263157894,16.0,0.2807017543859649,0.23519298245614037,0.0,0.29971929824561405,5.7894736842105265,0.0,0.0,0.0
Johnny Jorgensen,22,51.0,2.3181818181818183,0.0,0.0,0.0,0.0,0.0,0.0,0.23486363636363636,0.0,0.0,0.0,0.0
Johnny Juzang,196,958.0,4.887755102040816,302.0,1.5408163265306123,115.0,0.5867346938775511,0.2636173469387755,0.20860714285714285,0.1556122448979592,15.612824427480916,58.0,19.0,66.0
Johnny Kerr,986,13453.0,13.644016227180527,8126.0,8.241379310344827,1212.0,1.2292089249492901,0.25348884381338743,0.0,0.6419066937119675,10.447261663286005,0.0,0.0,0.0
Johnny Logan,18,149.0,8.277777777777779,0.0,0.0,0.0,0.0,0.0,0.0,0.7004444444444444,0.0,0.0,0.0,0.0
Johnny Macknowski,71,572.0,8.056338028169014,1.0,0.014084507042253521,23.0,0.323943661971831,0.09197183098591549,0.0,0.5944084507042254,0.0,0.0,0.0,0.0
Johnny McCarthy,343,2606.0,7.597667638483965,784.0,2.2857142857142856,375.0,1.0932944606413995,0.18669096209912536,0.0,0.5034577259475219,8.518950437317784,0.0,0.0,0.0
Johnny Moore,561,5355.0,9.545454545454545,1679.0,2.9928698752228162,4209.0,7.502673796791444,0.4258502673796792,0.08305882352941175,0.455192513368984,25.855614973262032,1081.0,131.0,988.0
Johnny Neumann,89,488.0,5.48314606741573,88.0,0.9887640449438202,179.0,2.0112359550561796,0.3576629213483146,0.0,0.23330337078651683,13.719101123595506,17.0,7.0,10.0
Johnny Newman,1221,13161.0,10.77886977886978,2617.0,2.1433251433251432,1744.0,1.4283374283374284,0.423945126945127,0.21816625716625718,0.5993374283374284,24.281302170283805,1099.0,254.0,1715.0
Johnny O'Bryant III,253,617.0,2.438735177865613,418.0,1.6521739130434783,80.0,0.31620553359683795,0.2534782608695652,0.052695652173913046,0.12720948616600788,11.353293413173652,40.0,19.0,101.0
Johnny Oldham,85,663.0,7.8,15.0,0.17647058823529413,10.0,0.11764705882352941,0.03312941176470588,0.0,0.5896823529411764,0.0,0.0,0.0,0.0
Johnny Payak,59,338.0,5.728813559322034,0.0,0.0,4.0,0.06779661016949153,0.015186440677966102,0.0,0.5236101694915254,1.3389830508474576,0.0,0.0,0.0
Johnny Rogers,69,251.0,3.63768115942029,104.0,1.5072463768115942,29.0,0.42028985507246375,0.39266666666666666,0.0,0.1642463768115942,9.217391304347826,13.0,11.0,30.0
Johnny Simmons,12,56.0,4.666666666666667,0.0,0.0,0.0,0.0,0.0,0.0,0.0,0.0,0.0,0.0,0.0
Johnny Taylor,89,256.0,2.8764044943820224,120.0,1.348314606741573,26.0,0.29213483146067415,0.1909550561797753,0.12060674157303371,0.156,15.5,32.0,20.0,44.0
Johnny Warren,314,1824.0,5.808917197452229,651.0,2.073248407643312,533.0,1.697452229299363,0.34344267515923566,0.0,0.340328025477707,14.509554140127388,3.0,1.0,0.0
Jojo English,57,193.0,3.3859649122807016,57.0,1.0,48.0,0.8421052631578947,0.3748245614035088,0.16373684210526315,0.18275438596491228,11.140350877192983,19.0,14.0,47.0
Jojo White,920,16154.0,17.558695652173913,3646.0,3.9630434782608694,4462.0,4.85,0.4293032608695652,0.0010869565217391304,0.6389597826086956,35.15,363.0,46.0,414.0
Jon Barry,1026,5096.0,4.966861598440546,1662.0,1.6198830409356726,1891.0,1.8430799220272904,0.3403187134502924,0.27329239766081875,0.31985477582846006,16.418630751964084,762.0,116.0,866.0
Jon Brockman,208,351.0,1.6875,513.0,2.4663461538461537,51.0,0.24519230769230768,0.2639375,0.0,0.1608173076923077,10.213836477987421,35.0,9.0,64.0
Jon Davis,4,0.0,0.0,0.0,0.0,0.0,0.0,0.0,0.0,0.0,,0.0,0.0,0.0
Jon Horford,1,0.0,0.0,0.0,0.0,0.0,0.0,0.0,0.0,0.0,5.0,0.0,0.0,0.0
Jon Koncak,842,3740.0,4.441805225653207,4062.0,4.824228028503563,824.0,0.9786223277909739,0.42693349168646083,0.01642874109263658,0.25624228028503565,20.83273596176822,569.0,838.0,650.0
Jon Leuer,610,2737.0,4.501644736842105,1648.0,2.710526315789474,364.0,0.5986842105263158,0.29623355263157897,0.10675164473684211,0.21877467105263157,15.163170163170163,158.0,117.0,309.0
Jon McGlocklin,848,9779.0,11.53183962264151,1820.0,2.1462264150943398,2021.0,2.3832547169811322,0.423370283018868,0.0,0.5250259433962264,20.75,62.0,11.0,0.0
Jon Scheyer,2,0.0,0.0,0.0,0.0,1.0,0.5,0.0,0.0,0.0,9.5,0.0,0.0,1.0
Jon Stefansson,1,2.0,2.0,2.0,2.0,1.0,1.0,0.142,0.0,0.0,5.0,0.0,0.0,1.0
Jon Sundvold,512,3945.0,7.705078125,561.0,1.095703125,1494.0,2.91796875,0.395845703125,0.211927734375,0.299865234375,17.5078125,224.0,5.0,569.0
Jon Teske,11,5.0,0.45454545454545453,10.0,0.9090909090909091,2.0,0.18181818181818182,0.13636363636363635,0.09090909090909091,0.0,3.5,1.0,1.0,0.0
Jonah Antonio,2,2.0,1.0,2.0,1.0,0.0,0.0,0.0,0.0,0.5,,1.0,1.0,0.0
Jonah Bolden,108,275.0,2.5943396226415096,209.0,1.971698113207547,50.0,0.4716981132075472,0.23355660377358492,0.13578301886792454,0.09198113207547169,11.742424242424242,23.0,46.0,57.0
Jonas Botterman,1,4.0,4.0,1.0,1.0,0.0,0.0,0.333,0.0,1.0,,0.0,0.0,3.0
Jonas Jerebko,832,4395.0,5.295180722891566,2844.0,3.4265060240963856,595.0,0.7168674698795181,0.36927228915662647,0.2331879518072289,0.3128674698795181,16.9,358.0,174.0,508.0
Jonas Valanciunas,1170,14392.0,12.321917808219178,10203.0,8.735445205479452,1542.0,1.3202054794520548,0.5423732876712328,0.11530222602739726,0.595257705479452,23.807854001759015,451.0,1027.0,1848.0
Jonas Valančiūnas,5,9.0,4.5,9.0,4.5,1.0,0.5,0.4165,0.0,0.375,,1.0,2.0,5.0
Jonathan Bender,457,1611.0,3.525164113785558,633.0,1.3851203501094091,184.0,0.4026258205689278,0.2377133479212254,0.11697374179431072,0.2549606126914661,13.473509933774835,49.0,193.0,281.0
Jonathan Gibson,34,190.0,5.588235294117647,36.0,1.0588235294117647,51.0,1.5,0.27176470588235296,0.234,0.24141176470588235,12.928571428571429,15.0,0.0,32.0
Jonathan Holmes,18,62.0,3.6470588235294117,26.0,1.5294117647058822,5.0,0.29411764705882354,0.18464705882352941,0.10388235294117647,0.17647058823529413,14.5,5.0,5.0,7.0
Jonathan Holton,3,2.0,1.0,1.0,0.5,0.0,0.0,0.0,0.0,0.5,,0.0,0.0,1.0
Jonathan Isaac,423,2508.0,5.9714285714285715,1665.0,3.9642857142857144,275.0,0.6547619047619048,0.36104523809523814,0.20952619047619048,0.34741666666666665,18.403631436314363,318.0,439.0,265.0
Jonathan Kerner,4,0.0,0.0,0.0,0.0,0.0,0.0,0.0,0.0,0.0,4.0,0.0,0.0,0.0
Jonathan Kuminga,408,4277.0,10.482843137254902,1422.0,3.485294117647059,623.0,1.5269607843137254,0.40579901960784315,0.21724264705882354,0.4663112745098039,20.706956115779644,209.0,135.0,513.0
Jonathan Mogbo,149,497.0,3.335570469798658,424.0,2.8456375838926173,190.0,1.2751677852348993,0.31604026845637584,0.06789932885906041,0.19177852348993288,14.325071225071225,75.0,45.0,101.0
Jonathan Mor,6,42.0,7.0,24.0,4.0,2.0,0.3333333333333333,0.33916666666666667,0.236,0.4166666666666667,,1.0,2.0,4.0
Jonathan Stark,5,3.0,1.5,0.0,0.0,0.0,0.0,0.25,0.25,0.0,3.0,0.0,1.0,0.0
Jonathon Simmons,339,2482.0,7.34319526627219,704.0,2.0828402366863905,551.0,1.6301775147928994,0.3711863905325444,0.19405917159763314,0.41232544378698227,19.456953642384107,189.0,66.0,394.0
Jonny Flynn,215,1636.0,7.609302325581395,327.0,1.5209302325581395,688.0,3.2,0.2982744186046512,0.22011627906976747,0.42182790697674416,22.40340909090909,136.0,7.0,413.0
Jontay Porter,80,139.0,1.7375,98.0,1.225,61.0,0.7625,0.1464625,0.10255,0.090625,10.657894736842104,23.0,23.0,28.0
Jordan Adams,110,167.0,1.5321100917431192,56.0,0.5137614678899083,33.0,0.30275229357798167,0.123,0.08929357798165138,0.10494495412844036,8.976744186046512,30.0,7.0,22.0
Jordan Bachynski,7,6.0,0.8571428571428571,1.0,0.14285714285714285,0.0,0.0,0.14285714285714285,0.0,0.14285714285714285,3.0,0.0,0.0,1.0
Jordan Bell,276,735.0,2.6923076923076925,609.0,2.230769230769231,242.0,0.8864468864468864,0.37221245421245425,0.020146520146520148,0.14016849816849816,11.014563106796116,80.0,149.0,145.0
Jordan Bone,55,77.0,1.4,30.0,0.5454545454545454,27.0,0.4909090909090909,0.14045454545454544,0.09605454545454546,0.04090909090909091,9.148148148148149,3.0,0.0,8.0
Jordan Bowden,1,0.0,0.0,0.0,0.0,0.0,0.0,0.0,0.0,0.0,,0.0,0.0,0.0
Jordan Clarkson,1000,13966.0,13.97997997997998,2963.0,2.965965965965966,2478.0,2.4804804804804803,0.40384484484484484,0.27789189189189184,0.5672172172172172,25.48109103790294,717.0,143.0,1641.0
Jordan Crawford,366,3801.0,10.385245901639344,801.0,2.1885245901639343,968.0,2.6448087431693987,0.3477814207650273,0.23534426229508196,0.4503005464480874,23.073846153846155,214.0,25.0,588.0
Jordan Farmar,710,4737.0,6.671830985915493,1192.0,1.6788732394366197,1745.0,2.4577464788732395,0.35423098591549296,0.2852295774647887,0.26813098591549295,18.622611464968152,507.0,69.0,862.0
Jordan Floyd,3,14.0,4.666666666666667,1.0,0.3333333333333333,1.0,0.3333333333333333,0.4286666666666667,0.0,0.0,,2.0,1.0,4.0
Jordan Ford,22,34.0,1.5454545454545454,8.0,0.36363636363636365,8.0,0.36363636363636365,0.20304545454545456,0.09090909090909091,0.09090909090909091,4.7272727272727275,0.0,0.0,2.0
Jordan Goodwin,277,1656.0,5.978339350180505,964.0,3.48014440433213,536.0,1.9350180505415162,0.32836101083032493,0.22474007220216607,0.22563176895306858,18.551464435146443,266.0,73.0,223.0
Jordan Hall,20,30.0,1.5,17.0,0.85,13.0,0.65,0.11474999999999999,0.09165,0.09165,7.461538461538462,2.0,0.0,11.0
Jordan Hamilton,289,1038.0,3.5916955017301038,483.0,1.671280276816609,143.0,0.49480968858131485,0.21393771626297578,0.1642249134948097,0.12378546712802768,13.433526011560694,89.0,36.0,123.0
Jordan Hawkins,244,1530.0,6.270491803278689,418.0,1.7131147540983607,188.0,0.7704918032786885,0.2587418032786885,0.23104918032786884,0.2650245901639344,17.741968085106382,65.0,43.0,148.0
Jordan Hill,650,3577.0,5.503076923076923,2700.0,4.153846153846154,360.0,0.5538461538461539,0.33613384615384617,0.004615384615384616,0.27901076923076923,17.951271186440678,167.0,306.0,489.0
Jordan Hunter,1,17.0,17.0,6.0,6.0,2.0,2.0,0.538,0.2,1.0,18.3,0.0,0.0,2.0
Jordan Lewis,3,0.0,0.0,2.0,0.6666666666666666,5.0,1.6666666666666667,0.0,0.0,0.0,,1.0,2.0,3.0
Jordan Loyd,29,48.0,1.7777777777777777,16.0,0.5925925925925926,7.0,0.25925925925925924,0.21644444444444447,0.13577777777777778,0.2469259259259259,5.928571428571429,3.0,0.0,7.0
Jordan Mathews,3,2.0,0.6666666666666666,1.0,0.3333333333333333,2.0,0.6666666666666666,0.16666666666666666,0.0,0.0,4.0,0.0,0.0,0.0
Jordan McLaughlin,506,1399.0,2.77029702970297,497.0,0.9841584158415841,929.0,1.8396039603960397,0.2779247524752475,0.17698217821782178,0.13402772277227723,12.386819819819818,276.0,35.0,234.0
Jordan McRae,209,1045.0,5.048309178743962,274.0,1.3236714975845412,206.0,0.9951690821256038,0.2530821256038647,0.16718840579710142,0.2693913043478261,14.191489361702128,60.0,37.0,119.0
Jordan Mickey,187,275.0,1.4705882352941178,208.0,1.1122994652406417,26.0,0.13903743315508021,0.16272727272727272,0.016935828877005347,0.09313903743315509,8.05813953488372,22.0,46.0,44.0
Jordan Miller,165,870.0,5.2727272727272725,281.0,1.7030303030303031,192.0,1.1636363636363636,0.3175030303030303,0.1344181818181818,0.3166909090909091,16.077295081967215,75.0,19.0,99.0
Jordan Murphy,3,5.0,1.6666666666666667,1.0,0.3333333333333333,0.0,0.0,0.16666666666666666,0.3333333333333333,0.0,,0.0,0.0,1.0
Jordan Ngatai,3,0.0,0.0,2.0,1.0,0.0,0.0,0.0,0.0,0.0,,0.0,1.0,0.0
Jordan Nwora,341,1767.0,5.181818181818182,729.0,2.1378299120234603,248.0,0.7272727272727273,0.24734897360703814,0.19565395894428153,0.217316715542522,15.245762711864407,104.0,55.0,225.0
Jordan Poole,557,8433.0,15.140035906642728,1346.0,2.416517055655296,1878.0,3.3716337522441653,0.368754039497307,0.29068402154398565,0.65508078994614,26.405697674418604,426.0,151.0,1145.0
Jordan Schakel,21,27.0,1.2857142857142858,13.0,0.6190476190476191,1.0,0.047619047619047616,0.06347619047619048,0.06347619047619048,0.19047619047619047,7.7,4.0,0.0,3.0
Jordan Sibert,14,20.0,1.4285714285714286,1.0,0.07142857142857142,1.0,0.07142857142857142,0.131,0.13214285714285715,0.07142857142857142,6.5,1.0,0.0,0.0
Jordan Tucker,5,11.0,2.2,5.0,1.0,0.0,0.0,0.1572,0.1666,0.2,7.31,0.0,1.0,2.0
Jordan Walker,3,17.0,5.666666666666667,1.0,0.3333333333333333,5.0,1.6666666666666667,0.4306666666666667,0.38866666666666666,0.16666666666666666,9.5,1.0,0.0,3.0
Jordan Walsh,239,531.0,2.221757322175732,416.0,1.7405857740585775,97.0,0.40585774058577406,0.2148326359832636,0.13067782426778243,0.1070418410041841,12.615541125541125,78.0,48.0,60.0
Jordan Williams,55,197.0,3.581818181818182,156.0,2.8363636363636364,11.0,0.2,0.28812727272727273,0.0,0.17400000000000002,14.279069767441861,21.0,15.0,23.0
Jorge Garbajosa,91,695.0,7.637362637362638,384.0,4.21978021978022,141.0,1.5494505494505495,0.3506263736263736,0.2782307692307692,0.28448351648351644,25.953488372093023,88.0,16.0,82.0
Jorge Gutierrez,130,187.0,1.449612403100775,83.0,0.6434108527131783,101.0,0.7829457364341085,0.1775813953488372,0.012922480620155039,0.1182170542635659,9.746268656716419,29.0,1.0,45.0
Jose Alvarado,392,2626.0,6.698979591836735,763.0,1.9464285714285714,1039.0,2.6505102040816326,0.340344387755102,0.255015306122449,0.2513545918367347,18.840448343079924,377.0,63.0,372.0
Jose Calderon,1142,8740.0,7.666666666666667,2375.0,2.0833333333333335,5602.0,4.914035087719299,0.3825289473684211,0.2667105263157895,0.35649385964912284,25.173095944609297,806.0,77.0,1477.0
Jose Ortiz,64,183.0,2.859375,73.0,1.140625,18.0,0.28125,0.335375,0.0078125,0.248703125,6.109375,10.0,8.0,41.0
Jose Slaughter,63,225.0,3.5714285714285716,68.0,1.0793650793650793,52.0,0.8253968253968254,0.3152380952380952,0.0873015873015873,0.22698412698412698,8.174603174603174,23.0,5.0,33.0
Jose Vildoza,1,4.0,4.0,2.0,2.0,2.0,2.0,0.25,0.0,1.0,,0.0,0.0,3.0
Joseph Blair,1,1.0,1.0,3.0,3.0,1.0,1.0,0.0,0.0,0.167,11.0,0.0,0.0,1.0
Joseph Forte,108,30.0,0.2777777777777778,17.0,0.1574074074074074,17.0,0.1574074074074074,0.031657407407407405,0.0,0.03009259259259259,4.44,6.0,0.0,13.0
Josh Akognon,5,36.0,7.2,8.0,1.6,7.0,1.4,0.4082,0.1588,0.0,3.25,2.0,0.0,6.0
Josh Boone,317,1472.0,4.643533123028392,1353.0,4.26813880126183,133.0,0.4195583596214511,0.4130851735015773,0.0,0.20582018927444795,16.68683274021352,102.0,191.0,192.0
Josh Bostic,6,0.0,0.0,1.0,0.16666666666666666,0.0,0.0,0.0,0.0,0.0,2.5,0.0,0.0,1.0
Josh Childress,537,3998.0,7.445065176908752,2031.0,3.782122905027933,687.0,1.2793296089385475,0.39979329608938546,0.13004283054003724,0.38203165735567973,25.914027149321267,376.0,209.0,501.0
Josh Christopher,210,1113.0,5.3,309.0,1.4714285714285715,262.0,1.2476190476190476,0.31210952380952384,0.1502952380952381,0.23740952380952382,14.08321212121212,120.0,34.0,214.0
Josh Davis,133,218.0,1.6515151515151516,178.0,1.3484848484848484,26.0,0.19696969696969696,0.1759469696969697,0.12499242424242424,0.11427272727272728,7.417582417582418,28.0,5.0,34.0
Josh Giddey,379,5291.0,13.96042216358839,2742.0,7.2348284960422165,2367.0,6.245382585751979,0.44464379947229554,0.2980105540897098,0.4953324538258575,28.67249322493225,317.0,186.0,1021.0
Josh Grant,54,157.0,2.9074074074074074,89.0,1.6481481481481481,24.0,0.4444444444444444,0.24811111111111112,0.14812962962962964,0.2222222222222222,7.092592592592593,18.0,8.0,30.0
Josh Gray,22,38.0,1.7272727272727273,15.0,0.6818181818181818,17.0,0.7727272727272727,0.1149090909090909,0.07577272727272727,0.10986363636363636,13.0,8.0,2.0,14.0
Josh Green,456,2406.0,5.276315789473684,985.0,2.1600877192982457,549.0,1.2039473684210527,0.3666578947368421,0.2521842105263158,0.21437719298245614,19.665111662531018,289.0,57.0,324.0
Josh Hall,34,86.0,2.5294117647058822,59.0,1.7352941176470589,28.0,0.8235294117647058,0.12264705882352941,0.041676470588235294,0.1801470588235294,15.523809523809524,4.0,1.0,25.0
Josh Harrellson,140,361.0,2.5785714285714287,294.0,2.1,35.0,0.25,0.24425714285714284,0.14095,0.09107142857142857,10.95959595959596,42.0,48.0,45.0
Josh Hart,720,7135.0,9.96508379888268,4880.0,6.815642458100559,2306.0,3.2206703910614527,0.4396787709497207,0.313145251396648,0.4493519553072626,30.000544217687075,722.0,227.0,1020.0
Josh Howard,668,8755.0,13.1062874251497,3520.0,5.269461077844311,967.0,1.4476047904191616,0.3987604790419162,0.2361497005988024,0.5502904191616766,29.397336601307188,634.0,327.0,902.0
Josh Huestis,129,253.0,1.9612403100775193,231.0,1.7906976744186047,27.0,0.20930232558139536,0.24013953488372095,0.2055891472868217,0.050387596899224806,13.263736263736265,18.0,64.0,42.0
Josh Jackson,352,3498.0,10.051724137931034,1251.0,3.5948275862068964,586.0,1.6839080459770115,0.35070977011494253,0.23163793103448277,0.4460603448275862,22.591639871382636,264.0,183.0,589.0
Josh Magette,67,84.0,1.2537313432835822,39.0,0.582089552238806,89.0,1.328358208955224,0.15595522388059702,0.14053731343283582,0.09701492537313433,8.325,13.0,2.0,23.0
Josh McRoberts,702,2655.0,3.782051282051282,1907.0,2.7165242165242165,1002.0,1.4273504273504274,0.28174928774928776,0.1059045584045584,0.1903205128205128,18.303212851405622,271.0,223.0,440.0
Josh Minott,329,747.0,2.270516717325228,321.0,0.9756838905775076,110.0,0.3343465045592705,0.20111550151975685,0.1202613981762918,0.13328571428571429,9.268197674418603,83.0,64.0,78.0
Josh Oduro,8,25.0,3.125,23.0,2.875,4.0,0.5,0.27449999999999997,0.0,0.145875,21.555,0.0,0.0,2.0
Josh Okogie,623,3277.0,5.294022617124394,1550.0,2.504038772213247,613.0,0.9903069466882067,0.3107140549273021,0.19706623586429725,0.3484943457189014,18.25641975308642,491.0,210.0,425.0
Josh Perkins,3,2.0,0.6666666666666666,4.0,1.3333333333333333,6.0,2.0,0.111,0.0,0.0,9.5,0.0,0.0,4.0
Josh Powell,595,1573.0,2.6436974789915966,1163.0,1.9546218487394957,203.0,0.3411764705882353,0.25286218487394957,0.015126050420168067,0.20468571428571428,11.638755980861244,62.0,89.0,347.0
Josh Reaves,22,39.0,1.7727272727272727,21.0,0.9545454545454546,9.0,0.4090909090909091,0.128,0.03786363636363636,0.2462272727272727,8.153846153846153,3.0,3.0,9.0
Josh Richardson,741,6968.0,9.428958051420839,1867.0,2.52638700947226,1587.0,2.147496617050068,0.3361894451962111,0.28045060893098783,0.4259553450608931,27.543095623987035,626.0,338.0,798.0
Josh Roberts,2,21.0,10.5,19.0,9.5,0.0,0.0,0.7735,0.0,0.5,,3.0,1.0,2.0
Josh Selby,104,112.0,1.0769230769230769,31.0,0.2980769230769231,44.0,0.4230769230769231,0.09060576923076923,0.03220192307692308,0.07359615384615384,8.282608695652174,10.0,1.0,46.0
Josh Smith,1093,14918.0,13.648673376029278,7575.0,6.9304666056724615,3159.0,2.8902104300091493,0.42139158279963407,0.1696541628545288,0.5120036596523331,31.40655105973025,1233.0,1906.0,2542.0
Joshua Primo,82,380.0,4.634146341463414,137.0,1.670731707317073,111.0,1.353658536585366,0.29613414634146346,0.19569512195121952,0.2353658536585366,17.8125,21.0,28.0,86.0
Joshua Smith,8,45.0,5.625,41.0,5.125,7.0,0.875,0.584375,0.0,0.125,15.285714285714286,2.0,2.0,13.0
Jrue Holiday,1388,19785.0,14.28519855595668,5398.0,3.8974729241877255,7725.0,5.577617328519856,0.41796823104693137,0.3130397111913357,0.4970339350180506,32.06879884605298,1762.0,613.0,3230.0
Juan Bergel,2,0.0,0.0,2.0,1.0,0.0,0.0,0.0,0.0,0.0,,0.0,0.0,4.0
Juan Carlos Navarro,87,959.0,11.022988505747126,219.0,2.5172413793103448,185.0,2.1264367816091956,0.364551724137931,0.3074252873563218,0.4705977011494253,25.298850574712645,49.0,2.0,150.0
Juan Dixon,587,4068.0,6.9301533219761495,902.0,1.536626916524702,840.0,1.4310051107325383,0.30333219761499153,0.21088074957410563,0.32709880749574105,18.652263374485596,379.0,35.0,617.0
Juan Navarro,4,72.0,18.0,10.0,2.5,18.0,4.5,0.37525,0.34075,0.6875,31.5,2.0,0.0,9.0
Juan Toscano-Anderson,281,901.0,3.206405693950178,672.0,2.391459074733096,413.0,1.4697508896797153,0.3191281138790035,0.14269395017793596,0.144576512455516,14.372881355932204,135.0,70.0,215.0
Juancho Hernangomez,525,1904.0,3.6405353728489485,1271.0,2.4302103250478013,254.0,0.48565965583174,0.24065200764818356,0.1740076481835564,0.20351816443594645,14.94225721784777,147.0,83.0,192.0
Juaquin Hawkins,83,137.0,1.6506024096385543,80.0,0.963855421686747,49.0,0.5903614457831325,0.19524096385542167,0.0783132530120482,0.06526506024096386,11.169491525423728,30.0,6.0,29.0
Jud Buechler,854,2507.0,2.9355971896955504,1348.0,1.5784543325526932,584.0,0.6838407494145199,0.318036299765808,0.14956674473067916,0.10145550351288056,11.101137800252845,335.0,151.0,313.0
Judah Mintz,5,8.0,1.6,3.0,0.6,5.0,1.0,0.25,0.0,0.2,8.465,0.0,0.0,0.0
Jules Bernard,53,132.0,2.490566037735849,39.0,0.7358490566037735,23.0,0.4339622641509434,0.22396226415094342,0.16249056603773585,0.17452830188679244,7.2465625,6.0,1.0,17.0
Julian Champagnie,309,2809.0,9.090614886731391,1250.0,4.0453074433656955,401.0,1.2977346278317152,0.3847702265372168,0.3249514563106796,0.3884595469255664,23.337905405405408,222.0,139.0,235.0
Julian Jacobs,4,3.0,0.75,0.0,0.0,2.0,0.5,0.125,0.0,0.08325,5.0,0.0,0.0,2.0
Julian Khazzouh,1,2.0,2.0,0.0,0.0,0.0,0.0,1.0,0.0,0.0,1.0,0.0,0.0,0.0
Julian Phillips,244,681.0,2.790983606557377,285.0,1.1680327868852458,68.0,0.2786885245901639,0.26439754098360657,0.15221311475409835,0.17008606557377048,10.981811594202899,70.0,41.0,56.0
Julian Reese,14,154.0,11.0,137.0,9.785714285714286,24.0,1.7142857142857142,0.4541428571428571,0.0,0.4147857142857143,30.684615384615384,18.0,8.0,32.0
Julian Strawther,251,1484.0,5.912350597609562,368.0,1.4661354581673307,215.0,0.8565737051792829,0.28885258964143423,0.21320717131474104,0.2697649402390438,15.770683333333334,87.0,35.0,141.0
Julian Washburn,24,40.0,1.6666666666666667,41.0,1.7083333333333333,14.0,0.5833333333333334,0.18908333333333335,0.14720833333333333,0.0625,13.666666666666666,13.0,2.0,7.0
Julian Wright,347,1083.0,3.121037463976945,645.0,1.8587896253602305,223.0,0.6426512968299711,0.3365763688760807,0.0446685878962536,0.14697406340057637,12.958955223880597,160.0,79.0,194.0
Julien Ducree,3,18.0,6.0,12.0,4.0,1.0,0.3333333333333333,0.4166666666666667,0.0,0.3333333333333333,,1.0,2.0,1.0
Julius Erving,983,21552.0,21.92472024415056,6611.0,6.725330620549339,3826.0,3.8921668362156665,0.5025625635808749,0.037301119023397764,0.7402522889114954,34.59613428280773,1195.0,1376.0,1838.0
Julius Hodge,69,47.0,0.6811594202898551,28.0,0.4057971014492754,32.0,0.463768115942029,0.1280144927536232,0.0,0.057971014492753624,5.4,8.0,0.0,24.0
Julius Nwosu,25,31.0,1.24,26.0,1.04,3.0,0.12,0.239,0.0,0.2,3.64,0.0,3.0,10.0
Julius Randle,920,16688.0,18.198473282442748,7716.0,8.414394765539804,3422.0,3.7317339149400217,0.4491363140676118,0.22556052344601962,0.6595027262813522,31.312148231753195,644.0,328.0,2486.0
Julyan Stone,227,100.0,0.44052863436123346,115.0,0.5066079295154186,110.0,0.4845814977973568,0.06659471365638767,0.029370044052863434,0.029370044052863434,7.651685393258427,29.0,14.0,32.0
Jumaine Jones,663,3524.0,5.315233785822021,2124.0,3.2036199095022626,431.0,0.6500754147812972,0.28689140271493213,0.17016440422322776,0.17333634992458521,19.784466019417476,319.0,158.0,410.0
Jun Shi,1,0.0,0.0,0.0,0.0,2.0,2.0,0.0,0.0,0.0,,0.0,0.0,0.0
Junior Bridgeman,898,12167.0,13.548997772828507,3150.0,3.507795100222717,2170.0,2.4164810690423164,0.44912138084632514,0.03080846325167038,0.6034231625835189,25.087973273942094,671.0,208.0,1041.0
Junior Burrough,61,189.0,3.098360655737705,109.0,1.7868852459016393,15.0,0.2459016393442623,0.29588524590163934,0.0,0.3770655737704918,8.114754098360656,15.0,10.0,40.0
Junior Harrington,162,787.0,4.8580246913580245,400.0,2.4691358024691357,449.0,2.771604938271605,0.3194320987654321,0.07304320987654321,0.32126543209876546,21.140939597315437,134.0,27.0,260.0
Justin Anderson,355,1559.0,4.4289772727272725,740.0,2.102272727272727,227.0,0.6448863636363636,0.2933380681818182,0.19240340909090908,0.2511164772727273,13.30035335689046,128.0,96.0,179.0
Justin Bean,3,3.0,1.0,2.0,0.6666666666666666,0.0,0.0,0.3333333333333333,0.0,0.16666666666666666,6.0,0.0,0.0,1.0
Justin Bibbs,2,0.0,0.0,0.0,0.0,0.0,0.0,0.0,0.0,0.0,,0.0,0.0,0.0
Justin Champagnie,283,1436.0,5.074204946996466,944.0,3.335689045936396,193.0,0.6819787985865724,0.28624381625441697,0.1595053003533569,0.23351236749116608,16.979278846153846,155.0,108.0,135.0
Justin Cobbs,8,2.0,0.25,2.0,0.25,0.0,0.0,0.0625,0.0,0.0,4.0,0.0,0.0,1.0
Justin Davis,5,15.0,3.0,10.0,2.0,3.0,0.6,0.5198,0.0,0.1,8.6,7.0,0.0,2.0
Justin Dentmon,14,26.0,1.8571428571428572,8.0,0.5714285714285714,11.0,0.7857142857142857,0.16907142857142857,0.08335714285714287,0.08928571428571429,10.666666666666666,2.0,0.0,7.0
Justin Edwards,163,899.0,5.515337423312883,291.0,1.7852760736196318,165.0,1.0122699386503067,0.2927116564417178,0.19998773006134968,0.18977914110429447,18.79468253968254,106.0,30.0,107.0
Justin Hamilton,189,787.0,4.164021164021164,451.0,2.386243386243386,95.0,0.5026455026455027,0.2886031746031746,0.15478835978835978,0.1977936507936508,16.452380952380953,66.0,76.0,80.0
Justin Harper,82,134.0,1.6341463414634145,65.0,0.7926829268292683,16.0,0.1951219512195122,0.11945121951219512,0.08863414634146341,0.03048780487804878,9.75,8.0,5.0,20.0
Justin Holiday,883,5969.0,6.775255391600454,1997.0,2.2667423382519862,1064.0,1.2077185017026106,0.32509648127128266,0.2767139614074915,0.25449602724177073,21.932254259501967,682.0,311.0,612.0
Justin Jackson,415,1875.0,4.539951573849879,708.0,1.7142857142857142,310.0,0.7506053268765133,0.269726392251816,0.18364891041162226,0.20530750605326878,16.812297734627833,102.0,45.0,145.0
Justin James,154,273.0,1.7727272727272727,79.0,0.512987012987013,47.0,0.3051948051948052,0.15871428571428572,0.07942857142857142,0.10768181818181817,7.111111111111111,21.0,14.0,33.0
Justin Lewis,8,4.0,0.5,3.0,0.375,0.0,0.0,0.104125,0.0,0.0,5.5,0.0,0.0,0.0
Justin Minaya,91,108.0,1.1868131868131868,91.0,1.0,39.0,0.42857142857142855,0.1281098901098901,0.0671978021978022,0.04395604395604396,9.919333333333332,22.0,16.0,20.0
Justin Patton,75,98.0,1.3243243243243243,71.0,0.9594594594594594,23.0,0.3108108108108108,0.14604054054054055,0.05720270270270271,0.02702702702702703,12.72,23.0,18.0,11.0
Justin Powell,4,3.0,0.75,1.0,0.25,0.0,0.0,0.125,0.125,0.0,5.0,0.0,0.0,1.0
Justin Reed,229,603.0,2.6331877729257642,219.0,0.9563318777292577,74.0,0.3231441048034934,0.21592139737991264,0.0,0.21833624454148473,9.937888198757763,36.0,24.0,98.0
Justin Robinson,73,163.0,2.232876712328767,47.0,0.6438356164383562,71.0,0.9726027397260274,0.18764383561643835,0.1631095890410959,0.06872602739726028,10.576923076923077,16.0,4.0,31.0
Justin Simon,5,18.0,3.6,12.0,2.4,1.0,0.2,0.2566,0.0,0.0,8.6,0.0,1.0,5.0
Justin Smith,1,16.0,16.0,7.0,7.0,2.0,2.0,0.778,0.0,0.667,20.56,3.0,0.0,1.0
Justin Tillman,2,0.0,0.0,0.0,0.0,0.0,0.0,0.0,0.0,0.0,,0.0,0.0,0.0
Justin Wiliams,1,4.0,4.0,11.0,11.0,0.0,0.0,0.5,0.0,0.0,,0.0,3.0,1.0
Justin Williams,109,184.0,1.688073394495413,192.0,1.761467889908257,3.0,0.027522935779816515,0.177605504587156,0.0,0.09455963302752293,8.370967741935484,10.0,30.0,25.0
Justin Wright-Foreman,17,42.0,2.4705882352941178,10.0,0.5882352941176471,16.0,0.9411764705882353,0.22905882352941176,0.11764705882352941,0.14705882352941177,8.25,3.0,0.0,7.0
Justinian Jessup,1,13.0,13.0,7.0,7.0,3.0,3.0,0.357,0.375,0.0,,1.0,0.0,0.0
Justise Winslow,501,3164.0,6.366197183098592,1984.0,3.9919517102615694,1001.0,2.0140845070422535,0.30951911468812876,0.18674647887323945,0.2798772635814889,25.132992327365727,342.0,159.0,578.0
Justus Thigpen,18,48.0,2.6666666666666665,8.0,0.4444444444444444,8.0,0.4444444444444444,0.22866666666666666,0.0,0.0,4.0,0.0,0.0,0.0
Jusuf Nurkic,851,8145.0,9.60495283018868,6199.0,7.310141509433962,1799.0,2.1214622641509435,0.40317216981132076,0.09352830188679245,0.4397558962264151,23.79880575539568,644.0,724.0,1505.0
Jusuf Nurkić,3,13.0,13.0,8.0,8.0,1.0,1.0,0.3,1.0,0.75,,1.0,0.0,0.0
Juwan Howard,1471,16649.0,11.318150917743033,7733.0,5.256968048946295,2737.0,1.8606390210740993,0.3766478585995921,0.004078857919782461,0.4772610469068661,29.141750580945004,853.0,322.0,2541.0
Juwan Morgan,159,117.0,0.7358490566037735,110.0,0.6918238993710691,25.0,0.15723270440251572,0.1079245283018868,0.046119496855345915,0.038257861635220124,5.87012987012987,10.0,4.0,16.0
Juwan Staten,4,2.0,0.5,1.0,0.25,1.0,0.25,0.0,0.0,0.125,9.0,1.0,0.0,1.0
K.C. Jones,782,5741.0,7.341432225063938,1922.0,2.4578005115089514,2243.0,2.868286445012788,0.28517774936061385,0.0,0.4989693094629156,14.792838874680307,0.0,0.0,0.0
KJ Martin,1,6.0,6.0,3.0,3.0,1.0,1.0,0.6,0.0,0.0,,2.0,0.0,0.0
KJ McDaniels,286,984.0,3.477031802120141,433.0,1.530035335689046,114.0,0.4028268551236749,0.2203250883392226,0.11407773851590106,0.22830035335689045,14.192090395480227,88.0,129.0,181.0
KJ Simpson,86,423.0,4.9186046511627906,162.0,1.8837209302325582,172.0,2.0,0.23466279069767443,0.16444186046511627,0.3081395348837209,18.574545454545454,54.0,9.0,95.0
KZ Okpala,179,298.0,1.664804469273743,179.0,1.0,53.0,0.29608938547486036,0.1508491620111732,0.09329050279329609,0.059592178770949716,9.91150442477876,30.0,29.0,38.0
Kadary Richmond,5,27.0,5.4,10.0,2.0,8.0,1.6,0.5286,0.3,0.2,17.975,8.0,1.0,2.0
Kadeem Allen,78,265.0,3.533333333333333,71.0,0.9466666666666667,112.0,1.4933333333333334,0.20550666666666667,0.13666666666666666,0.2318933333333333,12.62,24.0,8.0,44.0
Kadeem Batts,3,0.0,0.0,0.0,0.0,0.0,0.0,0.0,0.0,0.0,,0.0,0.0,0.0
Kadeem Jack,5,0.0,0.0,0.0,0.0,0.0,0.0,0.0,0.0,0.0,3.0,0.0,1.0,0.0
Kahlil Whitney,4,2.0,0.5,0.0,0.0,0.0,0.0,0.0,0.0,0.25,1.0,0.0,0.0,0.0
Kai Guo,4,6.0,2.0,4.0,1.3333333333333333,1.0,0.3333333333333333,0.16666666666666666,0.0,0.6666666666666666,,1.0,0.0,4.0
Kai Jones,194,440.0,2.268041237113402,310.0,1.597938144329897,54.0,0.27835051546391754,0.32042268041237115,0.02104639175257732,0.12216494845360824,10.232916666666666,41.0,70.0,68.0
Kai Sotto,2,11.0,5.5,6.0,3.0,1.0,0.5,0.25,0.25,0.5,,2.0,0.0,2.0
Kai Zhang,1,0.0,0.0,1.0,1.0,0.0,0.0,0.0,0.0,0.0,3.0,0.0,0.0,0.0
Kaia Isaac,3,2.0,0.6666666666666666,0.0,0.0,0.0,0.0,0.16666666666666666,0.0,0.0,,1.0,0.0,1.0
Kaiser Gates,15,16.0,1.2307692307692308,10.0,0.7692307692307693,4.0,0.3076923076923077,0.2,0.15384615384615385,0.0,6.0,0.0,0.0,1.0
Kaleb Tarczewski,6,5.0,1.0,10.0,2.0,0.0,0.0,0.13340000000000002,0.0,0.1,20.0,0.0,2.0,2.0
Kaleb Wesson,3,5.0,1.6666666666666667,6.0,2.0,0.0,0.0,0.5,0.0,0.16666666666666666,5.666666666666667,1.0,1.0,1.0
Kalin Lucas,27,49.0,1.96,11.0,0.44,19.0,0.76,0.21404,0.14,0.24,7.5625,9.0,0.0,11.0
Kam Jones,54,162.0,3.0,60.0,1.1111111111111112,119.0,2.2037037037037037,0.27274074074074073,0.12970370370370368,0.037037037037037035,16.47054054054054,18.0,0.0,36.0
Kammron Taylor,3,2.0,0.6666666666666666,0.0,0.0,0.0,0.0,0.0,0.0,0.3333333333333333,2.3333333333333335,0.0,0.0,0.0
Kaniel Dickens,44,49.0,1.1136363636363635,24.0,0.5454545454545454,5.0,0.11363636363636363,0.16854545454545455,0.12120454545454545,0.09090909090909091,4.8076923076923075,2.0,3.0,6.0
Kannard Johnson,1,0.0,0.0,0.0,0.0,0.0,0.0,0.0,0.0,0.0,2.0,0.0,0.0,0.0
Kareem Abdul-Jabbar,1807,44307.0,24.519645821804094,20019.0,11.07858328721638,6443.0,3.565578306585501,0.5599623685666851,0.0005534034311012728,0.6871970116214721,36.053126729385724,1149.0,3503.0,2770.0
Kareem Rush,508,2487.0,4.895669291338582,642.0,1.263779527559055,416.0,0.8188976377952756,0.26257874015748034,0.19448622047244096,0.16026968503937009,16.46153846153846,189.0,81.0,339.0
Karim Jallow,1,0.0,,0.0,,0.0,,,,,,0.0,0.0,0.0
Karim Lopez,2,13.0,13.0,7.0,7.0,3.0,3.0,0.625,0.0,0.375,,2.0,1.0,2.0
Karim Mane,35,11.0,0.3142857142857143,16.0,0.45714285714285713,4.0,0.11428571428571428,0.05237142857142857,0.02857142857142857,0.05714285714285714,7.5,1.0,2.0,3.0
Karl Malone,1687,41745.0,24.74510966212211,17060.0,10.11262596324837,5865.0,3.4765856550088916,0.5082762299940723,0.043963248369887374,0.7140112625963249,37.321002386634845,2349.0,1279.0,5079.0
Karl-Anthony Towns,874,18508.0,21.249138920780712,9146.0,10.500574052812858,2569.0,2.949483352468427,0.5025166475315729,0.3561722158438576,0.7599161882893227,32.60482581155978,680.0,913.0,2201.0
Karlo Matkovic,128,684.0,5.34375,445.0,3.4765625,99.0,0.7734375,0.476484375,0.235109375,0.240234375,16.025420560747662,49.0,95.0,81.0
Kasib Powell,25,166.0,6.64,94.0,3.76,28.0,1.12,0.38792000000000004,0.076,0.33336,22.36,17.0,7.0,13.0
Kasparas Jakucionis,72,338.0,4.694444444444445,138.0,1.9166666666666667,148.0,2.0555555555555554,0.2668333333333333,0.24294444444444446,0.3194444444444444,17.483636363636364,35.0,8.0,54.0
Kavell Bigby-Williams,5,3.0,0.6,0.0,0.0,0.0,0.0,0.2,0.0,0.1,3.0,0.0,0.0,1.0
Kavion Pippen,4,10.0,2.5,9.0,2.25,0.0,0.0,0.41675,0.0,0.0,5.75,1.0,2.0,3.0
Kawhi Leonard,1059,20282.0,19.261158594491928,6427.0,6.103513770180437,3009.0,2.8575498575498575,0.4695175688509022,0.3467283950617284,0.6858148148148149,31.332366565961735,1691.0,611.0,1683.0
Kay Felder,105,322.0,3.1262135922330097,80.0,0.7766990291262136,123.0,1.1941747572815533,0.2024854368932039,0.07281553398058252,0.19781553398058252,10.507246376811594,31.0,9.0,72.0
Keandre Cook,4,0.0,0.0,0.0,0.0,0.0,0.0,0.0,0.0,0.0,1.0,0.0,0.0,0.0
Keaton Wallace,141,386.0,2.7375886524822697,120.0,0.851063829787234,205.0,1.4539007092198581,0.2272340425531915,0.13877304964539008,0.11170212765957446,12.00935483870968,63.0,14.0,68.0
Kebu Stewart,32,40.0,1.25,31.0,0.96875,2.0,0.0625,0.17446875,0.0,0.15884375,6.866666666666666,5.0,2.0,8.0
Kedrick Brown,269,547.0,2.033457249070632,356.0,1.3234200743494424,106.0,0.3940520446096654,0.1950446096654275,0.09268029739776952,0.09665427509293681,12.460526315789474,91.0,29.0,69.0
Keegan Murray,296,3689.0,12.462837837837839,1545.0,5.219594594594595,398.0,1.3445945945945945,0.40333108108108107,0.3196689189189189,0.3656824324324324,31.89773381294964,251.0,219.0,227.0
Keenan Evans,8,0.0,0.0,0.0,0.0,0.0,0.0,0.0,0.0,0.0,,0.0,0.0,0.0
Keifer Sykes,57,215.0,3.7719298245614037,57.0,1.0,76.0,1.3333333333333333,0.19140350877192983,0.12919298245614036,0.14621052631578946,16.405405405405407,13.0,5.0,42.0
Keion Brooks Jr.,21,129.0,6.142857142857143,48.0,2.2857142857142856,12.0,0.5714285714285714,0.29314285714285715,0.16823809523809524,0.2642857142857143,21.617142857142856,10.0,9.0,13.0
Keita Bates-Diop,423,1821.0,4.3460620525059666,928.0,2.214797136038186,258.0,0.6157517899761337,0.30147255369928405,0.15030310262529833,0.25619809069212407,15.44316129032258,159.0,104.0,170.0
Keith Appling,22,14.0,0.6363636363636364,7.0,0.3181818181818182,4.0,0.18181818181818182,0.06813636363636365,0.0,0.13636363636363635,6.181818181818182,2.0,1.0,10.0
Keith Askins,561,1913.0,3.409982174688057,1485.0,2.6470588235294117,388.0,0.6916221033868093,0.3077825311942959,0.1991693404634581,0.1709144385026738,15.98443579766537,288.0,173.0,332.0
Keith Benson,22,65.0,2.9545454545454546,46.0,2.090909090909091,3.0,0.13636363636363635,0.2646363636363636,0.0,0.09772727272727272,9.285714285714286,2.0,8.0,4.0
Keith Bogans,851,4706.0,5.529964747356051,2008.0,2.3595769682726204,959.0,1.126909518213866,0.3158930669800235,0.2715440658049354,0.2755205640423032,20.794466403162055,475.0,77.0,654.0
Keith Booth,56,130.0,2.3214285714285716,97.0,1.7321428571428572,39.0,0.6964285714285714,0.18648214285714285,0.008928571428571428,0.22619642857142858,9.488888888888889,22.0,11.0,42.0
Keith Closs,197,502.0,2.548223350253807,372.0,1.8883248730964468,44.0,0.2233502538071066,0.2663553299492386,0.0,0.1949492385786802,12.238461538461538,28.0,163.0,78.0
Keith Edmonson,88,526.0,5.9772727272727275,128.0,1.4545454545454546,57.0,0.6477272727272727,0.36718181818181816,0.0,0.34605681818181816,10.602272727272727,35.0,13.0,76.0
Keith Erickson,853,8123.0,9.522860492379836,3527.0,4.1348182883939035,1982.0,2.323563892145369,0.3780715123094959,0.0,0.47791559202813594,20.232121922626025,175.0,34.0,0.0
Keith Herron,124,1219.0,9.830645161290322,242.0,1.9516129032258065,170.0,1.3709677419354838,0.3838548387096774,0.016129032258064516,0.5137177419354839,21.112903225806452,41.0,16.0,71.0
Keith Hornsby,7,16.0,2.2857142857142856,7.0,1.0,4.0,0.5714285714285714,0.13328571428571429,0.14285714285714285,0.14285714285714285,9.6,2.0,0.0,2.0
Keith Jennings,168,1105.0,6.5773809523809526,253.0,1.505952380952381,618.0,3.6785714285714284,0.3953333333333333,0.29261309523809526,0.5030476190476191,17.92814371257485,165.0,2.0,205.0
Keith Langford,12,42.0,3.5,18.0,1.5,11.0,0.9166666666666666,0.24441666666666664,0.041666666666666664,0.26391666666666663,12.3,4.0,0.0,7.0
Keith Lee,182,1114.0,6.1208791208791204,861.0,4.730769230769231,178.0,0.978021978021978,0.42746153846153845,0.01098901098901099,0.3677912087912088,15.972527472527473,73.0,110.0,216.0
Keith McCord,2,4.0,2.0,2.0,1.0,1.0,0.5,0.6665,0.0,0.0,4.5,0.0,0.0,0.0
Keith McLeod,245,1187.0,4.844897959183673,290.0,1.183673469387755,566.0,2.3102040816326532,0.2769551020408163,0.1284204081632653,0.3931551020408163,18.190697674418605,157.0,30.0,277.0
Keith Owens,20,26.0,1.3,15.0,0.75,3.0,0.15,0.1914,0.0,0.2,4.0,5.0,4.0,2.0
Keith Smart,2,2.0,1.0,1.0,0.5,2.0,1.0,0.0,0.0,0.5,5.5,0.0,0.0,2.0
Keith Smith,42,138.0,3.2857142857142856,32.0,0.7619047619047619,43.0,1.0238095238095237,0.2568095238095238,0.047619047619047616,0.20833333333333334,10.976190476190476,25.0,3.0,30.0
Keith Starr,17,14.0,0.8235294117647058,10.0,0.5882352941176471,6.0,0.35294117647058826,0.22058823529411764,0.0,0.058823529411764705,3.5294117647058822,0.0,0.0,0.0
Keith Tower,53,98.0,1.849056603773585,69.0,1.3018867924528301,7.0,0.1320754716981132,0.28747169811320755,0.0,0.1509433962264151,7.830188679245283,6.0,12.0,19.0
Keith Van Horn,722,9841.0,13.630193905817174,4229.0,5.857340720221607,970.0,1.3434903047091413,0.38449722991689755,0.27269113573407205,0.5761440443213296,30.34890965732087,516.0,320.0,1363.0
Kel'el Ware,175,1651.0,9.434285714285714,1317.0,7.525714285714286,134.0,0.7657142857142857,0.47746857142857146,0.26544,0.2825714285714286,21.7553125,112.0,173.0,134.0
Kelan Martin,156,608.0,3.92258064516129,253.0,1.632258064516129,70.0,0.45161290322580644,0.25113548387096774,0.158,0.14301290322580645,12.897196261682243,33.0,30.0,57.0
Keldon Johnson,532,7351.0,13.81766917293233,2611.0,4.907894736842105,969.0,1.8214285714285714,0.45020864661654136,0.30229887218045115,0.5492575187969925,26.50278110445775,334.0,110.0,611.0
Kelenna Azubuike,267,2447.0,9.164794007490636,913.0,3.4194756554307117,252.0,0.9438202247191011,0.3634119850187266,0.30729588014981274,0.44132209737827716,23.088607594936708,154.0,110.0,235.0
Keljin Blevins,112,138.0,1.2321428571428572,68.0,0.6071428571428571,26.0,0.23214285714285715,0.14261607142857144,0.08126785714285714,0.05357142857142857,8.5,16.0,2.0,28.0
Kellan Grady,3,0.0,0.0,0.0,0.0,0.0,0.0,0.0,0.0,0.0,,0.0,0.0,0.0
Kelly Jr.,4,26.0,6.5,5.0,1.25,4.0,1.0,0.43325,0.08325,0.8125,,2.0,2.0,3.0
Kelly McCarty,12,4.0,0.3333333333333333,3.0,0.25,0.0,0.0,0.08333333333333333,0.0,0.0,2.0,0.0,0.0,2.0
Kelly Olynyk,1065,9105.0,8.573446327683616,4608.0,4.338983050847458,2210.0,2.080979284369115,0.4067824858757062,0.28768079096045196,0.4431271186440678,20.92291313559322,714.0,433.0,1453.0
Kelly Oubre Jr.,867,10263.0,11.864739884393064,3595.0,4.15606936416185,905.0,1.046242774566474,0.3762346820809248,0.2526705202312139,0.4974150289017341,26.623146496815284,840.0,399.0,878.0
Kelly Tripucka,732,12533.0,17.121584699453553,2796.0,3.819672131147541,2147.0,2.9330601092896176,0.4608333333333333,0.13838661202185792,0.7415614754098361,29.653005464480874,623.0,133.0,1505.0
Kelvin Cato,713,3057.0,4.287517531556802,2967.0,4.161290322580645,251.0,0.3520336605890603,0.3516577840112202,0.001402524544179523,0.3155371669004208,18.768014059753956,300.0,701.0,473.0
Kelvin Ransey,488,5486.0,11.241803278688524,926.0,1.8975409836065573,2544.0,5.213114754098361,0.4343401639344262,0.02971106557377049,0.5260737704918033,24.368852459016395,482.0,37.0,973.0
Kelvin Upshaw,124,659.0,5.314516129032258,147.0,1.185483870967742,262.0,2.1129032258064515,0.39157258064516126,0.0860241935483871,0.255008064516129,12.435483870967742,82.0,9.0,122.0
Kemba Walker,880,15789.0,17.982915717539864,3117.0,3.550113895216401,4287.0,4.882687927107061,0.3892653758542141,0.31398405466970386,0.6905216400911162,32.09513157894737,1008.0,312.0,1730.0
Ken Austin,7,12.0,1.7142857142857142,3.0,0.42857142857142855,1.0,0.14285714285714285,0.22842857142857143,0.0,0.0,4.0,2.0,1.0,3.0
Ken Bannister,253,1501.0,5.932806324110672,890.0,3.5177865612648223,110.0,0.43478260869565216,0.42175889328063243,0.0,0.2900079051383399,15.245059288537549,109.0,80.0,347.0
Ken Boyd,6,19.0,3.1666666666666665,5.0,0.8333333333333334,2.0,0.3333333333333333,0.3055,0.0,0.21083333333333334,1.8333333333333333,0.0,0.0,0.0
Ken Charles,340,2860.0,8.411764705882353,598.0,1.7588235294117647,759.0,2.2323529411764707,0.35389117647058826,0.0,0.5155823529411765,19.83823529411765,128.0,47.0,10.0
Ken Durrett,119,484.0,4.067226890756302,227.0,1.9075630252100841,53.0,0.44537815126050423,0.40667226890756303,0.0,0.30076470588235293,7.26890756302521,6.0,4.0,0.0
Ken Green,7,31.0,4.428571428571429,27.0,3.857142857142857,2.0,0.2857142857142857,0.3667142857142857,0.0,0.2857142857142857,10.285714285714286,2.0,0.0,1.0
Ken Johnson,101,300.0,2.9702970297029703,277.0,2.742574257425743,19.0,0.18811881188118812,0.2986138613861386,0.0,0.15864356435643565,11.773809523809524,17.0,36.0,68.0
Ken Mayfield,13,37.0,2.8461538461538463,8.0,0.6153846153846154,4.0,0.3076923076923077,0.3290769230769231,0.0,0.15384615384615385,4.923076923076923,0.0,0.0,0.0
Ken McBride,12,117.0,9.75,6.0,0.5,6.0,0.5,0.02775,0.0,0.5963333333333333,4.666666666666667,0.0,0.0,0.0
Ken Murray,119,699.0,5.873949579831932,55.0,0.46218487394957986,78.0,0.6554621848739496,0.050378151260504205,0.0,0.48854621848739493,2.4453781512605044,0.0,0.0,0.0
Ken Norman,688,8860.0,12.877906976744185,4048.0,5.883720930232558,1384.0,2.011627906976744,0.43654360465116276,0.11697238372093023,0.37743313953488367,29.400606980273142,525.0,434.0,1183.0
Ken Rohloff,2,0.0,0.0,0.0,0.0,1.0,0.5,0.0,0.0,0.0,1.5,0.0,0.0,0.0
Ken Sears,543,7436.0,13.694290976058932,1703.0,3.136279926335175,286.0,0.5267034990791897,0.2159742173112339,0.0,0.7164861878453039,5.742173112338858,0.0,0.0,0.0
Ken Wilburn,7,18.0,2.5714285714285716,9.0,1.2857142857142858,3.0,0.42857142857142855,0.25,0.0,0.17857142857142858,2.2857142857142856,0.0,0.0,0.0
Kenan Sipahi,2,6.0,3.0,1.0,0.5,0.0,0.0,0.0835,0.0,0.5,22.0,3.0,0.0,2.0
Kendall Brown,82,70.0,0.8536585365853658,26.0,0.3170731707317073,19.0,0.23170731707317074,0.1928780487804878,0.0,0.04471951219512195,5.582926829268293,10.0,5.0,15.0
Kendall Gill,1024,13248.0,12.9375,4106.0,4.009765625,3001.0,2.9306640625,0.4083896484375,0.13945703125,0.554890625,30.206237424547282,1558.0,442.0,1774.0
Kendall Marshall,259,852.0,3.2895752895752897,275.0,1.0617760617760619,837.0,3.2316602316602316,0.2370926640926641,0.18332432432432433,0.0978108108108108,18.463276836158194,114.0,12.0,316.0
Kendric Davis,3,5.0,1.6666666666666667,2.0,0.6666666666666666,2.0,0.6666666666666666,0.16666666666666666,0.16666666666666666,0.3333333333333333,,0.0,0.0,0.0
Kendrick Nunn,277,2658.0,9.665454545454546,549.0,1.9963636363636363,530.0,1.9272727272727272,0.3490327272727273,0.2682872727272727,0.26776363636363637,22.408695652173915,146.0,40.0,304.0
Kendrick Perkins,1115,5221.0,4.682511210762332,5646.0,5.063677130044843,972.0,0.8717488789237668,0.4078923766816144,0.0,0.2956816143497758,21.469325153374232,335.0,1108.0,1538.0
Kennard Winchester,125,423.0,3.384,131.0,1.048,48.0,0.384,0.3772,0.074672,0.190496,8.312,28.0,25.0,48.0
Kennedy Chandler,97,300.0,3.0927835051546393,90.0,0.9278350515463918,159.0,1.6391752577319587,0.18516494845360823,0.05897938144329897,0.11175257731958763,13.667090909090911,36.0,9.0,56.0
Kennedy Meeks,5,25.0,5.0,14.0,2.8,4.0,0.8,0.155,0.0,0.12,2.0,3.0,1.0,1.0
Kennedy Winston,3,6.0,2.0,5.0,1.6666666666666667,0.0,0.0,0.4443333333333333,0.0,0.0,10.666666666666666,0.0,2.0,1.0
Kenneth Faried,678,5940.0,8.774002954209749,4233.0,6.25258493353028,502.0,0.741506646971935,0.4136898079763663,0.01070901033973412,0.40238995568685376,23.690431519699814,393.0,424.0,702.0
Kenneth Lofton Jr.,107,295.0,2.7570093457943927,121.0,1.1308411214953271,68.0,0.6355140186915887,0.20150467289719626,0.11058878504672898,0.13364485981308413,8.89482142857143,16.0,9.0,40.0
Kenny Adeleke,2,2.0,1.0,0.0,0.0,0.0,0.0,0.0,0.0,0.5,2.0,0.0,0.0,0.0
Kenny Anderson,982,11148.0,11.35234215885947,2730.0,2.780040733197556,5339.0,5.436863543788188,0.37077494908350306,0.16630957230142565,0.5223951120162933,29.703125,1301.0,112.0,1829.0
Kenny Battle,142,636.0,4.47887323943662,332.0,2.3380281690140845,106.0,0.7464788732394366,0.4104647887323944,0.017605633802816902,0.30826760563380284,12.880281690140846,98.0,31.0,93.0
Kenny Carr,710,8189.0,11.533802816901408,5198.0,7.32112676056338,954.0,1.343661971830986,0.49199436619718306,0.004225352112676056,0.5402394366197183,25.326760563380283,423.0,294.0,1311.0
Kenny Dennard,95,268.0,2.8210526315789473,286.0,3.0105263157894737,93.0,0.9789473684210527,0.32894736842105265,0.02455789473684211,0.2247263157894737,13.094736842105263,58.0,17.0,47.0
Kenny Fields,196,1229.0,6.270408163265306,492.0,2.510204081632653,198.0,1.010204081632653,0.42637244897959187,0.007653061224489796,0.3791428571428571,14.540816326530612,106.0,38.0,198.0
Kenny Gattison,508,3991.0,7.856299212598425,2378.0,4.681102362204724,457.0,0.8996062992125984,0.486494094488189,0.001968503937007874,0.46450787401574806,20.06311637080868,297.0,328.0,614.0
Kenny Green,60,265.0,4.416666666666667,101.0,1.6833333333333333,16.0,0.26666666666666666,0.37478333333333336,0.0,0.25555,10.333333333333334,9.0,11.0,50.0
Kenny Hasbrouck,6,23.0,3.8333333333333335,7.0,1.1666666666666667,15.0,2.5,0.18299999999999997,0.027833333333333335,0.3333333333333333,24.2,1.0,0.0,14.0
Kenny Higgs,219,1493.0,6.8173515981735155,394.0,1.7990867579908676,950.0,4.337899543378995,0.3877488584474886,0.023210045662100456,0.5114292237442922,20.484018264840184,242.0,23.0,373.0
Kenny Kadji,7,35.0,5.0,12.0,1.7142857142857142,1.0,0.14285714285714285,0.22542857142857145,0.0,0.4881428571428571,9.285714285714286,2.0,3.0,2.0
Kenny McIntosh,177,934.0,5.27683615819209,685.0,3.8700564971751414,169.0,0.9548022598870056,0.28287570621468927,0.0,0.24040677966101695,20.429378531073446,20.0,7.0,0.0
Kenny Natt,49,150.0,3.061224489795918,40.0,0.8163265306122449,41.0,0.8367346938775511,0.33761224489795916,0.04081632653061224,0.12924489795918367,7.918367346938775,8.0,1.0,24.0
Kenny Payne,147,514.0,3.496598639455782,172.0,1.1700680272108843,61.0,0.41496598639455784,0.30459863945578236,0.0826530612244898,0.18366666666666664,8.006802721088436,38.0,22.0,68.0
Kenny Rollins,36,93.0,2.5833333333333335,2.0,0.05555555555555555,18.0,0.5,0.09452777777777778,0.0,0.3287222222222222,4.722222222222222,0.0,0.0,0.0
Kenny Sailors,5,15.0,3.0,0.0,0.0,0.0,0.0,0.13340000000000002,0.0,0.3666,0.0,0.0,0.0,0.0
Kenny Satterfield,120,321.0,2.675,95.0,0.7916666666666666,176.0,1.4666666666666666,0.161225,0.040141666666666666,0.176525,13.586666666666666,51.0,3.0,96.0
Kenny Smith,813,10177.0,12.517835178351783,1601.0,1.969249692496925,4378.0,5.3849938499385,0.45203936039360393,0.3181451414514145,0.5973050430504305,30.094409937888198,813.0,74.0,1753.0
Kenny Thomas,812,6262.0,7.711822660098522,4670.0,5.751231527093596,1049.0,1.291871921182266,0.36682389162561574,0.03472660098522168,0.37908990147783256,26.635174418604652,571.0,290.0,1136.0
Kenny Walker,474,3217.0,6.786919831223629,1850.0,3.9029535864978904,314.0,0.6624472573839663,0.4402995780590717,0.013713080168776372,0.4428016877637131,19.841772151898734,239.0,310.0,360.0
Kenny Williams,277,1269.0,4.581227436823105,710.0,2.563176895306859,168.0,0.6064981949458483,0.3945234657039711,0.0,0.2256606498194946,10.913357400722022,82.0,170.0,142.0
Kenny Wooten,7,3.0,0.42857142857142855,3.0,0.42857142857142855,1.0,0.14285714285714285,0.04757142857142858,0.04757142857142858,0.0,7.5,0.0,1.0,1.0
Kenrich Williams,581,2985.0,5.173310225303293,1930.0,3.344887348353553,823.0,1.4263431542461005,0.3631889081455806,0.2669722703639515,0.14310398613518197,17.99107764390897,350.0,112.0,353.0
Kent Bazemore,850,6067.0,7.1629279811097994,2369.0,2.7969303423848877,1286.0,1.5182998819362457,0.3202361275088548,0.24224557260920898,0.35037190082644626,19.837549933422103,740.0,346.0,1034.0
Kent Benson,708,6295.0,8.891242937853107,3965.0,5.600282485875706,1206.0,1.7033898305084745,0.4793728813559322,0.007062146892655367,0.4434449152542373,22.74576271186441,504.0,494.0,650.0
Kent Edelin,10,11.0,1.1,26.0,2.6,10.0,1.0,0.2333,0.0,0.15,14.3,5.0,4.0,3.0
Kentavious Caldwell-Pope,1123,11852.0,10.582142857142857,3218.0,2.8732142857142855,2014.0,1.7982142857142858,0.4065746173469388,0.32127232142857143,0.4811866071428571,28.67632110091743,1255.0,309.0,1107.0
Kenyon Martin,1015,11106.0,10.941871921182265,6087.0,5.997044334975369,1678.0,1.6532019704433498,0.4204807881773399,0.051887684729064035,0.4096433497536946,29.908944444444444,1046.0,1027.0,1569.0
Kenyon Martin Jr.,374,2802.0,7.491978609625669,1327.0,3.5481283422459895,402.0,1.0748663101604279,0.4531577540106952,0.20868716577540108,0.3542647058823529,20.946079027355623,159.0,152.0,270.0
Keon Clark,397,3041.0,7.659949622166247,2206.0,5.5566750629722925,341.0,0.8589420654911839,0.45146095717884127,0.0025188916876574307,0.41412594458438284,21.57591623036649,191.0,592.0,502.0
Keon Ellis,312,1622.0,5.198717948717949,523.0,1.6762820512820513,314.0,1.0064102564102564,0.32052884615384614,0.2587852564102564,0.21658012820512818,18.854244791666666,285.0,150.0,175.0
Keon Johnson,224,1430.0,6.383928571428571,468.0,2.0892857142857144,350.0,1.5625,0.2831741071428571,0.2074464285714286,0.2935982142857143,18.672272727272727,149.0,53.0,240.0
Kermit Washington,517,4742.0,9.172147001934237,4330.0,8.375241779497099,710.0,1.3733075435203095,0.49091295938104446,0.0,0.5034758220502902,25.27466150870406,324.0,458.0,585.0
Keron DeShields,2,7.0,3.5,8.0,4.0,2.0,1.0,0.1875,0.0,0.25,,2.0,0.0,7.0
Kerry Kittles,608,7835.0,12.886513157894736,2181.0,3.5871710526315788,1413.0,2.3240131578947367,0.39617269736842103,0.3054391447368421,0.4845016447368421,32.76868327402135,899.0,248.0,673.0
Keshad Johnson,142,232.0,1.6338028169014085,122.0,0.8591549295774648,32.0,0.22535211267605634,0.16135211267605634,0.0632605633802817,0.08908450704225353,9.101639344262296,26.0,16.0,34.0
Keshawn Justice,2,0.0,0.0,0.0,0.0,0.0,0.0,0.0,0.0,0.0,,0.0,0.0,0.0
Keshon Gilbert,4,17.0,4.25,5.0,1.25,12.0,3.0,0.375,0.0,0.5,18.2675,3.0,4.0,8.0
Kessler Edwards,286,690.0,2.4125874125874125,428.0,1.4965034965034965,119.0,0.4160839160839161,0.1803286713286713,0.14224825174825176,0.10314685314685315,11.576633663366337,76.0,59.0,87.0
Kevin Anderson,1,3.0,3.0,1.0,1.0,0.0,0.0,0.333,0.0,0.5,5.0,0.0,0.0,0.0
Kevin Braswell,1,4.0,4.0,1.0,1.0,1.0,1.0,0.4,0.0,0.0,6.0,0.0,0.0,0.0
Kevin Brooks,128,422.0,3.296875,143.0,1.1171875,48.0,0.375,0.3485078125,0.063796875,0.203125,8.09375,18.0,6.0,69.0
Kevin Burleson,78,106.0,1.358974358974359,43.0,0.5512820512820513,72.0,0.9230769230769231,0.1242948717948718,0.09465384615384616,0.09935897435897435,10.481481481481481,34.0,2.0,45.0
Kevin Crescenzi,1,6.0,6.0,1.0,1.0,0.0,0.0,1.0,1.0,0.0,,0.0,0.0,1.0
Kevin Duckworth,755,8870.0,11.748344370860927,4338.0,5.7456953642384105,682.0,0.9033112582781457,0.44029801324503315,0.004635761589403974,0.5347894039735099,25.838881491344875,359.0,350.0,1392.0
Kevin Durant,1503,39324.0,26.198534310459692,10024.0,6.678214523650899,6276.0,4.181212524983344,0.4945069953364424,0.37840772818121254,0.8301812125249834,35.93978399272397,1518.0,1612.0,4550.0
Kevin Edwards,664,6660.0,10.03012048192771,1676.0,2.5240963855421685,1626.0,2.4487951807228914,0.3552981927710843,0.12090210843373493,0.48067168674698796,25.274509803921568,833.0,198.0,1152.0
Kevin Gamble,690,6425.0,9.31159420289855,1523.0,2.2072463768115944,1356.0,1.9652173913043478,0.42872318840579715,0.12509420289855072,0.40286231884057977,22.40735294117647,493.0,185.0,610.0
Kevin Garnett,1781,29438.0,16.528916339135318,16632.0,9.3385738349242,6079.0,3.4132509825940485,0.4724014598540146,0.07119483436271758,0.6013127456485121,33.559499702203695,2114.0,2276.0,3641.0
Kevin Grevey,742,8149.0,10.982479784366577,1740.0,2.3450134770889486,1347.0,1.8153638814016173,0.3951576819407008,0.052227762803234504,0.5365202156334232,22.737196765498652,227.0,65.0,374.0
Kevin Henderson,22,65.0,2.9545454545454546,24.0,1.0909090909090908,34.0,1.5454545454545454,0.2883636363636364,0.0,0.20072727272727275,10.681818181818182,9.0,0.0,21.0
Kevin Hervey,20,25.0,1.25,16.0,0.8,6.0,0.3,0.07915,0.05500000000000001,0.05,5.545454545454546,1.0,1.0,1.0
Kevin Huerter,640,6795.0,10.667189952904238,2061.0,3.2354788069073783,1723.0,2.704866562009419,0.3969591836734694,0.31853689167974886,0.2855211930926217,26.771814692982456,543.0,232.0,724.0
Kevin II,1,5.0,5.0,0.0,0.0,1.0,1.0,0.5,1.0,0.0,,1.0,0.0,1.0
Kevin Johnson,857,15153.0,17.68144690781797,2753.0,3.2123687281213535,7646.0,8.921820303383898,0.4784247374562427,0.10219369894982497,0.7619603267211202,34.364285714285714,1214.0,206.0,2612.0
Kevin Jones,71,102.0,1.4366197183098592,89.0,1.2535211267605635,11.0,0.15492957746478872,0.16332394366197184,0.0,0.05164788732394366,9.54054054054054,11.0,6.0,8.0
Kevin Jr.,1,16.0,16.0,2.0,2.0,1.0,1.0,0.778,0.5,1.0,,0.0,0.0,3.0
Kevin Knox II,489,2507.0,5.158436213991769,953.0,1.9609053497942386,249.0,0.5123456790123457,0.25594650205761316,0.19619753086419753,0.25379423868312756,16.71568115942029,125.0,88.0,280.0
Kevin Kruger,5,17.0,3.4,8.0,1.6,5.0,1.0,0.3466,0.4,0.2,12.2,1.0,0.0,2.0
Kevin Kunnert,577,4816.0,8.346620450606586,3995.0,6.923743500866551,762.0,1.3206239168110918,0.4054003466204506,0.0,0.3504003466204506,19.27729636048527,184.0,479.0,283.0
Kevin Lisch,2,29.0,14.5,10.0,5.0,10.0,5.0,0.48,0.25,1.0,,4.0,0.0,4.0
Kevin Loder,148,875.0,5.912162162162162,338.0,2.2837837837837838,173.0,1.1689189189189189,0.42388513513513515,0.037162162162162164,0.3228175675675676,14.14864864864865,55.0,42.0,90.0
Kevin Loughery,799,12110.0,15.156445556946183,1867.0,2.3366708385481854,2156.0,2.6983729662077596,0.30149812265331666,0.0,0.7186695869837296,18.612015018773466,0.0,0.0,0.0
Kevin Love,1384,17620.0,12.740419378163413,10935.0,7.906724511930586,2490.0,1.8004338394793926,0.34972668112798266,0.2556399132321041,0.5471344902386117,27.23251736111111,694.0,439.0,1924.0
Kevin Lyde,6,20.0,3.3333333333333335,15.0,2.5,0.0,0.0,0.4603333333333333,0.0,0.16666666666666666,8.333333333333334,0.0,3.0,3.0
Kevin Lynch,96,310.0,3.2291666666666665,120.0,1.25,109.0,1.1354166666666667,0.34377083333333336,0.03125,0.2450520833333333,11.9375,48.0,15.0,68.0
Kevin Martin,955,13641.0,14.283769633507854,2521.0,2.6397905759162303,1473.0,1.5424083769633508,0.3522020942408377,0.2830534031413613,0.6352041884816754,28.992518703241895,716.0,86.0,1328.0
Kevin McCullar Jr.,50,74.0,1.48,45.0,0.9,29.0,0.58,0.14722,0.07998,0.068,8.109642857142857,15.0,2.0,15.0
Kevin McHale,1143,20542.0,17.972003499562554,8388.0,7.338582677165355,1948.0,1.7042869641294838,0.5468862642169728,0.027631671041119858,0.696241469816273,31.38057742782152,367.0,1786.0,1972.0
Kevin McKenna,244,1320.0,5.409836065573771,318.0,1.3032786885245902,342.0,1.401639344262295,0.3432704918032787,0.14326229508196722,0.3546762295081967,14.188524590163935,178.0,24.0,196.0
Kevin Murphy,60,48.0,0.8,8.0,0.13333333333333333,5.0,0.08333333333333333,0.09695000000000001,0.06666666666666667,0.05,4.115384615384615,2.0,0.0,7.0
Kevin O'Shea,81,393.0,4.851851851851852,0.0,0.0,9.0,0.1111111111111111,0.01574074074074074,0.0,0.5831975308641975,0.691358024691358,0.0,0.0,0.0
Kevin Ollie,914,2698.0,2.9518599562363237,1083.0,1.1849015317286653,1612.0,1.763676148796499,0.2674420131291029,0.009846827133479213,0.3070601750547046,14.617606602475929,370.0,25.0,532.0
Kevin Palmer,1,0.0,0.0,1.0,1.0,0.0,0.0,0.0,0.0,0.0,4.0,0.0,0.0,1.0
Kevin Pangos,60,62.0,1.0333333333333334,15.0,0.25,44.0,0.7333333333333333,0.09668333333333333,0.05831666666666667,0.05,7.785714285714286,6.0,1.0,12.0
Kevin Pittsnogle,3,3.0,1.0,1.0,0.3333333333333333,0.0,0.0,0.16666666666666666,0.16666666666666666,0.0,3.6666666666666665,0.0,1.0,1.0
Kevin Porter,704,8129.0,11.546875,1241.0,1.7627840909090908,5427.0,7.708806818181818,0.44509659090909093,0.002840909090909091,0.5030511363636364,27.80965909090909,312.0,36.0,396.0
Kevin Porter Jr.,353,4706.0,13.331444759206798,1385.0,3.923512747875354,1614.0,4.572237960339943,0.4000878186968838,0.2820084985835694,0.5213682719546743,27.24468468468468,404.0,97.0,862.0
Kevin Pritchard,98,340.0,3.4693877551020407,90.0,0.9183673469387755,152.0,1.5510204081632653,0.3120918367346939,0.05612244897959184,0.32516326530612244,11.96808510638298,37.0,13.0,82.0
Kevin Restani,559,3428.0,6.132379248658318,2220.0,3.9713774597495526,749.0,1.3398926654740608,0.41304651162790695,0.012522361359570662,0.2193685152057245,18.152057245080503,189.0,113.0,161.0
Kevin Salvadori,77,42.0,0.5454545454545454,45.0,0.5844155844155844,13.0,0.16883116883116883,0.05194805194805195,0.0,0.07792207792207792,5.794871794871795,2.0,24.0,17.0
Kevin Seraphin,601,2784.0,4.632279534109817,1633.0,2.7171381031613975,271.0,0.4509151414309484,0.33781031613976703,0.0,0.1943394342762063,14.731759656652361,100.0,328.0,508.0
Kevin Stacom,373,1822.0,4.884718498659518,525.0,1.4075067024128687,547.0,1.4664879356568365,0.3545335120643432,0.0013404825737265416,0.2585174262734585,12.777479892761393,55.0,6.0,75.0
Kevin Thompson,14,13.0,0.9285714285714286,13.0,0.9285714285714286,3.0,0.21428571428571427,0.21428571428571427,0.0,0.03571428571428571,4.142857142857143,0.0,2.0,5.0
Kevin White,1,0.0,0.0,1.0,1.0,0.0,0.0,0.0,0.0,0.0,,0.0,0.0,0.0
Kevin Williams,281,1404.0,4.99644128113879,398.0,1.416370106761566,359.0,1.2775800711743772,0.38747686832740214,0.0071174377224199285,0.376423487544484,11.669039145907472,184.0,35.0,269.0
Kevin Willis,1640,18236.0,11.11951219512195,12538.0,7.6451219512195125,1389.0,0.8469512195121951,0.4208774390243903,0.021239634146341464,0.48620914634146345,26.55876559422193,1016.0,788.0,2649.0
Kevin Wohlrath,1,0.0,,0.0,,0.0,,,,,,0.0,0.0,0.0
Kevinn Pinkney,7,31.0,4.428571428571429,15.0,2.142857142857143,5.0,0.7142857142857143,0.302,0.07142857142857142,0.21428571428571427,16.166666666666668,3.0,3.0,4.0
Kevon Harris,71,207.0,2.9571428571428573,100.0,1.4285714285714286,25.0,0.35714285714285715,0.2385857142857143,0.12007142857142857,0.2207904761904762,12.467555555555554,23.0,8.0,30.0
Kevon Looney,899,3680.0,4.102564102564102,4268.0,4.758082497212932,1196.0,1.3333333333333333,0.4558706800445931,0.013935340022296544,0.23729877369007804,16.831989319092123,386.0,389.0,446.0
Keyon Dooling,890,5625.0,6.320224719101123,1052.0,1.1820224719101124,1735.0,1.949438202247191,0.35947303370786515,0.21860112359550563,0.40281460674157304,18.449328449328448,512.0,85.0,880.0
Keyontae Johnson,23,52.0,2.260869565217391,28.0,1.2173913043478262,10.0,0.43478260869565216,0.1891304347826087,0.11956521739130435,0.09782608695652174,10.071666666666665,6.0,1.0,7.0
Keyonte George,222,3535.0,15.923423423423424,689.0,3.1036036036036037,1091.0,4.914414414414415,0.3802882882882883,0.3115855855855856,0.6580720720720721,29.312918660287078,149.0,34.0,566.0
Khalid El-Amin,55,314.0,5.709090909090909,81.0,1.4727272727272727,145.0,2.6363636363636362,0.308,0.19396363636363634,0.24256363636363634,18.2,48.0,2.0,54.0
Khalid Reeves,319,2167.0,6.793103448275862,580.0,1.8181818181818181,886.0,2.7774294670846396,0.33398119122257053,0.2316050156739812,0.3519090909090909,20.794223826714802,234.0,32.0,446.0
Khalif Wyatt,4,17.0,4.25,1.0,0.25,4.0,1.0,0.43325,0.27075,0.375,11.75,2.0,0.0,3.0
Khaman Maluach,92,185.0,2.010869565217391,165.0,1.7934782608695652,10.0,0.10869565217391304,0.22116304347826088,0.042391304347826085,0.11594565217391305,9.510848484848486,9.0,35.0,33.0
Khem Birch,443,1591.0,3.5995475113122173,1448.0,3.276018099547511,315.0,0.7126696832579186,0.3382828054298643,0.02903393665158371,0.287079185520362,16.16060606060606,152.0,189.0,191.0
Khris Middleton,1031,15718.0,15.275024295432459,4615.0,4.484936831875608,3740.0,3.6345966958211857,0.42339067055393587,0.3425966958211856,0.6194645286686102,29.860218068535826,1068.0,186.0,2018.0
Khyri Thomas,109,179.0,1.6728971962616823,41.0,0.38317757009345793,37.0,0.34579439252336447,0.11877570093457944,0.09845794392523365,0.07209345794392524,9.222222222222221,21.0,11.0,15.0
Kiki Vandeweghe,880,17084.0,19.413636363636364,2976.0,3.381818181818182,1803.0,2.0488636363636363,0.49767500000000003,0.14709090909090908,0.7294511363636363,30.027272727272727,493.0,265.0,1396.0
Killian Hayes,277,2007.0,7.245487364620939,718.0,2.592057761732852,1248.0,4.505415162454874,0.3141552346570397,0.19527797833935018,0.3460505415162455,24.563399209486168,289.0,105.0,482.0
Killian Tillie,123,180.0,1.4634146341463414,87.0,0.7073170731707317,32.0,0.2601626016260163,0.12922764227642275,0.10500000000000001,0.054878048780487805,11.446428571428571,28.0,23.0,17.0
Kim Anderson,21,63.0,3.0,45.0,2.142857142857143,15.0,0.7142857142857143,0.26557142857142857,0.0,0.23919047619047618,10.666666666666666,4.0,5.0,22.0
Kim English,82,143.0,1.7439024390243902,52.0,0.6341463414634146,30.0,0.36585365853658536,0.15809756097560976,0.08048780487804878,0.1154390243902439,10.063829787234043,18.0,4.0,25.0
Kim Hughes,344,935.0,2.7180232558139537,1593.0,4.630813953488372,316.0,0.9186046511627907,0.3963575581395349,0.0,0.0839593023255814,16.3953488372093,215.0,295.0,183.0
Kimani Ffriend,6,12.0,2.0,21.0,3.5,1.0,0.16666666666666666,0.5,0.0,0.25,12.666666666666666,2.0,2.0,5.0
Kira Lewis Jr.,234,755.0,3.2264957264957266,197.0,0.8418803418803419,253.0,1.0811965811965811,0.2171752136752137,0.13244871794871793,0.1809102564102564,12.993661971830985,74.0,15.0,92.0
Kirk Haston,114,34.0,0.2982456140350877,28.0,0.24561403508771928,8.0,0.07017543859649122,0.07200000000000001,0.0,0.021929824561403508,4.310344827586207,1.0,6.0,10.0
Kirk Hinrich,1092,11032.0,10.102564102564102,2917.0,2.671245421245421,4777.0,4.374542124542124,0.3739368131868132,0.33415934065934066,0.42295970695970697,29.581213307240706,1117.0,277.0,1840.0
Kirk Penney,8,14.0,1.75,4.0,0.5,2.0,0.25,0.138875,0.104125,0.0,6.285714285714286,1.0,0.0,5.0
Kirk Snyder,301,1489.0,4.946843853820598,543.0,1.803986710963455,267.0,0.8870431893687708,0.30988039867109635,0.17624584717607972,0.2924019933554817,16.084745762711865,95.0,75.0,239.0
Kiwane Garris,66,72.0,1.0909090909090908,20.0,0.30303030303030304,30.0,0.45454545454545453,0.14254545454545453,0.06060606060606061,0.12753030303030302,7.419354838709677,7.0,1.0,16.0
Klay Thompson,1203,21321.0,17.75270607826811,3996.0,3.3272273105745214,2577.0,2.1457119067443795,0.4221240632805995,0.3800174854288093,0.5033272273105746,31.333324675324672,955.0,581.0,1858.0
Kleon Penn,7,0.0,0.0,1.0,0.14285714285714285,0.0,0.0,0.0,0.0,0.0,2.0,0.0,0.0,1.0
Kobe Brown,238,609.0,2.5588235294117645,376.0,1.5798319327731092,151.0,0.634453781512605,0.23797478991596638,0.13476470588235293,0.12381092436974789,11.254233128834356,54.0,27.0,88.0
Kobe Bryant,1749,40454.0,23.129788450543167,8429.0,4.819325328759291,7584.0,4.3361921097770155,0.41290737564322466,0.26014236706689536,0.7294745568896513,35.57960244648318,2370.0,800.0,4829.0
Kobe Bufkin,103,290.0,2.8155339805825244,98.0,0.9514563106796117,81.0,0.7864077669902912,0.1813009708737864,0.094,0.14094174757281552,11.892222222222221,17.0,15.0,46.0
Kobe Sanders,81,531.0,6.555555555555555,160.0,1.9753086419753085,117.0,1.4444444444444444,0.4048148148148148,0.30777777777777776,0.2654320987654321,19.476527777777775,51.0,10.0,85.0
Kobi Simmons,65,282.0,4.40625,71.0,1.109375,99.0,1.546875,0.3075625,0.12609375,0.231765625,15.81132075471698,30.0,9.0,64.0
Koby Brea,24,49.0,2.0416666666666665,9.0,0.375,15.0,0.625,0.1845,0.17958333333333334,0.041666666666666664,7.866428571428571,2.0,0.0,5.0
Kon Knueppel,89,1578.0,17.730337078651687,460.0,5.168539325842697,290.0,3.258426966292135,0.4662134831460674,0.398438202247191,0.7015393258426966,30.63640449438202,61.0,19.0,171.0
Korleone Young,8,13.0,1.625,4.0,0.5,1.0,0.125,0.1875,0.0625,0.125,4.666666666666667,0.0,0.0,1.0
Kornel David,131,549.0,4.190839694656488,306.0,2.33587786259542,63.0,0.48091603053435117,0.2968473282442748,0.0,0.34173282442748093,14.027522935779816,46.0,24.0,92.0
Kosta Koufos,911,4321.0,4.7535753575357536,3836.0,4.22002200220022,393.0,0.43234323432343236,0.41185918591859183,0.0022002200220022,0.20061496149614963,15.647741935483872,323.0,558.0,536.0
Kosta Perovic,24,12.0,0.5,14.0,0.5833333333333334,1.0,0.041666666666666664,0.063875,0.0,0.0625,6.125,1.0,4.0,1.0
Kostas Antetokounmpo,75,75.0,1.0135135135135136,60.0,0.8108108108108109,13.0,0.17567567567567569,0.1272162162162162,0.0045000000000000005,0.13063513513513514,6.235294117647059,9.0,17.0,21.0
Kostas Papanikolaou,117,316.0,2.700854700854701,186.0,1.5897435897435896,121.0,1.0341880341880343,0.18896581196581194,0.13516239316239317,0.12151282051282052,14.976470588235294,50.0,24.0,94.0
Kris Dunn,579,3937.0,6.823223570190641,1748.0,3.02946273830156,2031.0,3.5199306759098787,0.3916447140381283,0.26100346620450604,0.24646100519930675,23.17106941838649,797.0,200.0,817.0
Kris Humphries,1064,6003.0,5.6419172932330826,4739.0,4.453947368421052,610.0,0.5733082706766918,0.3470328947368421,0.028906015037593984,0.34489285714285717,17.084821428571427,375.0,507.0,788.0
Kris Joseph,38,74.0,1.9473684210526316,31.0,0.8157894736842105,6.0,0.15789473684210525,0.13052631578947368,0.04913157894736842,0.20392105263157895,8.26086956521739,6.0,3.0,13.0
Kris Lang,5,16.0,3.2,10.0,2.0,2.0,0.4,0.54,0.0,0.25,9.4,2.0,0.0,6.0
Kris Murray,260,1090.0,4.1923076923076925,666.0,2.5615384615384613,251.0,0.9653846153846154,0.29076153846153846,0.1628923076923077,0.17385,19.182647058823527,152.0,65.0,156.0
Kristaps Porzingis,686,11140.0,16.28654970760234,4399.0,6.431286549707602,1071.0,1.5657894736842106,0.3947183235867446,0.2932002923976608,0.6331710526315789,29.112895622895625,432.0,1012.0,948.0
Kristaps Porziņģis,1,7.0,7.0,2.0,2.0,0.0,0.0,0.333,0.667,0.5,,0.0,1.0,2.0
Kun Si,3,1.0,0.3333333333333333,2.0,0.6666666666666666,0.0,0.0,0.0,0.0,0.16666666666666666,,0.0,0.0,3.0
Kurk Lee,48,66.0,1.375,30.0,0.625,34.0,0.7083333333333334,0.17254166666666668,0.0625,0.22566666666666668,5.520833333333333,11.0,2.0,20.0
Kurt Looby,1,2.0,2.0,2.0,2.0,0.0,0.0,1.0,0.0,0.0,6.0,0.0,1.0,0.0
Kurt Nimphius,589,3672.0,6.234295415959253,2557.0,4.341256366723259,699.0,1.1867572156196944,0.4329252971137521,0.003395585738539898,0.37010186757215624,19.943972835314092,183.0,691.0,573.0
Kurt Rambis,1019,5322.0,5.222767419038273,5719.0,5.612365063788028,1048.0,1.028459273797841,0.4717350343473994,0.0,0.3776104023552503,18.491658488714425,781.0,487.0,1095.0
Kurt Thomas,1402,9781.0,6.976462196861626,8134.0,5.801711840228245,1316.0,0.9386590584878745,0.4102154065620542,0.006419400855920114,0.32572325249643364,23.40349483717236,801.0,920.0,1392.0
Kwame Brown,850,4428.0,5.209411764705882,3587.0,4.22,596.0,0.7011764705882353,0.35202352941176474,0.001176470588235294,0.3135964705882353,21.506849315068493,346.0,405.0,835.0
Ky Bowman,56,355.0,6.339285714285714,129.0,2.3035714285714284,139.0,2.482142857142857,0.32975000000000004,0.21060714285714285,0.264875,20.54901960784314,45.0,11.0,72.0
Kyle Adnam,2,9.0,4.5,5.0,2.5,2.0,1.0,0.5,0.5,0.25,,0.0,0.0,3.0
Kyle Alexander,12,2.0,0.16666666666666666,7.0,0.5833333333333334,0.0,0.0,0.08333333333333333,0.0,0.0,5.6,0.0,1.0,2.0
Kyle Anderson,999,5946.0,5.981891348088531,3696.0,3.7183098591549295,2419.0,2.4336016096579476,0.4010985915492958,0.16250704225352114,0.3346036217303823,20.449043348281016,860.0,536.0,883.0
Kyle Bailey,2,0.0,0.0,3.0,1.5,4.0,2.0,0.0,0.0,0.0,8.5,0.0,0.0,4.0
Kyle Bowen,1,6.0,6.0,5.0,5.0,1.0,1.0,1.0,0.0,0.0,15.37,0.0,0.0,1.0
Kyle Casey,3,0.0,0.0,0.0,0.0,0.0,0.0,0.0,0.0,0.0,5.0,0.0,0.0,0.0
Kyle Collinsworth,62,110.0,1.8333333333333333,125.0,2.0833333333333335,66.0,1.1,0.20181666666666667,0.05416666666666667,0.16945,13.58974358974359,21.0,10.0,33.0
Kyle Filipowski,162,1583.0,9.771604938271604,1015.0,6.265432098765432,346.0,2.1358024691358026,0.46071604938271604,0.28094444444444444,0.4542592592592593,21.837272727272726,125.0,64.0,234.0
Kyle Fogg,4,50.0,12.5,8.0,2.0,17.0,4.25,0.276,0.28225,0.59175,3.0,1.0,0.0,5.0
Kyle Guy,120,241.0,2.0083333333333333,68.0,0.5666666666666667,68.0,0.5666666666666667,0.14729166666666668,0.10881666666666666,0.12611666666666668,8.35483870967742,17.0,1.0,39.0
Kyle Hines,2,16.0,8.0,13.0,6.5,3.0,1.5,0.5125,0.0,0.5,24.0,0.0,4.0,4.0
Kyle Korver,1536,13948.0,9.086644951140066,4226.0,2.7530944625407168,2412.0,1.5713355048859934,0.4025055374592834,0.387085342019544,0.39698371335504884,24.441941015089164,933.0,484.0,1529.0
Kyle Kuzma,701,10836.0,15.524355300859598,3978.0,5.699140401146132,1730.0,2.4785100286532953,0.42924068767908313,0.29219627507163326,0.5191446991404012,29.547964338781572,373.0,326.0,1388.0
Kyle Lowry,1559,19177.0,12.332475884244372,5859.0,3.7678456591639873,8252.0,5.306752411575562,0.3704938906752412,0.2883369774919614,0.5909241157556271,30.09531125205544,1790.0,417.0,3129.0
Kyle Macy,595,5659.0,9.5109243697479,1326.0,2.2285714285714286,2372.0,3.9865546218487395,0.4806033613445378,0.18807563025210083,0.4651193277310924,26.057142857142857,678.0,52.0,768.0
Kyle Mangas,1,0.0,0.0,0.0,0.0,0.0,0.0,0.0,0.0,0.0,0.0,0.0,0.0,0.0
Kyle O'Quinn,673,2854.0,4.2533532041728765,2447.0,3.6467958271236958,737.0,1.098360655737705,0.35562593144560356,0.037630402384500744,0.22867064083457525,13.978764478764479,210.0,512.0,536.0
Kyle Singler,486,2592.0,5.366459627329193,1114.0,2.3064182194616976,296.0,0.6128364389233955,0.32130848861283645,0.24121532091097309,0.2807060041407867,21.121518987341773,230.0,118.0,319.0
Kyle Weaver,126,401.0,3.1825396825396823,176.0,1.3968253968253967,138.0,1.0952380952380953,0.2806825396825397,0.1443809523809524,0.21495238095238095,16.988505747126435,60.0,34.0,89.0
Kyle Wiltjer,55,78.0,1.4181818181818182,27.0,0.4909090909090909,5.0,0.09090909090909091,0.12636363636363637,0.13932727272727274,0.02727272727272727,6.043478260869565,4.0,3.0,9.0
Kylor Kelley,23,38.0,1.6521739130434783,39.0,1.6956521739130435,6.0,0.2608695652173913,0.2391304347826087,0.0,0.13043478260869565,10.781666666666666,1.0,3.0,5.0
Kyrie Irving,994,21445.0,21.661616161616163,3683.0,3.72020202020202,5091.0,5.142424242424243,0.43923333333333336,0.3548171717171717,0.7337717171717172,33.65984897518878,1212.0,411.0,2259.0
Kyrin Galloway,2,5.0,2.5,2.0,1.0,0.0,0.0,0.2,0.125,0.0,,1.0,0.0,0.0
Kyrylo Fesenko,255,474.0,1.8588235294117648,397.0,1.5568627450980392,68.0,0.26666666666666666,0.23644705882352943,0.0,0.12772941176470587,9.133720930232558,25.0,83.0,120.0
Kyshawn George,139,1391.0,10.007194244604317,567.0,4.079136690647482,409.0,2.9424460431654675,0.35593525179856117,0.29367625899280575,0.38902158273381293,26.632142857142856,123.0,102.0,232.0
L.J. Peak,4,2.0,0.5,0.0,0.0,0.0,0.0,0.25,0.0,0.0,3.0,0.0,0.0,0.0
LJ Cryer,26,173.0,6.653846153846154,36.0,1.3846153846153846,27.0,1.0384615384615385,0.30953846153846154,0.3128461538461539,0.20603846153846156,14.015416666666667,5.0,0.0,14.0
LJ Figueroa,2,0.0,0.0,0.0,0.0,0.0,0.0,0.0,0.0,0.0,3.0,1.0,0.0,1.0
LaDontae Henton,3,3.0,1.0,2.0,0.6666666666666666,1.0,0.3333333333333333,0.16666666666666666,0.16666666666666666,0.0,4.5,1.0,1.0,0.0
LaMarcus Aldridge,1306,23031.0,17.675364543361475,9761.0,7.491174213353799,2304.0,1.768227168073676,0.45035763622409825,0.0978541826554106,0.6637321565617805,32.86361247947455,859.0,1341.0,1850.0
LaMelo Ball,334,6704.0,20.07185628742515,1838.0,5.502994011976048,2365.0,7.080838323353293,0.40777245508982035,0.3427634730538922,0.6900059880239521,29.973333333333336,455.0,103.0,1048.0
LaPhonso Ellis,675,7611.0,11.275555555555556,4143.0,6.137777777777778,1007.0,1.4918518518518518,0.41059259259259256,0.12368148148148148,0.5004311111111112,28.0125,443.0,491.0,1025.0
LaSalle Thompson,1063,7984.0,7.510818438381938,6832.0,6.427093132643462,1169.0,1.0997177798682973,0.4242953904045155,0.0037629350893697085,0.4242859830667921,21.48371174728529,759.0,997.0,1654.0
LaVell Blanchard,1,3.0,3.0,3.0,3.0,0.0,0.0,0.2,0.0,0.5,4.0,0.0,0.0,1.0
Labradford Smith,183,1218.0,6.655737704918033,271.0,1.4808743169398908,394.0,2.1530054644808745,0.40487978142076503,0.0937103825136612,0.38044262295081965,17.10928961748634,142.0,15.0,216.0
Lachlan Anderson,1,0.0,0.0,0.0,0.0,0.0,0.0,0.0,0.0,0.0,,0.0,0.0,0.0
Lachlan Olbrich,55,101.0,1.8363636363636364,117.0,2.1272727272727274,43.0,0.7818181818181819,0.23150909090909091,0.02727272727272727,0.0803090909090909,8.620975609756098,14.0,8.0,16.0
Lafayette Lever,801,11046.0,13.790262172284644,4803.0,5.99625468164794,4988.0,6.227215980024969,0.4313682896379526,0.11955181023720349,0.5836267166042447,31.56803995006242,1756.0,218.0,1561.0
Lamar Green,366,1881.0,5.139344262295082,2313.0,6.319672131147541,270.0,0.7377049180327869,0.38287158469945354,0.0,0.2956065573770492,17.475409836065573,6.0,9.0,0.0
Lamar Odom,1160,14624.0,12.606896551724137,9311.0,8.026724137931035,3958.0,3.4120689655172414,0.4404146551724138,0.2533793103448276,0.5198663793103447,32.58670260557053,965.0,1025.0,2579.0
Lamar Patterson,84,160.0,1.9047619047619047,80.0,0.9523809523809523,63.0,0.75,0.14997619047619049,0.10872619047619046,0.17023809523809524,10.660377358490566,23.0,3.0,40.0
Lamar Peters,4,0.0,0.0,0.0,0.0,0.0,0.0,0.0,0.0,0.0,,0.0,0.0,0.0
Lamar Stevens,343,1327.0,3.868804664723032,707.0,2.061224489795918,151.0,0.4402332361516035,0.29162390670553934,0.1280874635568513,0.22375801749271135,14.385081967213114,110.0,84.0,144.0
Lamond Murray,869,8490.0,9.769850402761795,3136.0,3.6087456846950516,1002.0,1.1530494821634063,0.355482163406214,0.2500126582278481,0.44644188722669736,24.336375488917863,700.0,325.0,1243.0
Lamont Butler,2,18.0,9.0,6.0,3.0,5.0,2.5,0.1665,0.2145,0.4165,37.13,3.0,0.0,5.0
Lamont Strothers,13,60.0,4.615384615384615,15.0,1.1538461538461537,14.0,1.0769230769230769,0.3656153846153846,0.04484615384615384,0.2563076923076923,11.923076923076923,9.0,1.0,17.0
Lanard Copeland,37,94.0,2.5405405405405403,18.0,0.4864864864864865,14.0,0.3783783783783784,0.36464864864864865,0.02702702702702703,0.17567567567567569,4.513513513513513,3.0,1.0,24.0
Lancaster Gordon,201,1125.0,5.597014925373134,259.0,1.2885572139303483,294.0,1.462686567164179,0.3327761194029851,0.07412935323383085,0.3032437810945274,12.835820895522389,128.0,31.0,238.0
Lance Allred,13,3.0,0.23076923076923078,2.0,0.15384615384615385,0.0,0.0,0.025615384615384616,0.0,0.038461538461538464,3.0,0.0,1.0,1.0
Lance Blanks,143,291.0,2.034965034965035,111.0,0.7762237762237763,120.0,0.8391608391608392,0.3008461538461539,0.10023076923076923,0.11690209790209789,7.3776223776223775,42.0,8.0,64.0
Lance Goulbourne,6,6.0,1.0,4.0,0.6666666666666666,0.0,0.0,0.3333333333333333,0.0,0.0,3.1666666666666665,1.0,1.0,5.0
Lance Stephenson,751,5658.0,7.564171122994653,2712.0,3.625668449197861,1928.0,2.5775401069518717,0.35887165775401064,0.19424064171122996,0.31107620320855617,23.085626911314986,422.0,85.0,1075.0
Lance Thomas,528,2225.0,4.238095238095238,1153.0,2.196190476190476,297.0,0.5657142857142857,0.3132380952380952,0.14303238095238094,0.2904895238095238,17.67117117117117,176.0,65.0,311.0
Landers Nolley II,3,2.0,0.6666666666666666,0.0,0.0,0.0,0.0,0.111,0.0,0.0,4.0,0.0,0.0,0.0
Landry Fields,399,1945.0,4.87468671679198,1212.0,3.037593984962406,473.0,1.1854636591478698,0.3064235588972431,0.12224812030075188,0.24448872180451128,22.489795918367346,240.0,53.0,311.0
Landry Nnoko,3,0.0,0.0,1.0,0.3333333333333333,1.0,0.3333333333333333,0.0,0.0,0.0,2.0,0.0,0.0,0.0
Landry Shamet,595,4380.0,7.386172006745363,907.0,1.5295109612141653,793.0,1.3372681281618888,0.36402866779089377,0.32281112984822935,0.31396964586846543,20.1618961352657,267.0,77.0,362.0
Langston Galloway,588,3980.0,6.791808873720137,1209.0,2.0631399317406145,807.0,1.3771331058020477,0.31576279863481227,0.277759385665529,0.2978344709897611,21.02020202020202,326.0,75.0,288.0
Lanny Smith,1,0.0,0.0,0.0,0.0,0.0,0.0,0.0,0.0,0.0,3.0,0.0,0.0,0.0
Lari Ketner,39,34.0,0.8717948717948718,34.0,0.8717948717948718,2.0,0.05128205128205128,0.17051282051282052,0.0,0.10256410256410256,4.96,4.0,3.0,12.0
Laron Profit,218,476.0,2.18348623853211,237.0,1.0871559633027523,179.0,0.8211009174311926,0.2104954128440367,0.06834403669724771,0.11411009174311927,10.64864864864865,72.0,26.0,129.0
Larry Bird,1067,25758.0,24.14058106841612,10701.0,10.029053420805997,6784.0,6.358013120899719,0.48847516401124647,0.2439559512652296,0.8188847235238987,38.88940955951265,1709.0,841.0,2958.0
Larry Cannon,19,117.0,6.157894736842105,36.0,1.894736842105263,52.0,2.736842105263158,0.31826315789473686,0.0,0.3718947368421053,17.157894736842106,6.0,5.0,0.0
Larry Comley,12,25.0,2.0833333333333335,15.0,1.25,10.0,0.8333333333333334,0.11666666666666665,0.0,0.20025,3.25,0.0,0.0,0.0
Larry Costello,762,9235.0,12.119422572178477,1836.0,2.409448818897638,2074.0,2.7217847769028873,0.295261154855643,0.0,0.7649711286089239,8.39763779527559,0.0,0.0,0.0
Larry Demic,208,985.0,4.735576923076923,808.0,3.8846153846153846,104.0,0.5,0.3952019230769231,0.0,0.2793269230769231,15.1875,21.0,22.0,54.0
Larry Drew,744,8203.0,11.025537634408602,1281.0,1.721774193548387,3747.0,5.036290322580645,0.43548790322580644,0.08843682795698925,0.48269489247311825,25.076612903225808,733.0,40.0,1329.0
Larry Drew II,34,63.0,1.8529411764705883,19.0,0.5588235294117647,56.0,1.6470588235294117,0.17673529411764707,0.12744117647058825,0.04411764705882353,12.0,7.0,0.0,31.0
Larry Fogle,2,2.0,1.0,3.0,1.5,0.0,0.0,0.1,0.0,0.0,7.0,1.0,0.0,0.0
Larry Foust,842,11301.0,13.421615201900238,2385.0,2.832541567695962,173.0,0.20546318289786222,0.14619239904988124,0.0,0.7135712589073634,3.8847980997624703,0.0,0.0,0.0
Larry Friend,44,175.0,3.977272727272727,48.0,1.0909090909090908,11.0,0.25,0.09331818181818181,0.0,0.2409090909090909,3.0454545454545454,0.0,0.0,0.0
Larry Hennessy,78,337.0,4.32051282051282,61.0,0.782051282051282,53.0,0.6794871794871795,0.24921794871794872,0.0,0.3452948717948718,2.128205128205128,0.0,0.0,0.0
Larry Hughes,930,11195.0,12.03763440860215,3356.0,3.6086021505376342,2507.0,2.695698924731183,0.3410150537634409,0.1908268817204301,0.5099913978494623,29.990135635018497,1210.0,287.0,1715.0
Larry Johnson,827,12400.0,14.993954050785973,5659.0,6.842805320435309,2441.0,2.951632406287787,0.4469081015719468,0.18670133010882706,0.6038403869407497,35.88575096277278,576.0,271.0,1560.0
Larry Jones,100,871.0,8.71,222.0,2.22,234.0,2.34,0.32715000000000005,0.0,0.58683,17.68,7.0,1.0,0.0
Larry Jr.,2,19.0,9.5,7.0,3.5,2.0,1.0,0.5625,0.25,1.0,,2.0,0.0,3.0
Larry Kenon,535,9054.0,16.92336448598131,4215.0,7.878504672897196,1358.0,2.5383177570093456,0.45643177570093457,0.001869158878504673,0.5946373831775702,30.908411214953272,656.0,154.0,496.0
Larry Krystkowiak,446,3571.0,8.006726457399104,2160.0,4.84304932735426,543.0,1.2174887892376682,0.4150358744394619,0.008968609865470852,0.5153004484304933,21.87272727272727,274.0,65.0,546.0
Larry McNeill,309,2610.0,8.446601941747574,1464.0,4.737864077669903,222.0,0.7184466019417476,0.40153074433656955,0.0,0.5620291262135922,13.838187702265373,118.0,58.0,28.0
Larry Micheaux,104,376.0,3.6153846153846154,298.0,2.8653846153846154,52.0,0.5,0.4335480769230769,0.0,0.2184326923076923,9.798076923076923,41.0,39.0,63.0
Larry Mikan,51,158.0,3.0980392156862746,132.0,2.588235294117647,42.0,0.8235294117647058,0.23964705882352944,0.0,0.28311764705882353,10.235294117647058,0.0,0.0,0.0
Larry Moffett,20,16.0,0.8,21.0,1.05,7.0,0.35,0.14584999999999998,0.0,0.13335,5.5,2.0,2.0,1.0
Larry Nance,988,16757.0,16.960526315789473,7887.0,7.982793522267206,2553.0,2.584008097165992,0.5329423076923078,0.008097165991902834,0.6502145748987854,33.50404858299595,931.0,2171.0,1817.0
Larry Nance Jr.,756,4774.0,6.32317880794702,3811.0,5.047682119205298,1157.0,1.5324503311258277,0.4456476821192053,0.15624370860927153,0.2823443708609271,21.37936386768448,705.0,300.0,600.0
Larry Owens,26,57.0,2.1923076923076925,30.0,1.1538461538461537,12.0,0.46153846153846156,0.24811538461538463,0.17307692307692307,0.11153846153846153,10.090909090909092,9.0,6.0,7.0
Larry Robinson,101,400.0,3.9603960396039604,167.0,1.6534653465346534,82.0,0.8118811881188119,0.2638118811881188,0.1513069306930693,0.2174950495049505,13.280898876404494,56.0,4.0,66.0
Larry Sanders,334,1722.0,5.155688622754491,1532.0,4.586826347305389,192.0,0.5748502994011976,0.33952095808383237,0.0,0.2324251497005988,19.198501872659175,168.0,475.0,272.0
Larry Siegfried,629,6821.0,10.844197138314785,1495.0,2.3767885532591415,1775.0,2.821939586645469,0.31855643879173295,0.0,0.7049268680445151,17.993640699523052,0.0,0.0,0.0
Larry Smith,931,6088.0,6.539205155746509,8344.0,8.962406015037594,984.0,1.0569280343716434,0.4918893662728249,0.0,0.26459613319011815,25.288936627282492,725.0,477.0,1296.0
Larry Spriggs,200,1022.0,5.11,452.0,2.26,259.0,1.295,0.44671500000000003,0.0,0.372665,12.495,84.0,34.0,243.0
Larry Staverman,274,1275.0,4.653284671532846,806.0,2.9416058394160585,60.0,0.21897810218978103,0.2032883211678832,0.0,0.4210255474452555,2.81021897810219,0.0,0.0,0.0
Larry Steele,637,5196.0,8.156985871271585,1845.0,2.8963893249607535,1757.0,2.758241758241758,0.4550706436420722,0.0,0.48289952904238626,24.01883830455259,872.0,97.0,210.0
Larry Stewart,293,2018.0,6.887372013651877,1078.0,3.6791808873720138,340.0,1.1604095563139931,0.40151194539249146,0.02275085324232082,0.4196211604095563,19.66788321167883,149.0,107.0,348.0
Larry Sykes,1,0.0,0.0,2.0,2.0,0.0,0.0,0.0,0.0,0.0,2.0,0.0,0.0,1.0
Larry Turner,2,5.0,2.5,6.0,3.0,1.0,0.5,0.5,0.0,0.25,5.0,0.0,0.0,3.0
Larry Wright,392,3221.0,8.216836734693878,618.0,1.5765306122448979,1293.0,3.298469387755102,0.4161173469387755,0.00510204081632653,0.402329081632653,19.68622448979592,136.0,32.0,206.0
Lars Hansen,15,76.0,5.066666666666666,59.0,3.933333333333333,14.0,0.9333333333333333,0.40346666666666664,0.0,0.2926666666666667,13.666666666666666,1.0,0.0,5.0
Larue Martin,272,1430.0,5.257352941176471,1258.0,4.625,206.0,0.7573529411764706,0.36954411764705886,0.0,0.31370588235294117,13.948529411764707,47.0,98.0,0.0
Lat Mayen,2,16.0,8.0,9.0,4.5,1.0,0.5,0.3625,0.17149999999999999,0.0,,2.0,2.0,4.0
Latrell Sprewell,987,17970.0,18.206686930091184,4001.0,4.053698074974671,3884.0,3.93515704154002,0.4124913880445796,0.27542958459979733,0.6932877406281661,38.38650306748466,1373.0,423.0,2624.0
Lauri Markkanen,553,9799.0,17.78402903811252,3691.0,6.6987295825771325,790.0,1.4337568058076224,0.435010889292196,0.3412686025408348,0.6815934664246824,30.3348,376.0,256.0,733.0
Lautaro Lopez,1,0.0,,0.0,,0.0,,,,,,0.0,0.0,0.0
Lavor Postell,201,201.0,1.0,47.0,0.23383084577114427,13.0,0.06467661691542288,0.09452238805970149,0.02918905472636816,0.11427363184079603,6.838709677419355,12.0,2.0,36.0
Lavoy Allen,543,2118.0,3.9149722735674675,2106.0,3.8927911275415896,423.0,0.7818853974121996,0.3505914972273567,0.004929759704251386,0.18853974121996303,17.123318385650226,148.0,249.0,293.0
Lawrence Boston,13,56.0,4.3076923076923075,39.0,3.0,2.0,0.15384615384615385,0.3327692307692308,0.0,0.23076923076923078,9.615384615384615,1.0,0.0,0.0
Lawrence Funderburke,488,2076.0,4.254098360655738,1176.0,2.4098360655737703,185.0,0.3790983606557377,0.3315266393442623,0.004098360655737705,0.2647766393442623,13.686046511627907,100.0,102.0,230.0
Lawrence Hill,1,0.0,0.0,1.0,1.0,0.0,0.0,0.0,0.0,0.0,1.0,0.0,0.0,0.0
Lawrence Moten,135,747.0,5.533333333333333,181.0,1.3407407407407408,182.0,1.348148148148148,0.3288,0.17654074074074072,0.2851851851851852,14.974789915966387,77.0,32.0,126.0
Lawrence Roberts,131,384.0,2.931297709923664,374.0,2.854961832061069,46.0,0.3511450381679389,0.2649236641221374,0.0,0.307175572519084,13.425742574257425,57.0,21.0,56.0
Lawson Lovering,7,22.0,3.142857142857143,25.0,3.5714285714285716,4.0,0.5714285714285714,0.375,0.0,0.40471428571428575,14.321666666666667,4.0,1.0,2.0
Lazar Hayward,169,265.0,1.5680473372781065,118.0,0.6982248520710059,44.0,0.2603550295857988,0.13375147928994083,0.06754437869822484,0.14990532544378699,7.9,25.0,8.0,37.0
Lazaro Borrell,32,72.0,2.25,51.0,1.59375,11.0,0.34375,0.18584375,0.0,0.0578125,9.421052631578947,6.0,3.0,7.0
Lazeric Jones,7,35.0,5.0,9.0,1.2857142857142858,10.0,1.4285714285714286,0.4098571428571428,0.4524285714285714,0.39285714285714285,15.4,1.0,0.0,5.0
LeBron James,2112,53857.0,25.53674727358938,15299.0,7.254148885727833,14693.0,6.966808914177335,0.4876728307254623,0.2955675675675676,0.6915177809388336,36.93497707924034,3061.0,1522.0,7026.0
LeRon Ellis,92,277.0,3.010869565217391,220.0,2.391304347826087,29.0,0.31521739130434784,0.3604891304347826,0.0,0.25271739130434784,9.33695652173913,25.0,37.0,35.0
Leaky Black,71,175.0,2.464788732394366,123.0,1.732394366197183,46.0,0.647887323943662,0.21856338028169014,0.14356338028169013,0.11619718309859155,17.152439024390244,26.0,19.0,20.0
Leandrinho Barbosa,1,8.0,8.0,4.0,4.0,2.0,2.0,0.3,0.0,1.0,,0.0,0.0,2.0
Leandro Barbosa,1143,10651.0,9.318460192475941,2052.0,1.795275590551181,2057.0,1.799650043744532,0.3911959755030621,0.28090551181102363,0.4198390201224847,20.65179437439379,816.0,143.0,1256.0
Leandro Bolmaro,119,76.0,0.6386554621848739,55.0,0.46218487394957986,34.0,0.2857142857142857,0.08565546218487395,0.0448235294117647,0.06302521008403361,6.166666666666667,11.0,2.0,24.0
Leandro Cerminato,1,0.0,,0.0,,0.0,,,,,,0.0,0.0,0.0
Leandro Morales,3,2.0,0.6666666666666666,2.0,0.6666666666666666,0.0,0.0,0.3333333333333333,0.0,0.0,,0.0,0.0,3.0
Ledell Eackles,466,4783.0,10.263948497854077,979.0,2.1008583690987126,740.0,1.5879828326180256,0.39178755364806866,0.13965665236051503,0.5375536480686696,20.165532879818596,249.0,31.0,600.0
Lee Johnson,12,17.0,1.4166666666666667,22.0,1.8333333333333333,1.0,0.08333333333333333,0.21666666666666667,0.0,0.09725,7.5,0.0,5.0,3.0
Lee Knorek,47,345.0,7.340425531914893,0.0,0.0,3.0,0.06382978723404255,0.014191489361702128,0.0,0.47368085106382984,0.0,0.0,0.0,0.0
Lee Mayberry,504,2546.0,5.051587301587301,642.0,1.2738095238095237,1767.0,3.505952380952381,0.38730555555555557,0.2775198412698413,0.22220238095238093,20.695564516129032,352.0,43.0,592.0
Lee Nailon,416,2786.0,6.697115384615385,1006.0,2.418269230769231,314.0,0.7548076923076923,0.34100961538461544,0.002403846153846154,0.3287836538461538,18.374233128834355,145.0,53.0,337.0
Lee Shaffer,210,3553.0,16.919047619047618,732.0,3.4857142857142858,88.0,0.41904761904761906,0.2167,0.0,0.6554809523809524,5.819047619047619,0.0,0.0,0.0
Lee Winfield,411,2973.0,7.233576642335766,808.0,1.9659367396593674,980.0,2.3844282238442824,0.4138321167883212,0.0,0.3917469586374696,16.386861313868614,20.0,10.0,0.0
Len Chappell,614,5745.0,9.356677524429967,2381.0,3.8778501628664497,292.0,0.4755700325732899,0.320314332247557,0.0,0.4913957654723127,9.011400651465799,0.0,0.0,0.0
Len Elmore,516,2363.0,4.579457364341085,2164.0,4.1937984496124034,455.0,0.8817829457364341,0.3631589147286822,0.0,0.30134302325581397,16.374031007751938,259.0,318.0,258.0
Len Kosmalski,82,116.0,1.4146341463414633,154.0,1.8780487804878048,58.0,0.7073170731707317,0.237609756097561,0.0,0.17682926829268292,4.695121951219512,7.0,6.0,0.0
Lennie Rosenbluth,87,371.0,4.264367816091954,152.0,1.7471264367816093,27.0,0.3103448275862069,0.2803563218390805,0.0,0.31002298850574717,1.896551724137931,0.0,0.0,0.0
Lenny Wilkens,1151,18888.0,16.410078192875762,5146.0,4.470894874022589,6933.0,6.023457862728063,0.399,0.0,0.729464813205908,31.18071242397915,88.0,12.0,0.0
Leo Barnhorst,21,65.0,3.0952380952380953,7.0,0.3333333333333333,5.0,0.23809523809523808,0.09228571428571428,0.0,0.16666666666666666,2.619047619047619,0.0,0.0,0.0
Leo Gottlieb,23,123.0,5.3478260869565215,0.0,0.0,0.0,0.0,0.03569565217391304,0.0,0.06521739130434782,0.0,0.0,0.0,0.0
Leo Klier,54,326.0,6.037037037037037,0.0,0.0,10.0,0.18518518518518517,0.01725925925925926,0.0,0.5746111111111111,0.0,0.0,0.0,0.0
Leo Mogus,77,461.0,5.987012987012987,4.0,0.05194805194805195,20.0,0.2597402597402597,0.028363636363636365,0.0,0.49006493506493504,0.0,0.0,0.0,0.0
Leo Rautins,35,51.0,1.457142857142857,37.0,1.0571428571428572,33.0,0.9428571428571428,0.19174285714285716,0.02857142857142857,0.11428571428571428,6.085714285714285,10.0,2.0,20.0
Leon Benbow,117,633.0,5.410256410256411,215.0,1.8376068376068375,179.0,1.5299145299145298,0.3497777777777778,0.0,0.333974358974359,15.017094017094017,38.0,9.0,0.0
Leon Douglas,474,3642.0,7.6835443037974684,2990.0,6.30801687763713,481.0,1.0147679324894514,0.4393291139240506,0.0,0.41865189873417724,21.79113924050633,116.0,225.0,279.0
Leon Powe,383,1788.0,4.668407310704961,1090.0,2.845953002610966,89.0,0.23237597911227154,0.31773890339425587,0.0,0.38526109660574415,13.217687074829932,82.0,97.0,231.0
Leon Radosevic,1,5.0,5.0,8.0,8.0,1.0,1.0,0.286,0.0,0.5,,0.0,0.0,2.0
Leon Rodgers,3,8.0,2.6666666666666665,1.0,0.3333333333333333,0.0,0.0,0.5556666666666666,0.0,0.0,6.0,1.0,0.0,1.0
Leon Smith,38,33.0,0.868421052631579,33.0,0.868421052631579,3.0,0.07894736842105263,0.1021842105263158,0.0,0.08992105263157894,6.466666666666667,5.0,1.0,3.0
Leon Wood,284,1764.0,6.211267605633803,316.0,1.1126760563380282,867.0,3.0528169014084505,0.32817957746478876,0.22658802816901408,0.3857992957746479,16.02112676056338,128.0,4.0,279.0
Leonard Gray,241,2509.0,10.410788381742739,1223.0,5.074688796680498,511.0,2.120331950207469,0.44698340248962654,0.0,0.46103319502074686,26.402489626556015,69.0,43.0,0.0
Leonard Miller,211,522.0,2.4739336492890995,282.0,1.3364928909952607,60.0,0.2843601895734597,0.1901516587677725,0.08772985781990521,0.12046445497630331,10.25247311827957,30.0,24.0,59.0
Leonard Taylor,10,11.0,1.1,12.0,1.2,1.0,0.1,0.0,0.0,0.4,3.7,0.0,0.0,5.0
Leroy Chollet,42,93.0,2.2142857142857144,10.0,0.23809523809523808,13.0,0.30952380952380953,0.10616666666666666,0.0,0.3650952380952381,0.0,0.0,0.0,0.0
Leroy Combs,48,218.0,4.541666666666667,56.0,1.1666666666666667,38.0,0.7916666666666666,0.45025000000000004,0.0,0.34604166666666664,9.291666666666666,23.0,18.0,46.0
Leroy Ellis,1112,10633.0,9.56205035971223,8044.0,7.233812949640288,1192.0,1.0719424460431655,0.3609343525179856,0.0,0.5099496402877698,17.850719424460433,28.0,24.0,0.0
Leroy Hickerson,4,26.0,6.5,8.0,2.0,5.0,1.25,0.4305,0.125,0.04175,,1.0,0.0,6.0
Les Hunter,25,51.0,2.04,42.0,1.68,8.0,0.32,0.24852,0.0,0.14,2.28,0.0,0.0,0.0
Les Jepsen,52,53.0,1.0192307692307692,67.0,1.2884615384615385,2.0,0.038461538461538464,0.21796153846153846,0.0,0.10767307692307693,3.6923076923076925,2.0,8.0,6.0
Lester Conner,698,4366.0,6.255014326647564,1869.0,2.677650429799427,2676.0,3.833810888252149,0.40889684813753585,0.025310888252149,0.4477063037249284,21.520057306590257,1084.0,65.0,907.0
Lester Hudson,129,376.0,2.9147286821705425,106.0,0.8217054263565892,110.0,0.8527131782945736,0.18354263565891474,0.12567441860465117,0.14997674418604653,10.083333333333334,49.0,12.0,76.0
Lester Quinones,106,324.0,3.056603773584906,125.0,1.179245283018868,75.0,0.7075471698113207,0.21565094339622642,0.1530377358490566,0.17264150943396228,10.196119402985074,17.0,6.0,44.0
Levi Fontaine,37,139.0,3.7567567567567566,15.0,0.40540540540540543,22.0,0.5945945945945946,0.3504054054054054,0.0,0.24043243243243245,5.918918918918919,0.0,0.0,0.0
Levi Randolph,11,23.0,2.3,12.0,1.2,9.0,0.9,0.2817,0.1,0.35,9.714285714285714,2.0,1.0,2.0
Lew Hitch,411,2033.0,4.9464720194647205,486.0,1.1824817518248176,104.0,0.25304136253041365,0.1279440389294404,0.0,0.47626277372262776,2.236009732360097,0.0,0.0,0.0
Lewis Brown,2,2.0,1.0,2.0,1.0,0.0,0.0,0.0,0.0,0.2,2.5,0.0,0.0,0.0
Lewis Lloyd,413,5497.0,13.309927360774818,1287.0,3.116222760290557,1257.0,3.043583535108959,0.5084237288135594,0.025423728813559324,0.5287336561743341,24.62227602905569,387.0,147.0,877.0
Li Xiangbo,3,8.0,2.6666666666666665,4.0,1.3333333333333333,2.0,0.6666666666666666,0.16666666666666666,0.16666666666666666,0.8333333333333334,17.483333333333334,1.0,0.0,3.0
Li Xiaotong,3,1.0,0.3333333333333333,1.0,0.3333333333333333,0.0,0.0,0.0,0.0,0.16666666666666666,2.25,0.0,0.0,0.0
LiAngelo Ball,7,3.0,0.42857142857142855,1.0,0.14285714285714285,1.0,0.14285714285714285,0.14285714285714285,0.0,0.07142857142857142,4.0,0.0,0.0,0.0
Liam McNeeley,41,166.0,4.048780487804878,85.0,2.073170731707317,33.0,0.8048780487804879,0.34829268292682924,0.287780487804878,0.3699268292682927,12.45,10.0,3.0,19.0
Liam Robbins,32,25.0,0.78125,23.0,0.71875,8.0,0.25,0.10625,0.015625,0.0703125,5.9141176470588235,2.0,8.0,12.0
Lin Chang,1,0.0,,0.0,,0.0,,,,,,0.0,0.0,0.0
Linas Kleiza,552,4122.0,7.467391304347826,1697.0,3.074275362318841,379.0,0.6865942028985508,0.3362336956521739,0.20084057971014493,0.39306159420289855,19.397463002114165,186.0,82.0,458.0
Lindell Wigginton,65,180.0,2.769230769230769,48.0,0.7384615384615385,57.0,0.8769230769230769,0.18244615384615384,0.08947692307692308,0.1762,10.513513513513514,14.0,5.0,39.0
Lindsay Hairston,47,273.0,5.808510638297872,179.0,3.8085106382978724,21.0,0.44680851063829785,0.34225531914893614,0.0,0.30646808510638296,13.680851063829786,7.0,13.0,0.0
Lindsey Hunter,1285,8566.0,6.666147859922179,2240.0,1.7431906614785992,2731.0,2.1252918287937743,0.2882350194552529,0.2285704280155642,0.26726303501945525,22.7486388384755,1242.0,185.0,1281.0
Lindy III,2,33.0,16.5,9.0,4.5,7.0,3.5,0.45799999999999996,0.5,1.0,,3.0,0.0,2.0
Lindy Waters III,343,1051.0,3.064139941690962,388.0,1.131195335276968,167.0,0.4868804664723032,0.22480174927113702,0.20087463556851315,0.06657142857142857,11.263508771929825,81.0,41.0,64.0
Linton Johnson,246,684.0,2.7804878048780486,588.0,2.3902439024390243,85.0,0.34552845528455284,0.24571544715447155,0.08502439024390245,0.1402439024390244,13.435028248587571,96.0,73.0,125.0
Linton Townes,68,298.0,4.382352941176471,73.0,1.0735294117647058,37.0,0.5441176470588235,0.38169117647058826,0.09313235294117647,0.2610294117647059,8.955882352941176,20.0,7.0,37.0
Lionel Chalmers,86,156.0,1.813953488372093,45.0,0.5232558139534884,67.0,0.7790697674418605,0.14197674418604653,0.0872093023255814,0.13482558139534884,10.863636363636363,18.0,0.0,32.0
Lionel Hollins,751,8730.0,11.624500665778962,1808.0,2.40745672436751,3359.0,4.472703062583222,0.4200093209054594,0.010207723035952064,0.5382090545938748,27.66045272969374,961.0,192.0,1140.0
Lionel Malamed,4,9.0,2.25,0.0,0.0,0.0,0.0,0.0,0.0,0.75,0.0,0.0,0.0,0.0
Lionel Simmons,458,5871.0,12.818777292576419,2845.0,6.211790393013101,1506.0,3.2882096069868996,0.39627729257641925,0.04997598253275109,0.5696310043668122,29.541484716157207,520.0,363.0,988.0
Liran Merkado,2,2.0,2.0,0.0,0.0,0.0,0.0,0.5,0.0,0.0,,0.0,0.0,0.0
Liraz Ariely,4,0.0,0.0,0.0,0.0,0.0,0.0,0.0,0.0,0.0,,0.0,0.0,0.0
Lisandro Fernandez,1,0.0,,0.0,,0.0,,,,,,0.0,0.0,0.0
Litterial Green,180,423.0,2.35,75.0,0.4166666666666667,182.0,1.011111111111111,0.2570555555555556,0.011111111111111112,0.22882777777777777,7.743243243243243,49.0,6.0,78.0
Liu Yancheng,2,17.0,8.5,3.0,1.5,0.0,0.0,0.65,0.5665,0.0,22.409999999999997,0.0,0.0,2.0
Liu Yanthenz,1,5.0,5.0,3.0,3.0,1.0,1.0,0.4,0.5,0.0,19.27,0.0,0.0,0.0
Livio Jean-Charles,6,6.0,1.0,12.0,2.0,4.0,0.6666666666666666,0.3333333333333333,0.0,0.0,8.2,2.0,1.0,2.0
Lloyd Daniels,223,1461.0,6.551569506726457,464.0,2.0807174887892375,317.0,1.4215246636771302,0.34382062780269057,0.2352017937219731,0.2600269058295964,17.33490566037736,105.0,62.0,218.0
Lloyd Dove,59,180.0,3.0508474576271185,82.0,1.3898305084745763,15.0,0.2542372881355932,0.241,0.0,0.21759322033898307,4.1525423728813555,0.0,0.0,0.0
Lloyd Neal,458,4965.0,10.84061135371179,3451.0,7.534934497816594,652.0,1.4235807860262009,0.46138209606986896,0.0,0.48878820960698693,24.580786026200872,181.0,327.0,108.0
Lloyd Walton,359,1495.0,4.164345403899722,384.0,1.0696378830083566,1293.0,3.6016713091922004,0.39249025069637883,0.002785515320334262,0.2774791086350975,15.540389972144848,263.0,33.0,267.0
Lochlan Cummings,1,0.0,,0.0,,0.0,,,,,,0.0,0.0,0.0
Log Vander Velden,15,9.0,0.6,6.0,0.4,1.0,0.06666666666666667,0.1,0.0,0.1,2.066666666666667,0.0,0.0,0.0
London Perrantes,35,14.0,0.4,5.0,0.14285714285714285,16.0,0.45714285714285713,0.06837142857142857,0.02857142857142857,0.08094285714285715,4.857142857142857,4.0,1.0,7.0
Longar Longar,1,0.0,0.0,0.0,0.0,0.0,0.0,0.0,0.0,0.0,2.0,0.0,0.0,0.0
Lonnie IV,1,12.0,12.0,1.0,1.0,2.0,2.0,0.833,0.667,0.0,,1.0,0.0,0.0
Lonnie Shelton,725,8671.0,11.96,4551.0,6.277241379310345,1558.0,2.1489655172413795,0.4841213793103448,0.003217931034482759,0.49454482758620694,27.80551724137931,537.0,406.0,1130.0
Lonnie Walker IV,457,3774.0,8.294505494505495,857.0,1.8835164835164835,588.0,1.2923076923076924,0.32494065934065935,0.24955824175824176,0.3241538461538462,19.52853092783505,211.0,104.0,335.0
Lonny Baxter,244,661.0,2.709016393442623,503.0,2.0614754098360657,43.0,0.1762295081967213,0.27085245901639343,0.004098360655737705,0.21097540983606558,11.029411764705882,41.0,60.0,117.0
Lonzo Ball,391,3626.0,9.345360824742269,1796.0,4.628865979381444,1919.0,4.945876288659794,0.3388737113402062,0.30209020618556703,0.2211340206185567,29.255872093023257,510.0,206.0,772.0
Loren Meyer,200,645.0,3.225,486.0,2.43,78.0,0.39,0.26414000000000004,0.026665,0.207545,14.090909090909092,31.0,52.0,136.0
Loren Woods,415,610.0,1.4698795180722892,743.0,1.7903614457831325,84.0,0.20240963855421687,0.17049638554216867,0.0024096385542168677,0.1355012048192771,10.594017094017094,64.0,138.0,160.0
Lorenzen Wright,944,6384.0,6.762711864406779,5093.0,5.3951271186440675,653.0,0.6917372881355932,0.3728813559322034,0.00211864406779661,0.3320360169491525,23.077395577395578,491.0,584.0,914.0
Lorenzo Brown,205,372.0,1.832512315270936,185.0,0.9113300492610837,219.0,1.0788177339901477,0.16139901477832513,0.054674876847290645,0.10139901477832512,11.08,71.0,17.0,93.0
Lorenzo Charles,39,129.0,3.3076923076923075,41.0,1.0512820512820513,10.0,0.2564102564102564,0.4077692307692308,0.0,0.28489743589743594,7.358974358974359,2.0,6.0,17.0
Lorenzo Romar,304,1756.0,5.776315789473684,387.0,1.2730263157894737,1037.0,3.411184210526316,0.4219934210526316,0.047697368421052634,0.332203947368421,17.286184210526315,241.0,28.0,353.0
Lorenzo Williams,298,759.0,2.546979865771812,1604.0,5.382550335570469,247.0,0.8288590604026845,0.3412080536912752,0.0,0.10149328859060402,21.58984375,134.0,350.0,236.0
Lou Amundson,667,1802.0,2.705705705705706,1806.0,2.7117117117117115,214.0,0.3213213213213213,0.2840450450450451,0.0,0.1637087087087087,12.282306163021868,183.0,355.0,353.0
Lou Dampier,247,1618.0,6.550607287449393,278.0,1.125506072874494,673.0,2.7246963562753037,0.450085020242915,0.0,0.30368825910931174,18.927125506072876,180.0,41.0,60.0
Lou Hudson,955,19299.0,20.208376963350787,4038.0,4.2282722513089,2443.0,2.5581151832460733,0.4497455497382199,0.0,0.6929884816753926,29.95916230366492,266.0,57.0,238.0
Lou Roe,106,130.0,1.2264150943396226,94.0,0.8867924528301887,21.0,0.19811320754716982,0.13292452830188678,0.03616037735849057,0.13443396226415094,7.044117647058823,14.0,9.0,28.0
Lou Tsioropoulos,169,975.0,5.769230769230769,453.0,2.6804733727810652,74.0,0.4378698224852071,0.17136686390532543,0.0,0.4809822485207101,8.875739644970414,0.0,0.0,0.0
Lou Williams,1412,17621.0,12.506032647267565,2871.0,2.037615330021292,4258.0,3.0220014194464158,0.37033144073811214,0.2700794889992903,0.623486160397445,23.37955073586367,1097.0,209.0,2162.0
Louie Nelson,223,2113.0,9.475336322869955,522.0,2.3408071748878925,425.0,1.905829596412556,0.413932735426009,0.0,0.5357174887892376,17.282511210762333,66.0,8.0,25.0
Louis King,62,146.0,2.3548387096774195,47.0,0.7580645161290323,26.0,0.41935483870967744,0.16001612903225806,0.12325806451612904,0.12903225806451613,9.580645161290322,15.0,4.0,10.0
Louis Orr,591,5689.0,9.62605752961083,2200.0,3.7225042301184432,866.0,1.4653130287648055,0.44530118443316413,0.005076142131979695,0.564585448392555,23.230118443316414,383.0,141.0,614.0
Lowes Moore,112,752.0,6.714285714285714,228.0,2.0357142857142856,303.0,2.705357142857143,0.4273214285714286,0.056544642857142856,0.4090625,18.910714285714285,39.0,8.0,82.0
Loy Petersen,69,199.0,2.8840579710144927,55.0,0.7971014492753623,37.0,0.5362318840579711,0.23604347826086955,0.0,0.26623188405797105,4.550724637681159,0.0,0.0,0.0
Loy Vaught,796,7066.0,8.876884422110553,4945.0,6.2123115577889445,658.0,0.8266331658291457,0.39561432160804016,0.022821608040201006,0.3239597989949749,24.259943181818183,522.0,232.0,833.0
Lu Wei,1,4.0,4.0,2.0,2.0,0.0,0.0,0.4,0.0,0.0,,0.0,0.0,1.0
Luc Longley,715,4667.0,6.527272727272727,3167.0,4.429370629370629,972.0,1.3594405594405594,0.407779020979021,0.0,0.39846293706293706,21.067278287461775,324.0,622.0,1087.0
Luc Mbah a Moute,854,4823.0,5.6541617819460726,3084.0,3.615474794841735,645.0,0.7561547479484173,0.3791113716295428,0.12367878077373974,0.34042203985932007,22.780839895013123,677.0,281.0,724.0
Luc Moute,3,17.0,8.5,5.0,2.5,2.0,1.0,0.5165,0.3335,0.375,,4.0,0.0,2.0
Luca Vildoza,16,13.0,0.8125,5.0,0.3125,8.0,0.5,0.1011875,0.045812500000000006,0.0625,4.3,4.0,2.0,2.0
Lucas Batista,1,0.0,0.0,0.0,0.0,0.0,0.0,0.0,0.0,0.0,,0.0,0.0,0.0
Lucas Cipolini,1,7.0,7.0,7.0,7.0,0.0,0.0,0.429,0.5,0.0,,1.0,0.0,5.0
Lucas Dias,1,6.0,6.0,4.0,4.0,4.0,4.0,0.222,0.143,1.0,,1.0,1.0,2.0
Lucas Hausman,2,10.0,5.0,2.0,1.0,2.0,1.0,0.2,0.25,0.5,,1.0,0.0,1.0
Lucas Nogueira,291,499.0,1.7147766323024054,438.0,1.5051546391752577,84.0,0.28865979381443296,0.23759450171821306,0.03608247422680412,0.12129896907216496,11.301204819277109,95.0,162.0,86.0
Lucas Tischer,3,4.0,1.3333333333333333,1.0,0.3333333333333333,0.0,0.0,0.3333333333333333,0.0,0.3333333333333333,2.6666666666666665,1.0,0.0,2.0
Lucas Williamson,9,78.0,8.666666666666666,41.0,4.555555555555555,19.0,2.111111111111111,0.32499999999999996,0.24955555555555556,0.6666666666666666,29.78,12.0,1.0,12.0
Lucian Whitaker,3,2.0,0.6666666666666666,1.0,0.3333333333333333,1.0,0.3333333333333333,0.06666666666666667,0.0,0.0,4.333333333333333,0.0,0.0,0.0
Luciano Gonzalez,1,14.0,14.0,3.0,3.0,0.0,0.0,0.5,0.667,1.0,,1.0,0.0,4.0
Luciano Parodi,1,8.0,8.0,5.0,5.0,4.0,4.0,0.333,0.333,0.0,,0.0,0.0,2.0
Lucious Harris,916,6186.0,6.753275109170306,2005.0,2.188864628820961,1196.0,1.3056768558951966,0.3714661572052401,0.19610698689956332,0.38932532751091703,19.238317757009344,587.0,87.0,640.0
Lucious Jackson,579,5724.0,9.8860103626943,5075.0,8.765112262521589,889.0,1.535405872193437,0.3803644214162349,0.0,0.5834818652849741,18.055267702936096,0.0,0.0,0.0
Lucius Allen,745,9913.0,13.306040268456377,2269.0,3.0456375838926175,3216.0,4.3167785234899325,0.43546040268456376,0.0,0.5813060402684563,27.476510067114095,327.0,83.0,86.0
Luguentz Dort,535,5754.0,10.775280898876405,1924.0,3.602996254681648,774.0,1.449438202247191,0.3840580524344569,0.32956179775280897,0.43341198501872663,27.99276581865623,481.0,204.0,544.0
Luis Chupeta,3,0.0,0.0,0.0,0.0,0.0,0.0,0.0,0.0,0.0,,0.0,0.0,0.0
Luis Flores,40,55.0,1.375,8.0,0.2,20.0,0.5,0.15625,0.075,0.0875,5.391304347826087,3.0,0.0,18.0
Luis Grillo,1,0.0,0.0,0.0,0.0,0.0,0.0,0.0,0.0,0.0,19.0,0.0,0.0,0.0
Luis Montero,63,36.0,0.5714285714285714,10.0,0.15873015873015872,6.0,0.09523809523809523,0.13333333333333333,0.07274603174603175,0.031746031746031744,3.0,3.0,3.0,14.0
Luis Scola,891,9815.0,11.015712682379348,5464.0,6.132435465768799,1333.0,1.4960718294051627,0.4423131313131313,0.05401907968574635,0.4932682379349046,24.552009456264777,533.0,248.0,1267.0
Luka Doncic,618,17138.0,27.776337115072934,5012.0,8.123176661264182,4784.0,7.753646677471637,0.44576175040518645,0.32558995137763375,0.7054230145867099,34.41309764309764,765.0,269.0,2332.0
Luka Dončić,2,25.0,12.5,6.0,3.0,3.0,1.5,0.607,0.675,0.25,,0.0,3.0,5.0
Luka Garza,370,1459.0,3.943243243243243,641.0,1.7324324324324325,140.0,0.3783783783783784,0.3068540540540541,0.15392702702702704,0.23853783783783783,10.25340486409156,57.0,51.0,111.0
Luka Samanic,183,437.0,2.387978142076503,240.0,1.3114754098360655,61.0,0.3333333333333333,0.18899453551912568,0.10204918032786886,0.14704371584699452,9.679611650485437,24.0,21.0,66.0
Luka Zoric,2,15.0,7.5,8.0,4.0,1.0,0.5,0.5835,0.0,0.375,17.0,2.0,0.0,3.0
Lukasz Obrzut,2,2.0,1.0,1.0,0.5,0.0,0.0,0.25,0.0,0.0,5.0,0.0,0.0,2.0
Luke Babbitt,605,2021.0,3.340495867768595,931.0,1.5388429752066115,249.0,0.4115702479338843,0.23862314049586775,0.22442809917355372,0.10124297520661157,13.60722891566265,101.0,61.0,191.0
Luke Hancock,3,2.0,0.6666666666666666,0.0,0.0,1.0,0.3333333333333333,0.3333333333333333,0.0,0.0,9.0,3.0,0.0,0.0
Luke Harangody,131,308.0,2.351145038167939,232.0,1.7709923664122138,38.0,0.2900763358778626,0.22593129770992368,0.10177099236641222,0.10369465648854961,11.841463414634147,24.0,21.0,27.0
Luke Jackson,139,346.0,2.4892086330935252,136.0,0.9784172661870504,82.0,0.5899280575539568,0.18182733812949642,0.1286115107913669,0.1994028776978417,10.142857142857142,37.0,7.0,70.0
Luke Kennard,666,5752.0,8.662650602409638,1663.0,2.5045180722891565,1321.0,1.9894578313253013,0.41026857429718877,0.3719482931726908,0.32190210843373496,22.468045977011496,335.0,70.0,564.0
Luke Kornet,678,2659.0,3.9392592592592592,1926.0,2.8533333333333335,572.0,0.8474074074074074,0.36745185185185186,0.0629925925925926,0.2262948148148148,14.713151041666666,181.0,408.0,203.0
Luke Martinez,3,3.0,3.0,3.0,3.0,3.0,3.0,0.167,0.25,0.0,,2.0,0.0,1.0
Luke Maye,4,7.0,1.75,4.0,1.0,2.0,0.5,0.16675,0.125,0.25,5.333333333333333,2.0,0.0,0.0
Luke Nevill,6,13.0,2.1666666666666665,10.0,1.6666666666666667,1.0,0.16666666666666666,0.5,0.0,0.08333333333333333,7.5,2.0,2.0,1.0
Luke Petrasek,5,0.0,0.0,0.0,0.0,0.0,0.0,0.0,0.0,0.0,,0.0,0.0,0.0
Luke Rackley,232,1345.0,5.797413793103448,1000.0,4.310344827586207,130.0,0.5603448275862069,0.37336206896551727,0.0,0.38892241379310344,12.823275862068966,0.0,0.0,0.0
Luke Ridnour,998,8435.0,8.451903807615231,2063.0,2.067134268537074,4071.0,4.079158316633267,0.37482765531062123,0.24921943887775552,0.46320941883767536,25.23194748358862,909.0,186.0,1487.0
Luke Schenscher,51,68.0,1.3333333333333333,67.0,1.3137254901960784,8.0,0.1568627450980392,0.23854901960784314,0.0,0.08333333333333333,7.868421052631579,3.0,7.0,12.0
Luke Travers,52,72.0,1.3846153846153846,67.0,1.2884615384615385,27.0,0.5192307692307693,0.1483076923076923,0.032038461538461536,0.12884615384615386,8.54,12.0,6.0,20.0
Luke Walton,860,3190.0,3.7093023255813953,1854.0,2.155813953488372,1548.0,1.8,0.2851639534883721,0.14024883720930234,0.1796953488372093,16.378497790868924,379.0,118.0,728.0
Luke Witte,125,388.0,3.104,345.0,2.76,61.0,0.488,0.274536,0.0,0.228496,6.888,9.0,26.0,0.0
Luke Zeller,59,37.0,0.6271186440677966,18.0,0.3050847457627119,8.0,0.13559322033898305,0.06945762711864406,0.0423728813559322,0.01694915254237288,5.809523809523809,0.0,0.0,2.0
Luo Hanchen,2,15.0,7.5,4.0,2.0,2.0,1.0,0.394,0.5,0.0,,0.0,0.0,8.0
Luo Xudong,3,5.0,2.5,1.0,0.5,3.0,1.5,0.25,0.0,0.375,,5.0,0.0,3.0
Luo Zhi,2,2.0,1.0,2.0,1.0,0.0,0.0,0.25,0.0,0.0,,1.0,0.0,3.0
Luol Deng,1175,15252.0,13.013651877133105,6232.0,5.3174061433447095,2307.0,1.9684300341296928,0.3945563139931741,0.19554436860068258,0.5530725255972696,33.29661891117478,1020.0,507.0,1666.0
Luther Burden,63,349.0,5.5396825396825395,66.0,1.0476190476190477,63.0,1.0,0.37006349206349204,0.0,0.28095238095238095,9.88888888888889,15.0,1.0,0.0
Luther Green,5,3.0,0.6,3.0,0.6,0.0,0.0,0.0,0.0,0.2166,6.4,0.0,0.0,0.0
Luther Head,472,3126.0,6.622881355932203,927.0,1.9639830508474576,833.0,1.7648305084745763,0.323718220338983,0.2643072033898305,0.28220974576271185,21.685567010309278,281.0,51.0,488.0
Luther Wright,15,19.0,1.2666666666666666,10.0,0.6666666666666666,0.0,0.0,0.27213333333333334,0.0,0.1,6.133333333333334,1.0,2.0,6.0
Lynbert Johnson,9,27.0,3.0,14.0,1.5555555555555556,2.0,0.2222222222222222,0.3546666666666667,0.0,0.16666666666666666,5.888888888888889,1.0,0.0,4.0
Lynn Greer,58,198.0,3.413793103448276,32.0,0.5517241379310345,62.0,1.0689655172413792,0.23739655172413793,0.17701724137931032,0.20689655172413793,11.125,20.0,1.0,25.0
M.L. Carr,672,6211.0,9.242559523809524,2696.0,4.011904761904762,1164.0,1.7321428571428572,0.40798660714285717,0.041419642857142856,0.4702872023809524,22.391369047619047,469.0,144.0,462.0
MJ Walker,8,0.0,0.0,1.0,0.125,1.0,0.125,0.0,0.0,0.0,3.5,2.0,0.0,0.0
MaCio Teague,4,14.0,3.5,3.0,0.75,4.0,1.0,0.3395,0.0,0.0,9.25,2.0,0.0,0.0
Maalik Wayns,74,194.0,2.6216216216216215,34.0,0.4594594594594595,80.0,1.0810810810810811,0.17604054054054055,0.08918918918918918,0.22522972972972974,9.755555555555556,12.0,0.0,44.0
Mac Koshwal,3,7.0,2.3333333333333335,8.0,2.6666666666666665,0.0,0.0,0.3333333333333333,0.0,0.16666666666666666,8.666666666666666,2.0,0.0,3.0
Mac McClung,55,137.0,2.4909090909090907,34.0,0.6181818181818182,32.0,0.5818181818181818,0.19674545454545453,0.09694545454545454,0.19934545454545455,10.271199999999999,18.0,8.0,18.0
Mac Otten,5,30.0,6.0,0.0,0.0,0.0,0.0,0.0,0.0,0.6664,0.0,0.0,0.0,0.0
Maceo Baston,225,344.0,1.528888888888889,207.0,0.92,31.0,0.13777777777777778,0.20192888888888888,0.011111111111111112,0.13693333333333332,7.4471544715447155,29.0,50.0,67.0
Maciej Lampe,159,297.0,1.8679245283018868,187.0,1.1761006289308176,30.0,0.18867924528301888,0.14447169811320754,0.012578616352201259,0.09407547169811321,10.0,12.0,16.0,41.0
Mack Calvin,239,1679.0,7.02510460251046,291.0,1.217573221757322,579.0,2.422594142259414,0.36658577405857745,0.008368200836820083,0.636,14.95397489539749,121.0,9.0,169.0
Magic Johnson,1101,21469.0,19.49954586739328,8049.0,7.310626702997276,12555.0,11.403269754768392,0.5139464123524069,0.12688283378746595,0.8084150772025432,37.19073569482289,1960.0,420.0,4020.0
Magnum Rolle,7,13.0,1.8571428571428572,12.0,1.7142857142857142,3.0,0.42857142857142855,0.32142857142857145,0.0,0.21428571428571427,7.0,3.0,2.0,3.0
Mahmoud Abdul-Rauf,662,8748.0,13.214501510574019,1110.0,1.6767371601208458,2114.0,3.193353474320242,0.3798202416918429,0.208,0.521892749244713,26.57737104825291,494.0,47.0,985.0
Maique Tavares,1,7.0,7.0,3.0,3.0,1.0,1.0,0.5,0.0,0.75,,1.0,0.0,4.0
Majok Deng,1,7.0,7.0,4.0,4.0,0.0,0.0,0.2,0.5,1.0,,0.0,1.0,0.0
Majok Majok,2,2.0,1.0,3.0,1.5,0.0,0.0,0.0,0.0,0.5,,0.0,0.0,1.0
Major Jones,391,1693.0,4.329923273657289,1327.0,3.39386189258312,223.0,0.5703324808184144,0.3935882352941176,0.0025575447570332483,0.27553196930946294,13.061381074168798,101.0,137.0,235.0
Makhtar N'diaye,23,5.0,0.21739130434782608,5.0,0.21739130434782608,1.0,0.043478260869565216,0.021739130434782608,0.0,0.06521739130434782,6.25,0.0,1.0,1.0
Makur Maker,4,4.0,1.0,3.0,0.75,1.0,0.25,0.0625,0.0,0.25,,1.0,0.0,0.0
Mal Graham,77,332.0,4.311688311688312,111.0,1.4415584415584415,64.0,0.8311688311688312,0.27051948051948055,0.0,0.3168831168831169,9.467532467532468,0.0,0.0,0.0
Malachi Flynn,321,1324.0,4.1246105919003115,411.0,1.280373831775701,458.0,1.426791277258567,0.23471028037383176,0.1956822429906542,0.18918068535825544,13.556569037656903,135.0,27.0,165.0
Malachi Richardson,149,281.0,1.91156462585034,94.0,0.6394557823129252,34.0,0.23129251700680273,0.1589047619047619,0.1242108843537415,0.17403401360544216,9.375,18.0,4.0,41.0
Malachi Smith,16,124.0,7.75,51.0,3.1875,49.0,3.0625,0.4336875,0.41231249999999997,0.3125,23.766000000000002,12.0,4.0,14.0
Malaki Branham,287,1868.0,6.508710801393728,446.0,1.5540069686411149,364.0,1.2682926829268293,0.3283588850174216,0.2401149825783972,0.25615331010452963,17.393939393939394,91.0,25.0,228.0
Malcolm Brogdon,592,7931.0,13.442372881355933,2185.0,3.7033898305084745,2451.0,4.154237288135593,0.41066440677966104,0.3224525423728814,0.5668779661016949,28.102634508348793,411.0,122.0,916.0
Malcolm Cazalon,15,16.0,1.0666666666666667,3.0,0.2,4.0,0.26666666666666666,0.04,0.0286,0.06666666666666667,9.0,1.0,0.0,2.0
Malcolm Delaney,163,824.0,5.0552147239263805,245.0,1.5030674846625767,391.0,2.3987730061349692,0.30791411042944783,0.19457668711656442,0.3849263803680982,17.27338129496403,78.0,7.0,174.0
Malcolm Hill,95,145.0,1.5263157894736843,46.0,0.4842105263157895,12.0,0.12631578947368421,0.10681052631578948,0.07806315789473685,0.10001052631578947,8.251142857142858,10.0,4.0,6.0
Malcolm Lee,92,179.0,1.9456521739130435,79.0,0.8586956521739131,59.0,0.6413043478260869,0.17550000000000002,0.07608695652173914,0.14221739130434782,13.909090909090908,25.0,12.0,38.0
Malcolm Mackey,22,32.0,1.4545454545454546,24.0,1.0909090909090908,1.0,0.045454545454545456,0.2650909090909091,0.0,0.09090909090909091,3.1363636363636362,0.0,3.0,2.0
Malcolm Miller,149,146.0,0.9798657718120806,43.0,0.28859060402684567,16.0,0.10738255033557047,0.11341610738255034,0.09810067114093961,0.05481208053691275,5.802816901408451,10.0,6.0,14.0
Malcolm Thomas,102,79.0,0.7745098039215687,100.0,0.9803921568627451,14.0,0.13725490196078433,0.1047450980392157,0.004901960784313725,0.06442156862745098,7.348837209302325,6.0,7.0,25.0
Malevy Leons,53,151.0,2.849056603773585,98.0,1.849056603773585,31.0,0.5849056603773585,0.25550943396226417,0.13364150943396227,0.21383018867924528,10.36560975609756,28.0,14.0,26.0
Malick Badiane,1,0.0,0.0,0.0,0.0,0.0,0.0,0.0,0.0,0.0,1.0,0.0,0.0,0.0
Malik Allen,758,2620.0,3.4564643799472297,1517.0,2.0013192612137205,266.0,0.35092348284960423,0.2796042216358839,0.004617414248021108,0.16119920844327176,14.373626373626374,149.0,246.0,362.0
Malik Beasley,745,7380.0,9.93270524899058,1824.0,2.4549125168236876,864.0,1.1628532974427994,0.3562059219380888,0.305378196500673,0.2607335127860027,22.632590909090908,423.0,75.0,539.0
Malik Ellison,4,3.0,0.75,1.0,0.25,0.0,0.0,0.08325,0.0,0.25,10.0,1.0,0.0,1.0
Malik Fitts,74,51.0,0.6891891891891891,33.0,0.44594594594594594,13.0,0.17567567567567569,0.10906756756756757,0.11216216216216217,0.0,3.8529411764705883,2.0,3.0,5.0
Malik Hairston,86,227.0,2.63953488372093,119.0,1.3837209302325582,53.0,0.6162790697674418,0.2527209302325581,0.02712790697674419,0.1346860465116279,9.04,17.0,26.0,38.0
Malik Monk,698,7681.0,11.035919540229886,1593.0,2.288793103448276,1949.0,2.800287356321839,0.35894396551724134,0.2747270114942529,0.45478448275862066,22.22363782051282,385.0,209.0,997.0
Malik Newman,8,10.0,2.0,1.0,0.2,1.0,0.2,0.12,0.0,0.4,5.0,0.0,0.0,2.0
Malik Rose,1109,5584.0,5.035166816952209,3794.0,3.4211000901713255,752.0,0.6780883678990082,0.31873489630297563,0.01112082957619477,0.37090892696122635,16.012048192771083,535.0,322.0,1176.0
Malik Sealy,514,5063.0,9.850194552529183,1614.0,3.140077821011673,829.0,1.61284046692607,0.39748443579766535,0.14277431906614785,0.5620447470817121,23.429980276134124,521.0,158.0,697.0
Malik Williams,10,19.0,1.9,38.0,3.8,2.0,0.2,0.11040000000000001,0.1,0.0,15.0,3.0,4.0,3.0
Malique Lewis,1,8.0,8.0,5.0,5.0,4.0,4.0,0.333,0.333,0.0,31.54,0.0,1.0,2.0
Malith Machar,1,0.0,0.0,1.0,1.0,0.0,0.0,0.0,0.0,0.0,2.16,0.0,0.0,0.0
Mamadi Diakite,179,269.0,1.5027932960893855,180.0,1.005586592178771,24.0,0.1340782122905028,0.1695754189944134,0.06052513966480447,0.07332402234636871,8.586883116883117,28.0,37.0,32.0
Mamadou N'diaye,182,281.0,1.543956043956044,240.0,1.3186813186813187,10.0,0.054945054945054944,0.13584615384615384,0.0,0.17932967032967032,11.407894736842104,18.0,70.0,48.0
Mangok Mathiang,19,27.0,1.4210526315789473,31.0,1.631578947368421,0.0,0.0,0.2561578947368421,0.0,0.07894736842105263,4.375,3.0,8.0,8.0
Manny Harris,131,652.0,4.977099236641221,281.0,2.145038167938931,147.0,1.1221374045801527,0.2661832061068702,0.17077862595419846,0.301648854961832,16.39047619047619,56.0,19.0,114.0
Mantas Rubstavicius,1,9.0,9.0,0.0,0.0,1.0,1.0,0.4,0.333,1.0,,0.0,0.0,0.0
Manu Ginobili,1396,17642.0,12.637535816618911,4751.0,3.403295128939828,5021.0,3.596704871060172,0.4120859598853869,0.3182836676217765,0.6493961318051577,25.019048689138575,1748.0,398.0,2733.0
Manute Bol,653,1681.0,2.57427258805513,2756.0,4.22052067381317,174.0,0.2664624808575804,0.32907963246554367,0.034085758039816234,0.15210872894333843,18.673813169984687,132.0,2164.0,470.0
Maozinha Pereira,14,62.0,4.428571428571429,57.0,4.071428571428571,4.0,0.2857142857142857,0.38500000000000006,0.19049999999999997,0.19642857142857142,13.560833333333335,7.0,4.0,7.0
MarJon Beauchamp,263,761.0,2.893536121673004,341.0,1.296577946768061,116.0,0.44106463878326996,0.22893536121673005,0.16589733840304183,0.13076425855513307,11.004764705882353,57.0,26.0,122.0
MarShon Brooks,288,1694.0,5.923076923076923,460.0,1.6083916083916083,298.0,1.0419580419580419,0.2910804195804196,0.15583566433566434,0.32181818181818184,16.26818181818182,125.0,46.0,273.0
Marc Gasol,1109,14512.0,13.12115732368897,7788.0,7.041591320072333,3490.0,3.155515370705244,0.45490415913200727,0.12891681735985533,0.6107242314647378,31.38709555345317,930.0,1466.0,2024.0
Marc Iavaroni,574,2529.0,4.405923344947735,1853.0,3.2282229965156795,572.0,0.9965156794425087,0.41255923344947737,0.0008710801393728223,0.36494947735191635,15.79965156794425,188.0,215.0,652.0
Marc Jackson,551,3424.0,6.214156079854809,1743.0,3.163339382940109,334.0,0.6061705989110708,0.30107803992740473,0.011796733212341199,0.3953956442831216,18.921760391198045,155.0,108.0,499.0
Marcelinho Machado,3,53.0,17.666666666666668,6.0,2.0,5.0,1.6666666666666667,0.4523333333333333,0.4443333333333333,0.3333333333333333,,2.0,0.0,9.0
Marcelo Huertas,152,346.0,2.2913907284768213,131.0,0.8675496688741722,275.0,1.8211920529801324,0.20890728476821194,0.08609271523178808,0.14735099337748345,14.152941176470588,41.0,10.0,117.0
Marcin Gortat,997,9077.0,9.113453815261044,7370.0,7.399598393574297,1059.0,1.0632530120481927,0.5081686746987952,0.0030120481927710845,0.3934427710843374,24.48326359832636,432.0,1044.0,1128.0
Marcio Santos,2,9.0,9.0,2.0,2.0,1.0,1.0,1.0,1.0,1.0,,0.0,1.0,2.0
Marco Belinelli,1107,9629.0,8.721920289855072,2054.0,1.8605072463768115,1660.0,1.5036231884057971,0.3574619565217391,0.3016802536231884,0.43071195652173916,22.162650602409638,570.0,73.0,1002.0
Marcos Mata,1,18.0,18.0,7.0,7.0,3.0,3.0,0.455,0.571,0.8,,0.0,0.0,3.0
Marcus Allen,1,4.0,4.0,0.0,0.0,1.0,1.0,0.2,0.0,0.5,21.0,2.0,0.0,0.0
Marcus Bagley,10,67.0,6.7,70.0,7.0,10.0,1.0,0.3675,0.06670000000000001,0.4,25.15,9.0,12.0,7.0
Marcus Banks,539,2351.0,4.361781076066791,579.0,1.0742115027829313,801.0,1.4860853432282004,0.26469573283859,0.13119851576994432,0.3046549165120594,15.51015228426396,307.0,60.0,498.0
Marcus Bingham Jr.,2,3.0,1.5,1.0,0.5,0.0,0.0,0.5,0.5,0.0,4.0,0.0,1.0,1.0
Marcus Brown,41,125.0,3.048780487804878,28.0,0.6829268292682927,29.0,0.7073170731707317,0.23809756097560977,0.1476341463414634,0.19107317073170732,9.766666666666667,9.0,2.0,21.0
Marcus Camby,1267,9978.0,7.875295974743489,10369.0,8.183898973954223,1965.0,1.5509076558800317,0.3693812154696133,0.016574585635359115,0.3878879242304657,28.76310861423221,1048.0,2510.0,1460.0
Marcus Campbell,2,4.0,2.0,3.0,1.5,0.0,0.0,0.1665,0.0,0.0,7.5,0.0,0.0,0.0
Marcus Cousin,12,33.0,2.75,28.0,2.3333333333333335,2.0,0.16666666666666666,0.35925,0.0,0.2916666666666667,10.363636363636363,3.0,6.0,5.0
Marcus Derrickson,29,58.0,2.1481481481481484,21.0,0.7777777777777778,2.0,0.07407407407407407,0.14885185185185185,0.14196296296296296,0.1358148148148148,6.0,1.0,1.0,5.0
Marcus Fizer,364,2802.0,7.697802197802198,1354.0,3.71978021978022,358.0,0.9835164835164835,0.3221428571428572,0.03479945054945055,0.40582142857142856,20.443298969072163,134.0,81.0,431.0
Marcus Garrett,28,54.0,1.9285714285714286,43.0,1.5357142857142858,31.0,1.1071428571428572,0.18364285714285716,0.10117857142857144,0.125,12.533636363636363,14.0,6.0,15.0
Marcus Georges-Hunt,110,113.0,1.036697247706422,34.0,0.3119266055045872,17.0,0.1559633027522936,0.11473394495412845,0.05504587155963303,0.08876146788990827,5.283018867924528,9.0,0.0,14.0
Marcus Haislip,214,354.0,1.6542056074766356,157.0,0.7336448598130841,20.0,0.09345794392523364,0.17703738317757012,0.03387850467289719,0.11176168224299066,9.29,21.0,38.0,48.0
Marcus Hatten,4,6.0,1.5,4.0,1.0,7.0,1.75,0.14975,0.0,0.0,5.0,7.0,1.0,8.0
Marcus Hubbard,1,3.0,3.0,3.0,3.0,0.0,0.0,1.0,0.0,0.5,12.0,1.0,0.0,2.0
Marcus Landry,67,105.0,1.5671641791044777,49.0,0.7313432835820896,11.0,0.16417910447761194,0.18141791044776118,0.13182089552238807,0.07835820895522388,8.243243243243244,4.0,8.0,12.0
Marcus Lee,2,0.0,,0.0,,0.0,,,,,,0.0,0.0,0.0
Marcus Liberty,267,1942.0,7.273408239700374,925.0,3.4644194756554305,244.0,0.9138576779026217,0.36115355805243443,0.13863295880149812,0.34661423220973786,17.10861423220974,189.0,73.0,264.0
Marcus Mata,1,3.0,3.0,2.0,2.0,1.0,1.0,0.2,0.25,0.0,,0.0,0.0,4.0
Marcus Morris Sr.,1035,11298.0,10.937076476282671,4226.0,4.090997095837367,1379.0,1.334946757018393,0.3858402710551791,0.32289157792836404,0.4492729912875121,26.063424947145876,602.0,272.0,1038.0
Marcus Paige,20,31.0,1.55,5.0,0.25,8.0,0.4,0.19165000000000001,0.11665,0.10834999999999999,6.0,1.0,0.0,6.0
Marcus Sasser,249,1258.0,5.052208835341365,254.0,1.0200803212851406,483.0,1.9397590361445782,0.2824417670682731,0.23983935742971887,0.1921004016064257,15.243151183970856,108.0,21.0,190.0
Marcus Simmons,7,0.0,0.0,1.0,0.14285714285714285,0.0,0.0,0.0,0.0,0.0,1.0,0.0,0.0,1.0
Marcus Slaughter,5,31.0,6.2,18.0,3.6,4.0,0.8,0.3276,0.0,0.5,16.2,2.0,2.0,6.0
Marcus Smart,896,9162.0,10.248322147651006,2958.0,3.3087248322147653,3803.0,4.2539149888143175,0.36521812080536914,0.2783736017897092,0.5102673378076062,29.133617601246105,1311.0,321.0,1663.0
Marcus Souza,1,19.0,19.0,6.0,6.0,1.0,1.0,0.444,0.6,1.0,,1.0,0.0,2.0
Marcus Sr.,3,30.0,10.0,13.0,4.333333333333333,6.0,2.0,0.5459999999999999,0.5223333333333334,0.0,16.0,5.0,1.0,2.0
Marcus Thornton,640,6302.0,9.846875,1497.0,2.3390625,722.0,1.128125,0.3248484375,0.25175000000000003,0.4063078125,22.618959107806692,460.0,66.0,550.0
Marcus Vinicius,79,93.0,1.1772151898734178,38.0,0.4810126582278481,19.0,0.24050632911392406,0.14913924050632912,0.0981012658227848,0.09282278481012658,7.0,10.0,2.0,21.0
Marcus Webb,9,39.0,4.333333333333333,10.0,1.1111111111111112,2.0,0.2222222222222222,0.4164444444444444,0.0,0.3298888888888889,5.666666666666667,1.0,2.0,5.0
Marcus Williams,328,1401.0,4.271341463414634,459.0,1.399390243902439,684.0,2.0853658536585367,0.2702164634146341,0.18696951219512195,0.2314420731707317,13.868421052631579,105.0,12.0,370.0
Mardy Collins,317,832.0,2.6246056782334386,376.0,1.1861198738170347,359.0,1.1324921135646688,0.21018296529968455,0.06635015772870663,0.13539747634069402,13.995238095238095,124.0,26.0,225.0
Marial Shayok,24,35.0,1.4583333333333333,14.0,0.5833333333333334,7.0,0.2916666666666667,0.09320833333333334,0.06525,0.19791666666666666,7.1,2.0,1.0,6.0
Mario Bennett,126,277.0,2.1984126984126986,191.0,1.5158730158730158,24.0,0.19047619047619047,0.23631746031746032,0.007936507936507936,0.13293650793650794,8.067567567567568,31.0,23.0,35.0
Mario Chalmers,827,6947.0,8.400241837968561,1937.0,2.342200725513906,2892.0,3.4969770253929866,0.3868331318016929,0.29705562273276903,0.48083434099153566,26.22629582806574,1139.0,123.0,1467.0
Mario Elie,870,7250.0,8.333333333333334,2359.0,2.711494252873563,2139.0,2.4586206896551723,0.4384275862068966,0.28318850574712645,0.581619540229885,25.3938679245283,765.0,145.0,1102.0
Mario Hezonja,433,2588.0,6.018604651162791,1161.0,2.7,481.0,1.1186046511627907,0.3298813953488372,0.20940232558139538,0.30187906976744183,18.17808219178082,268.0,88.0,434.0
Mario Kasun,116,218.0,1.8793103448275863,200.0,1.7241379310344827,13.0,0.11206896551724138,0.24039655172413793,0.0,0.14582758620689656,7.552631578947368,15.0,19.0,45.0
Mario West,261,213.0,0.8160919540229885,194.0,0.7432950191570882,64.0,0.24521072796934865,0.15495785440613027,0.009578544061302681,0.08988122605363985,5.042857142857143,59.0,11.0,50.0
Marion Cluggish,14,82.0,5.857142857142857,0.0,0.0,0.0,0.0,0.0,0.0,0.02378571428571429,0.0,0.0,0.0,0.0
Mark Acres,394,1380.0,3.50253807106599,1562.0,3.964467005076142,182.0,0.4619289340101523,0.4215964467005076,0.01649746192893401,0.2907944162436548,15.588832487309645,138.0,105.0,241.0
Mark Aguirre,1027,20228.0,19.696202531645568,5113.0,4.978578383641675,3133.0,3.050632911392405,0.4691645569620253,0.1897176241480039,0.6521548198636806,29.86952288218111,739.0,305.0,2505.0
Mark Alarie,329,2455.0,7.462006079027356,1126.0,3.4224924012158056,364.0,1.1063829787234043,0.44039209726443773,0.07193313069908815,0.37375683890577505,16.854103343465045,134.0,111.0,313.0
Mark Ayotte,1,0.0,0.0,0.0,0.0,0.0,0.0,0.0,0.0,0.0,20.0,0.0,0.0,0.0
Mark Baker,4,0.0,0.0,0.0,0.0,0.0,0.0,0.0,0.0,0.0,1.0,0.0,0.0,1.0
Mark Blount,768,5289.0,6.88671875,3014.0,3.9244791666666665,550.0,0.7161458333333334,0.38928255208333334,0.0244140625,0.3748294270833334,22.19423368740516,362.0,549.0,1025.0
Mark Bradtke,69,59.0,0.855072463768116,68.0,0.9855072463768116,7.0,0.10144927536231885,0.1587536231884058,0.0,0.057971014492753624,6.444444444444445,5.0,5.0,9.0
Mark Bryant,1042,4591.0,4.40595009596929,3186.0,3.057581573896353,505.0,0.4846449136276392,0.35552303262955853,0.0009596928982725527,0.2929126679462572,16.292237442922374,347.0,209.0,705.0
Mark Crow,15,84.0,5.6,23.0,1.5333333333333334,7.0,0.4666666666666667,0.3233333333333333,0.0,0.35546666666666665,9.733333333333333,0.0,1.0,5.0
Mark Davis,281,1388.0,4.93950177935943,734.0,2.6120996441281137,308.0,1.096085409252669,0.3644839857651246,0.04714946619217082,0.33933451957295374,14.657794676806084,213.0,80.0,336.0
Mark Eaton,949,5670.0,5.974710221285564,7499.0,7.902002107481559,892.0,0.9399367755532139,0.4639473129610116,0.0,0.38800948366701793,28.955742887249738,405.0,3263.0,1336.0
Mark Hendrickson,145,381.0,2.627586206896552,316.0,2.179310344827586,63.0,0.43448275862068964,0.2506689655172414,0.017241379310344827,0.2672413793103448,12.675438596491228,50.0,15.0,63.0
Mark Jackson,1433,13674.0,9.54221912072575,5440.0,3.796231681786462,11239.0,7.842986741102582,0.4331898115840893,0.23397418004187023,0.47704187020237265,29.821303433777153,1739.0,125.0,3447.0
Mark Jones,17,30.0,1.7647058823529411,15.0,0.8823529411764706,11.0,0.6470588235294118,0.31370588235294117,0.0,0.14705882352941177,7.9375,5.0,2.0,4.0
Mark Karcher,1,1.0,1.0,0.0,0.0,0.0,0.0,0.0,0.0,0.5,7.0,0.0,0.0,1.0
Mark Landsberger,479,2578.0,5.382045929018789,2743.0,5.72651356993737,224.0,0.46764091858037576,0.413062630480167,0.0,0.2552693110647182,15.24634655532359,82.0,57.0,292.0
Mark Macon,252,1685.0,6.686507936507937,467.0,1.8531746031746033,428.0,1.6984126984126984,0.36064285714285715,0.07076984126984127,0.3419246031746032,19.98406374501992,349.0,20.0,323.0
Mark Madsen,698,1097.0,1.5716332378223496,1303.0,1.8667621776504297,208.0,0.2979942693409742,0.22298137535816617,0.0014326647564469914,0.13356160458452723,11.024714828897338,133.0,117.0,241.0
Mark McNamara,286,991.0,3.465034965034965,830.0,2.902097902097902,77.0,0.2692307692307692,0.36662587412587416,0.0,0.31127622377622377,9.520979020979022,34.0,39.0,210.0
Mark Minor,4,5.0,1.25,4.0,1.0,2.0,0.5,0.25,0.0,0.1875,4.25,0.0,0.0,0.0
Mark Olberding,913,8679.0,9.506024096385541,4763.0,5.216867469879518,2323.0,2.544359255202629,0.47159145673603503,0.004928806133625411,0.6554096385542169,25.200438116100766,586.0,258.0,1085.0
Mark Pope,273,313.0,1.1465201465201464,285.0,1.043956043956044,68.0,0.2490842490842491,0.18457142857142855,0.02271062271062271,0.06520512820512821,9.686046511627907,36.0,45.0,55.0
Mark Price,784,11807.0,15.059948979591837,1972.0,2.5153061224489797,5190.0,6.619897959183674,0.4493979591836734,0.3531237244897959,0.7118737244897959,30.12743823146944,924.0,81.0,1948.0
Mark Radford,97,347.0,3.577319587628866,76.0,0.7835051546391752,161.0,1.6597938144329898,0.380659793814433,0.048113402061855666,0.21428865979381445,8.31958762886598,36.0,6.0,112.0
Mark Randall,130,332.0,2.5538461538461537,165.0,1.2692307692307692,56.0,0.4307692307692308,0.3252769230769231,0.041023076923076926,0.24666923076923078,6.838461538461538,24.0,9.0,54.0
Mark Sears,22,34.0,1.5454545454545454,4.0,0.18181818181818182,5.0,0.22727272727272727,0.2120909090909091,0.12122727272727273,0.1515,3.9299999999999997,1.0,0.0,4.0
Mark Sibley,29,46.0,1.5862068965517242,25.0,0.8620689655172413,13.0,0.4482758620689655,0.2073448275862069,0.0,0.1206896551724138,4.275862068965517,4.0,1.0,0.0
Mark Strickland,475,1302.0,2.741052631578947,783.0,1.648421052631579,103.0,0.2168421052631579,0.23721894736842106,0.003157894736842105,0.1479663157894737,11.441780821917808,83.0,110.0,167.0
Mark Wade,12,8.0,0.6666666666666666,15.0,1.25,36.0,3.0,0.13883333333333334,0.0,0.041666666666666664,10.5,7.0,1.0,13.0
Mark West,1273,6755.0,5.30636292223095,5769.0,4.531814611154752,464.0,0.3644933228593873,0.46598271798900237,0.0,0.3100408483896308,18.460759493670885,350.0,1521.0,1286.0
Mark Williams,204,2037.0,9.985294117647058,1440.0,7.0588235294117645,209.0,1.0245098039215685,0.5301127450980392,0.004901960784313725,0.4980735294117647,22.92316091954023,134.0,181.0,197.0
Mark Workman,49,238.0,4.857142857142857,0.0,0.0,2.0,0.04081632653061224,0.038734693877551025,0.0,0.36889795918367346,1.2040816326530612,0.0,0.0,0.0
Markel Brown,170,619.0,3.662721893491124,248.0,1.467455621301775,137.0,0.8106508875739645,0.22354437869822483,0.13649112426035503,0.27902958579881654,15.081967213114755,73.0,27.0,90.0
Markel Crawford,5,0.0,0.0,2.0,1.0,0.0,0.0,0.0,0.0,0.0,2.0,0.0,0.0,0.0
Markelle Fultz,330,2934.0,8.972477064220184,897.0,2.743119266055046,1226.0,3.7492354740061162,0.39698165137614677,0.12959327217125383,0.3931039755351682,22.736279863481226,320.0,75.0,518.0
Markieff Morris,1164,8978.0,7.732988802756244,4307.0,3.7097329888027564,1355.0,1.1670973298880276,0.32185443583118,0.22040223944875106,0.34244875107665806,22.499944196428572,653.0,441.0,1259.0
Marko Banic,1,6.0,6.0,3.0,3.0,0.0,0.0,0.5,0.0,0.0,,0.0,0.0,3.0
Marko Filipovity,1,0.0,0.0,2.0,2.0,0.0,0.0,0.0,0.0,0.0,,1.0,1.0,2.0
Marko Guduric,82,208.0,2.5365853658536586,86.0,1.048780487804878,52.0,0.6341463414634146,0.21090243902439024,0.1532560975609756,0.17479268292682926,11.0,14.0,8.0,46.0
Marko Jaric,557,3374.0,6.057450628366248,1264.0,2.2692998204667862,1681.0,3.0179533213644523,0.2991310592459605,0.2107342908438061,0.3286463195691203,24.20335429769392,610.0,135.0,764.0
Marko Milic,100,112.0,1.12,31.0,0.31,14.0,0.14,0.19684000000000001,0.025,0.055,4.239130434782608,14.0,1.0,27.0
Marko Simonovic,67,25.0,0.373134328358209,13.0,0.19402985074626866,0.0,0.0,0.02885074626865672,0.014925373134328358,0.07959701492537313,3.0526315789473686,1.0,2.0,3.0
Marko Todorovich,65,722.0,11.107692307692307,0.0,0.0,2.0,0.03076923076923077,0.01276923076923077,0.0,0.6835076923076923,0.0,0.0,0.0,0.0
Markquis Nowell,8,6.0,0.75,4.0,0.5,9.0,1.125,0.0625,0.0,0.125,4.7775,2.0,1.0,6.0
Markus Howard,151,315.0,2.0860927152317883,46.0,0.304635761589404,33.0,0.2185430463576159,0.1385364238410596,0.1171523178807947,0.06539735099337748,6.301204819277109,16.0,2.0,27.0
Marlon Garnett,34,51.0,1.5,21.0,0.6176470588235294,18.0,0.5294117647058824,0.12338235294117648,0.0906764705882353,0.15685294117647058,8.041666666666666,5.0,1.0,12.0
Marlon Maxey,98,479.0,4.887755102040816,363.0,3.704081632653061,22.0,0.22448979591836735,0.4680408163265306,0.0,0.3551020408163265,11.693877551020408,27.0,51.0,78.0
Marlon Redmond,78,499.0,6.397435897435898,161.0,2.0641025641025643,78.0,1.0,0.3936282051282051,0.0,0.23635897435897435,13.576923076923077,30.0,19.0,43.0
Marlon Taylor,2,0.0,0.0,0.0,0.0,1.0,0.5,0.0,0.0,0.0,6.0,0.0,0.0,1.0
Marque Perry,2,15.0,7.5,2.0,1.0,7.0,3.5,0.625,0.0,0.7995,5.0,5.0,1.0,6.0
Marques Bolden,68,123.0,1.8088235294117647,92.0,1.3529411764705883,8.0,0.11764705882352941,0.21277941176470588,0.025735294117647058,0.11764705882352941,9.6175,9.0,23.0,15.0
Marques Bragg,54,131.0,2.425925925925926,79.0,1.462962962962963,8.0,0.14814814814814814,0.3260925925925926,0.0,0.20216666666666666,6.962264150943396,17.0,8.0,26.0
Marques Johnson,747,15003.0,20.08433734939759,5187.0,6.943775100401607,2665.0,3.56760374832664,0.5032155287817939,0.020080321285140562,0.6763775100401607,34.14859437751004,906.0,551.0,1521.0
Marquese Chriss,381,2435.0,6.441798941798941,1512.0,4.0,332.0,0.8783068783068783,0.3638677248677249,0.16484920634920636,0.331042328042328,17.61801242236025,210.0,249.0,392.0
Marquez Haynes,2,4.0,2.0,2.0,1.0,4.0,2.0,0.1965,0.0,0.0,,1.0,0.0,2.0
Marquis Daniels,779,5029.0,6.455712451861361,1831.0,2.3504492939666237,1110.0,1.4249037227214378,0.3467560975609756,0.08204621309370988,0.31276508344030807,19.906344410876134,584.0,156.0,751.0
Marquis Teague,192,298.0,1.5520833333333333,106.0,0.5520833333333334,171.0,0.890625,0.14831249999999999,0.036453124999999996,0.10482291666666667,9.923728813559322,31.0,13.0,110.0
Marqus Blakely,6,8.0,1.3333333333333333,4.0,0.6666666666666666,2.0,0.3333333333333333,0.20833333333333334,0.0,0.0,7.4,2.0,0.0,4.0
Marreese Speights,921,6503.0,7.060803474484256,3350.0,3.6373507057546144,536.0,0.5819761129207384,0.3764343105320304,0.1012399565689468,0.4154256243213898,14.41112454655381,223.0,416.0,738.0
Marshall Henderson,5,0.0,0.0,0.0,0.0,0.0,0.0,0.0,0.0,0.0,2.0,0.0,0.0,0.0
Marshall Plumlee,79,78.0,0.9873417721518988,85.0,1.0759493670886076,16.0,0.20253164556962025,0.11859493670886076,0.0,0.08860759493670886,7.486486486486487,7.0,10.0,20.0
Marshall Rogers,28,102.0,3.642857142857143,12.0,0.42857142857142855,10.0,0.35714285714285715,0.27582142857142855,0.0,0.17342857142857143,6.392857142857143,8.0,3.0,0.0
Martell Webster,702,5638.0,8.042796005706133,1999.0,2.8516405135520686,642.0,0.9158345221112696,0.34752211126961485,0.28418402282453636,0.42508987161198286,23.413416536661465,341.0,185.0,592.0
Martin Cuello,1,7.0,7.0,1.0,1.0,2.0,2.0,0.333,0.25,0.0,,1.0,0.0,0.0
Martin Lewis,41,89.0,2.1707317073170733,35.0,0.8536585365853658,7.0,0.17073170731707318,0.23734146341463414,0.06097560975609756,0.1304390243902439,9.32,9.0,5.0,15.0
Martin Muursepp,131,389.0,2.969465648854962,181.0,1.381679389312977,50.0,0.3816793893129771,0.20612213740458016,0.07748091603053435,0.21748091603053435,11.024096385542169,41.0,25.0,47.0
Martin Nessley,44,48.0,1.0909090909090908,82.0,1.8636363636363635,16.0,0.36363636363636365,0.2534090909090909,0.0,0.07954545454545454,7.636363636363637,8.0,12.0,23.0
Marty Byrnes,267,1501.0,5.621722846441948,586.0,2.194756554307116,407.0,1.5243445692883895,0.38958426966292137,0.040322097378277154,0.36937078651685396,15.812734082397004,76.0,27.0,228.0
Marty Conlon,430,2463.0,5.727906976744186,1315.0,3.058139534883721,381.0,0.8860465116279069,0.3753511627906977,0.029069767441860465,0.34192093023255815,16.467362924281986,149.0,74.0,419.0
Martynas Andriuskevicius,33,28.0,0.8484848484848485,20.0,0.6060606060606061,4.0,0.12121212121212122,0.07424242424242425,0.0,0.10606060606060606,5.066666666666666,2.0,3.0,4.0
Marv Roberts,28,58.0,2.0714285714285716,25.0,0.8928571428571429,19.0,0.6785714285714286,0.2557857142857143,0.0,0.07142857142857142,7.464285714285714,0.0,0.0,0.0
Marv Winkler,8,8.0,1.0,4.0,0.5,3.0,0.375,0.129125,0.0,0.125,2.75,0.0,0.0,0.0
Marvin Bagley III,458,4405.0,9.660087719298245,2420.0,5.307017543859649,360.0,0.7894736842105263,0.42970175438596486,0.16885087719298245,0.4113070175438597,21.2905291005291,165.0,238.0,428.0
Marvin Barnes,171,1569.0,9.175438596491228,935.0,5.4678362573099415,245.0,1.432748538011696,0.3849590643274854,0.0,0.4375906432748538,21.146198830409357,84.0,96.0,121.0
Marvin III,2,42.0,21.0,20.0,10.0,1.0,0.5,0.5675,0.0,0.8,,4.0,2.0,1.0
Marvin Webster,627,4599.0,7.3349282296650715,4445.0,7.089314194577352,779.0,1.2424242424242424,0.4528325358851674,0.003189792663476874,0.43257735247208934,22.720893141945773,138.0,677.0,445.0
Marvin Williams,1266,12126.0,9.593354430379748,6168.0,4.879746835443038,1524.0,1.2056962025316456,0.4051740506329114,0.24998022151898736,0.49407594936708854,27.248966087675765,927.0,625.0,1163.0
Mason Jones,114,253.0,2.219298245614035,98.0,0.8596491228070176,70.0,0.6140350877192983,0.15856140350877193,0.09664035087719297,0.17417543859649123,8.717666666666666,11.0,3.0,38.0
Mason Plumlee,1112,7685.0,6.923423423423423,6553.0,5.903603603603604,2324.0,2.0936936936936936,0.5254936936936937,0.002702702702702703,0.39669189189189186,20.359041543997385,687.0,788.0,1401.0
Matas Buzelis,171,2084.0,12.187134502923977,766.0,4.47953216374269,251.0,1.4678362573099415,0.432906432748538,0.327140350877193,0.5365672514619884,23.497810650887576,89.0,202.0,247.0
Mateen Cleaves,307,675.0,2.198697068403909,199.0,0.6482084690553745,333.0,1.0846905537459284,0.1878827361563518,0.035830618892508145,0.17070032573289903,10.896739130434783,76.0,5.0,222.0
Matheus Leoni,1,0.0,0.0,1.0,1.0,2.0,2.0,0.0,0.0,0.0,,1.0,0.0,0.0
Mathias Calfani,1,10.0,10.0,5.0,5.0,1.0,1.0,0.571,0.667,0.0,,1.0,1.0,0.0
Matias Sandes,1,7.0,7.0,2.0,2.0,1.0,1.0,0.6,0.0,0.5,,0.0,0.0,2.0
Matisse Thybulle,551,2078.0,3.7713248638838475,847.0,1.5372050816696914,445.0,0.8076225045372051,0.3048820326678766,0.21996188747731396,0.12813430127041742,19.70506319115324,666.0,332.0,246.0
Matt Barnes,1191,8773.0,7.372268907563025,4974.0,4.1798319327731095,1955.0,1.6428571428571428,0.36967815126050424,0.22095966386554622,0.3548025210084033,23.039449541284405,866.0,504.0,1391.0
Matt Bonner,1046,5206.0,4.977055449330784,2687.0,2.568833652007648,621.0,0.5936902485659655,0.3606338432122371,0.2747380497131931,0.1621959847036329,15.648246546227417,320.0,245.0,353.0
Matt Bullard,730,3391.0,4.645205479452055,1272.0,1.7424657534246575,554.0,0.7589041095890411,0.31892328767123285,0.26225479452054795,0.16812876712328767,13.958461538461538,192.0,128.0,330.0
Matt Carroll,650,3302.0,5.08,956.0,1.4707692307692308,353.0,0.5430769230769231,0.2605169230769231,0.18114923076923076,0.3372707692307692,16.00588235294118,251.0,65.0,329.0
Matt Coleman III,3,0.0,0.0,1.0,0.3333333333333333,2.0,0.6666666666666666,0.0,0.0,0.0,3.6666666666666665,0.0,0.0,1.0
Matt Costello,19,23.0,1.2105263157894737,37.0,1.9473684210526316,7.0,0.3684210526315789,0.2648947368421053,0.0,0.07894736842105263,9.0,5.0,7.0,6.0
Matt Fish,85,177.0,2.0823529411764707,110.0,1.2941176470588236,25.0,0.29411764705882354,0.26628235294117647,0.0,0.1615764705882353,10.18,19.0,14.0,33.0
Matt Freije,71,209.0,2.943661971830986,112.0,1.5774647887323943,32.0,0.4507042253521127,0.2217605633802817,0.14240845070422536,0.15140845070422534,12.357142857142858,18.0,6.0,28.0
Matt Geiger,637,5284.0,8.29513343799058,3294.0,5.171114599686028,406.0,0.6373626373626373,0.4446860282574568,0.01674568288854003,0.45187755102040816,21.3786078098472,324.0,356.0,770.0
Matt Guokas,805,4562.0,5.6670807453416145,1519.0,1.8869565217391304,2185.0,2.7142857142857144,0.42997639751552796,0.0,0.36328074534161486,17.919254658385093,44.0,9.0,0.0
Matt Harpring,797,8194.0,10.281053952321205,3623.0,4.545796737766625,978.0,1.2271016311166876,0.42334755332496865,0.10643789209535759,0.5268569636135508,25.427197802197803,537.0,125.0,1083.0
Matt Haryasz,2,6.0,3.0,7.0,3.5,0.0,0.0,0.5,0.0,0.5,10.0,0.0,0.0,3.0
Matt Janning,11,41.0,3.727272727272727,11.0,1.0,8.0,0.7272727272727273,0.27754545454545454,0.20454545454545456,0.13636363636363635,14.222222222222221,4.0,2.0,7.0
Matt Jones,5,10.0,2.0,5.0,1.0,2.0,0.4,0.24,0.2,0.0,14.5,1.0,0.0,2.0
Matt Lewis,4,0.0,0.0,0.0,0.0,0.0,0.0,0.0,0.0,0.0,,0.0,0.0,0.0
Matt Maloney,353,2389.0,6.767705382436261,527.0,1.4929178470254958,920.0,2.6062322946175636,0.3377138810198301,0.29308215297450424,0.2808838526912181,25.360759493670887,252.0,19.0,423.0
Matt Matt,1,0.0,0.0,0.0,0.0,0.0,0.0,0.0,0.0,0.0,0.0,0.0,0.0,0.0
Matt Mooney,26,43.0,1.72,19.0,0.76,16.0,0.64,0.0912,0.13224,0.06,7.125,9.0,1.0,15.0
Matt Nelson,1,2.0,2.0,0.0,0.0,0.0,0.0,0.0,0.0,1.0,8.0,0.0,0.0,0.0
Matt Othick,4,8.0,2.0,2.0,0.5,7.0,1.75,0.375,0.125,0.0,9.75,1.0,0.0,4.0
Matt Rogers,4,1.0,0.25,10.0,2.5,0.0,0.0,0.0,0.0,0.125,4.25,0.0,3.0,1.0
Matt Ryan,183,368.0,2.010928961748634,94.0,0.5136612021857924,50.0,0.273224043715847,0.13249726775956283,0.1320983606557377,0.07559562841530054,9.082842105263158,18.0,2.0,36.0
Matt Steigenga,4,3.0,0.75,3.0,0.75,2.0,0.5,0.125,0.0,0.125,5.0,1.0,1.0,2.0
Matt Thomas,247,636.0,2.574898785425101,188.0,0.7611336032388664,86.0,0.3481781376518219,0.2168582995951417,0.18252226720647774,0.09075708502024292,9.388157894736842,30.0,7.0,52.0
Matt Walsh,21,49.0,2.3333333333333335,34.0,1.619047619047619,9.0,0.42857142857142855,0.2770952380952381,0.16738095238095238,0.21428571428571427,9.866666666666667,4.0,0.0,7.0
Matt Wenstrom,11,18.0,1.6363636363636365,12.0,1.0909090909090908,0.0,0.0,0.36363636363636365,0.0,0.22727272727272727,3.3636363636363638,0.0,2.0,4.0
Matt Williams Jr.,16,18.0,1.125,5.0,0.3125,3.0,0.1875,0.140625,0.125,0.03125,5.111111111111111,1.0,0.0,2.0
Matthew Cleveland,1,7.0,7.0,4.0,4.0,2.0,2.0,0.4,0.5,1.0,17.45,0.0,0.0,2.0
Matthew Dellavedova,656,2967.0,4.529770992366412,970.0,1.4809160305343512,1975.0,3.015267175572519,0.2963847328244275,0.24253740458015266,0.2492,18.894179894179896,246.0,22.0,685.0
Matthew Hurt,17,35.0,2.0588235294117645,19.0,1.1176470588235294,5.0,0.29411764705882354,0.14170588235294115,0.152,0.11764705882352941,13.5,5.0,3.0,4.0
Matthew Kenyon,1,2.0,2.0,1.0,1.0,2.0,2.0,0.0,0.0,1.0,,0.0,0.0,0.0
Matthew Mayer,4,3.0,0.75,2.0,0.5,0.0,0.0,0.25,0.25,0.0,3.0,0.0,0.0,0.0
Matur Maker,1,0.0,0.0,0.0,0.0,0.0,0.0,0.0,0.0,0.0,,0.0,0.0,0.0
Maurice Ager,177,364.0,2.056497175141243,89.0,0.5028248587570622,34.0,0.192090395480226,0.1484858757062147,0.09020338983050848,0.1318135593220339,8.878504672897197,15.0,10.0,70.0
Maurice Baker,10,0.0,0.0,2.0,0.2,1.0,0.1,0.0,0.0,0.0,3.6,1.0,0.0,1.0
Maurice Carter,27,42.0,1.5555555555555556,11.0,0.4074074074074074,4.0,0.14814814814814814,0.08711111111111111,0.04318518518518518,0.16203703703703703,9.545454545454545,0.0,0.0,9.0
Maurice Cheeks,1238,14121.0,11.406300484652666,3540.0,2.8594507269789986,8312.0,6.7140549273021,0.5178586429725364,0.03809854604200323,0.5810234248788368,32.05573505654281,2041.0,325.0,1942.0
Maurice Evans,729,4394.0,6.027434842249657,1554.0,2.1316872427983538,488.0,0.6694101508916324,0.36399588477366257,0.2547695473251029,0.27109739368998625,18.781679389312977,352.0,98.0,332.0
Maurice Harkless,828,4902.0,5.956257594167679,2491.0,3.0267314702308625,651.0,0.7910085054678008,0.36718104495747267,0.19641676792223572,0.2513803159173755,22.171717171717173,662.0,446.0,599.0
Maurice Lucas,939,13516.0,14.394036208732695,8217.0,8.750798722044728,2211.0,2.3546325878594248,0.4594398296059638,0.004259850905218318,0.6263493077742279,28.959531416400427,615.0,517.0,1650.0
Maurice Ndour,65,143.0,2.2,85.0,1.3076923076923077,16.0,0.24615384615384617,0.2189076923076923,0.013846153846153847,0.16564615384615383,11.666666666666666,30.0,11.0,26.0
Maurice Stokes,206,3365.0,16.33495145631068,2318.0,11.25242718446602,432.0,2.0970873786407767,0.11207281553398059,0.0,0.6913786407766991,6.145631067961165,0.0,0.0,0.0
Maurice Taylor,634,6009.0,9.477917981072554,2504.0,3.949526813880126,639.0,1.0078864353312302,0.38096056782334387,0.005520504731861199,0.41515299684542584,24.08303249097473,254.0,262.0,1004.0
Maury King,37,226.0,6.108108108108108,48.0,1.2972972972972974,44.0,1.1891891891891893,0.15145945945945946,0.0,0.35586486486486485,9.162162162162161,0.0,0.0,0.0
Max Abmas,4,0.0,0.0,0.0,0.0,0.0,0.0,0.0,0.0,0.0,,0.0,0.0,0.0
Max Christie,357,2285.0,6.400560224089636,798.0,2.235294117647059,410.0,1.1484593837535013,0.3373081232492997,0.27584593837535015,0.3303221288515406,21.19572881355932,148.0,89.0,260.0
Max Darling,3,11.0,3.6666666666666665,7.0,2.3333333333333335,1.0,0.3333333333333333,0.3443333333333333,0.25,0.16666666666666666,,2.0,1.0,2.0
Max Fiedler,5,5.0,1.0,5.0,1.0,1.0,0.2,0.13340000000000002,0.0,0.1,7.205,0.0,0.0,1.0
Max Heidegger,2,1.0,0.5,0.0,0.0,0.0,0.0,0.0,0.0,0.5,5.0,0.0,0.0,0.0
Max Shulga,39,14.0,0.358974358974359,9.0,0.23076923076923078,4.0,0.10256410256410256,0.057692307692307696,0.03417948717948718,0.07692307692307693,2.9304166666666664,2.0,0.0,5.0
Max Strus,469,4383.0,9.365384615384615,1555.0,3.322649572649573,969.0,2.0705128205128207,0.35870299145299145,0.30282905982905983,0.28188034188034183,25.428023529411764,239.0,95.0,413.0
Max Zaslofsky,292,3554.0,12.17123287671233,71.0,0.24315068493150685,162.0,0.5547945205479452,0.10222602739726028,0.0,0.6758458904109589,2.25,0.0,0.0,0.0
Maxi Kleber,633,3391.0,5.3655063291139244,2287.0,3.6186708860759493,606.0,0.9588607594936709,0.3552610759493671,0.25361708860759496,0.2701503164556962,20.736080191502094,221.0,431.0,355.0
Maxime Raynaud,86,945.0,10.988372093023257,573.0,6.662790697674419,104.0,1.2093023255813953,0.48705813953488375,0.15193023255813953,0.46748837209302324,25.686923076923076,40.0,39.0,96.0
Maximo Fjelurup,1,2.0,2.0,1.0,1.0,3.0,3.0,0.25,0.0,0.0,,0.0,0.0,1.0
Maxwell Lewis,133,174.0,1.3082706766917294,73.0,0.5488721804511278,37.0,0.2781954887218045,0.11152631578947368,0.09323308270676692,0.061406015037593985,7.416712328767122,13.0,11.0,36.0
McKinley Wright IV,63,134.0,2.126984126984127,58.0,0.9206349206349206,79.0,1.253968253968254,0.196,0.1044920634920635,0.11376190476190476,10.552631578947368,10.0,7.0,20.0
Mccoy McLemore,598,5232.0,8.749163879598662,2823.0,4.7207357859531776,617.0,1.0317725752508362,0.3216755852842809,0.0,0.5601153846153847,15.35953177257525,0.0,0.0,0.0
Mckinley Singleton,2,4.0,2.0,0.0,0.0,1.0,0.5,0.75,0.0,0.0,5.0,0.0,0.0,0.0
Medford Park,343,2079.0,6.061224489795919,576.0,1.6793002915451896,140.0,0.40816326530612246,0.13950437317784256,0.0,0.49873177842565597,3.0320699708454812,0.0,0.0,0.0
Mehmet Okur,808,9514.0,11.774752475247524,5045.0,6.243811881188119,1232.0,1.5247524752475248,0.40301113861386134,0.26592079207920793,0.5817438118811881,27.6520509383378,398.0,517.0,1118.0
Mel Bennett,129,498.0,3.86046511627907,422.0,3.2713178294573644,104.0,0.8062015503875969,0.29031007751937987,0.0,0.3537751937984496,11.65891472868217,26.0,33.0,27.0
Mel Counts,874,7162.0,8.194508009153319,4965.0,5.6807780320366135,1143.0,1.3077803203661327,0.37099771167048057,0.0,0.4692997711670481,12.755148741418765,29.0,31.0,0.0
Mel Daniels,12,39.0,3.25,34.0,2.8333333333333335,6.0,0.5,0.32575000000000004,0.0,0.25775,10.5,3.0,7.0,0.0
Mel Davis,197,1032.0,5.238578680203045,825.0,4.187817258883249,165.0,0.8375634517766497,0.3270152284263959,0.0,0.25563959390862945,13.258883248730964,27.0,7.0,0.0
Mel Gibson,9,13.0,1.4444444444444444,3.0,0.3333333333333333,3.0,0.3333333333333333,0.23888888888888887,0.0,0.05555555555555555,4.888888888888889,0.0,0.0,0.0
Mel Hirsch,3,8.0,2.6666666666666665,0.0,0.0,0.0,0.0,0.0,0.0,0.0,0.0,0.0,0.0,0.0
Mel Hutchins,427,4751.0,11.126463700234192,902.0,2.1124121779859486,159.0,0.37236533957845436,0.07348477751756441,0.0,0.6025550351288056,3.002341920374707,0.0,0.0,0.0
Mel McCants,15,22.0,1.4666666666666666,6.0,0.4,2.0,0.13333333333333333,0.20833333333333334,0.0,0.13333333333333333,4.666666666666667,3.0,1.0,1.0
Mel McGaha,21,69.0,3.2857142857142856,0.0,0.0,0.0,0.0,0.0,0.0,0.40923809523809523,0.0,0.0,0.0,0.0
Mel Nowell,38,232.0,6.105263157894737,28.0,0.7368421052631579,18.0,0.47368421052631576,0.16139473684210526,0.0,0.3824473684210526,4.5,0.0,0.0,0.0
Mel Payton,38,87.0,2.289473684210526,6.0,0.15789473684210525,4.0,0.10526315789473684,0.12281578947368421,0.0,0.21052631578947367,0.39473684210526316,0.0,0.0,0.0
Mel Peterson,2,2.0,1.0,1.0,0.5,0.0,0.0,0.5,0.0,0.0,1.0,0.0,0.0,0.0
Mel Riebe,32,349.0,10.90625,0.0,0.0,1.0,0.03125,0.00665625,0.0,0.33065625,0.0,0.0,0.0,0.0
Mel Turpin,372,3104.0,8.344086021505376,1669.0,4.486559139784946,184.0,0.4946236559139785,0.469755376344086,0.002688172043010753,0.4099005376344086,18.6747311827957,160.0,353.0,436.0
Melih Mahmutoglu,2,7.0,3.5,3.0,1.5,0.0,0.0,0.1875,0.0835,0.0,18.0,0.0,0.0,0.0
Melo Trimble,5,46.0,9.2,3.0,0.6,12.0,2.4,0.24780000000000002,0.1666,0.5349999999999999,2.0,5.0,0.0,7.0
Melvin Booker,34,166.0,4.882352941176471,38.0,1.1176470588235294,74.0,2.176470588235294,0.3635,0.17855882352941177,0.3225588235294118,17.125,8.0,3.0,39.0
Melvin Ejim,7,14.0,2.0,9.0,1.2857142857142858,1.0,0.14285714285714285,0.2917142857142857,0.14285714285714285,0.07142857142857142,8.333333333333334,0.0,0.0,2.0
Melvin Ely,581,2244.0,3.8623063683304646,1352.0,2.3270223752151464,281.0,0.4836488812392427,0.276065404475043,0.0,0.2412013769363167,15.394736842105264,115.0,237.0,454.0
Melvin Frazier Jr.,112,139.0,1.2522522522522523,54.0,0.4864864864864865,10.0,0.09009009009009009,0.10881981981981982,0.06406306306306306,0.07207207207207207,9.133333333333333,17.0,2.0,19.0
Melvin Jr.,1,11.0,11.0,3.0,3.0,0.0,0.0,0.667,0.0,1.0,,1.0,0.0,0.0
Melvin Newbern,33,119.0,3.606060606060606,37.0,1.121212121212121,57.0,1.7272727272727273,0.25833333333333336,0.015151515151515152,0.2903636363636364,9.424242424242424,23.0,1.0,32.0
Melvin Sanders,34,99.0,2.911764705882353,45.0,1.3235294117647058,11.0,0.3235294117647059,0.36626470588235294,0.08823529411764706,0.2016470588235294,9.0,8.0,2.0,17.0
Mengke Bateer,98,164.0,1.6734693877551021,119.0,1.2142857142857142,27.0,0.2755102040816326,0.17670408163265305,0.025510204081632654,0.12075510204081633,10.0,11.0,5.0,40.0
Metta Peace,3,18.0,6.0,3.0,1.0,2.0,0.6666666666666666,0.25766666666666665,0.0,0.22233333333333336,9.0,4.0,0.0,2.0
Metta World Peace,1301,15017.0,11.542659492697924,5125.0,3.9392774788624134,3027.0,2.3266717909300536,0.34751114527286703,0.27338278247501924,0.4773781706379708,31.10784467713787,1951.0,605.0,2045.0
Meyers Leonard,740,3036.0,4.125,2077.0,2.8220108695652173,464.0,0.6304347826086957,0.3112703804347826,0.19101630434782607,0.19418070652173913,15.431818181818182,104.0,153.0,385.0
Mfiondu Kabengele,137,188.0,1.3722627737226278,106.0,0.7737226277372263,24.0,0.17518248175182483,0.16077372262773723,0.11727737226277372,0.10766423357664233,7.0,13.0,23.0,27.0
Micah Downs,7,21.0,3.0,16.0,2.2857142857142856,2.0,0.2857142857142857,0.2975714285714286,0.0,0.42857142857142855,8.857142857142858,1.0,3.0,6.0
Micah Peavy,82,283.0,3.451219512195122,127.0,1.548780487804878,66.0,0.8048780487804879,0.2379878048780488,0.15610975609756098,0.08689024390243902,15.098153846153846,46.0,11.0,26.0
Micah Potter,177,767.0,4.357954545454546,510.0,2.897727272727273,114.0,0.6477272727272727,0.29567045454545454,0.21557954545454547,0.24928977272727273,16.43806722689076,44.0,40.0,96.0
Michael Adams,673,9877.0,14.676077265973253,1967.0,2.9227340267459136,4312.0,6.407132243684993,0.39973402674591385,0.2960950965824666,0.682038632986627,31.38930163447251,1112.0,68.0,1446.0
Michael Anderson,36,204.0,5.666666666666667,89.0,2.4722222222222223,153.0,4.25,0.30544444444444446,0.027777777777777776,0.42427777777777775,20.27777777777778,44.0,3.0,84.0
Michael Ansley,149,1026.0,6.885906040268456,621.0,4.167785234899329,67.0,0.44966442953020136,0.4603959731543624,0.0,0.4596577181208054,14.38255033557047,51.0,24.0,85.0
Michael Beasley,774,8323.0,10.795071335927368,3182.0,4.127107652399482,865.0,1.1219195849546044,0.39164332036316474,0.20534370946822308,0.44725291828793773,22.120765832106038,393.0,345.0,1164.0
Michael Bradley,291,490.0,1.6838487972508591,602.0,2.06872852233677,98.0,0.33676975945017185,0.20159450171821305,0.006872852233676976,0.05972852233676976,11.067415730337078,25.0,47.0,113.0
Michael Brooks,323,4089.0,12.659442724458204,2005.0,6.207430340557275,820.0,2.538699690402477,0.4561455108359133,0.010835913312693499,0.5451176470588236,29.058823529411764,304.0,122.0,609.0
Michael Cage,1207,8539.0,7.074565037282519,8948.0,7.413421706710853,1087.0,0.9005799502899752,0.46498674399337203,0.0,0.36498757249378627,25.752724224643757,1087.0,759.0,1200.0
Michael Carter-Williams,569,4397.0,7.768551236749117,1899.0,3.3551236749116606,1856.0,3.2791519434628977,0.29884628975265015,0.13669081272084807,0.4081696113074205,24.396355353075172,548.0,244.0,993.0
Michael Cooper,1057,9406.0,8.898770104068117,3339.0,3.1589403973509933,4367.0,4.131504257332072,0.46290444654683066,0.2119072847682119,0.5106130558183538,26.81173131504257,1124.0,578.0,1557.0
Michael Curry,719,3144.0,4.372739916550765,1087.0,1.5118219749652295,842.0,1.1710709318497914,0.3880055632823366,0.07199582753824757,0.3613616133518776,19.282670454545453,349.0,71.0,473.0
Michael Davis,9,14.0,1.5555555555555556,10.0,1.1111111111111112,0.0,0.0,0.3055555555555556,0.0,0.19444444444444445,3.2222222222222223,0.0,3.0,0.0
Michael Devoe,4,14.0,4.666666666666667,3.0,1.0,3.0,1.0,0.26666666666666666,0.22233333333333336,0.22233333333333336,,0.0,0.0,1.0
Michael Dickerson,230,3274.0,14.234782608695653,613.0,2.6652173913043478,556.0,2.417391304347826,0.3909913043478261,0.33491739130434783,0.5458391304347826,34.60648148148148,215.0,88.0,409.0
Michael Doleac,781,3000.0,3.8412291933418694,2058.0,2.6350832266325224,353.0,0.4519846350832266,0.31296927016645326,0.0012804097311139564,0.20366709346991035,14.078149920255184,207.0,212.0,392.0
Michael Dunigan,4,2.0,0.5,9.0,2.25,1.0,0.25,0.25,0.0,0.0,6.75,1.0,1.0,2.0
Michael Fey,1,2.0,2.0,1.0,1.0,0.0,0.0,0.5,0.0,0.0,9.0,0.0,0.0,1.0
Michael Finley,1294,19079.0,14.74420401854714,5322.0,4.112828438948996,3516.0,2.7171561051004636,0.41416769706336937,0.31805873261205564,0.5431244204018547,33.25,1107.0,358.0,1774.0
Michael Foster Jr.,8,5.0,0.625,7.0,0.875,1.0,0.125,0.0625,0.125,0.0,4.25,0.0,1.0,4.0
Michael Frazier II,56,42.0,0.75,23.0,0.4107142857142857,8.0,0.14285714285714285,0.08687500000000001,0.05803571428571429,0.0625,9.523809523809524,3.0,0.0,10.0
Michael Gbinije,33,32.0,0.9696969696969697,11.0,0.3333333333333333,4.0,0.12121212121212122,0.05890909090909091,0.030303030303030304,0.09090909090909091,6.066666666666666,2.0,2.0,4.0
Michael Hawkins,140,134.0,0.9571428571428572,68.0,0.4857142857142857,117.0,0.8357142857142857,0.10633571428571428,0.06797142857142857,0.05892857142857143,7.909090909090909,21.0,2.0,50.0
Michael Holton,333,2046.0,6.1441441441441444,467.0,1.4024024024024024,991.0,2.975975975975976,0.38294294294294295,0.05775675675675676,0.4238318318318318,17.81081081081081,210.0,30.0,414.0
Michael Holyfield,1,0.0,0.0,0.0,0.0,0.0,0.0,0.0,0.0,0.0,7.0,0.0,0.0,1.0
Michael II,2,0.0,0.0,2.0,2.0,0.0,0.0,0.0,0.0,0.0,,0.0,0.0,1.0
Michael Jackson,89,188.0,2.1123595505617976,70.0,0.7865168539325843,198.0,2.2247191011235956,0.2523707865168539,0.07865168539325842,0.11985393258426966,9.97752808988764,28.0,5.0,66.0
Michael Jenkins,7,42.0,6.0,12.0,1.7142857142857142,12.0,1.7142857142857142,0.40471428571428575,0.32142857142857145,0.3332857142857143,16.857142857142858,3.0,0.0,14.0
Michael Jordan,1260,38415.0,30.488095238095237,7862.0,6.23968253968254,6687.0,5.307142857142857,0.4930357142857143,0.19743809523809522,0.8045539682539683,38.55246422893482,2906.0,1055.0,3485.0
Michael Jr.,1,0.0,,0.0,,0.0,,,,,,0.0,0.0,0.0
Michael Kearns,6,1.0,0.16666666666666666,2.0,0.3333333333333333,5.0,0.8333333333333334,0.0,0.0,0.08333333333333333,1.3333333333333333,0.0,0.0,0.0
Michael Kidd-Gilchrist,575,4074.0,7.109947643979058,2667.0,4.654450261780105,568.0,0.9912739965095986,0.38716404886561956,0.03606631762652705,0.43878359511343806,23.793522267206477,328.0,332.0,445.0
Michael Lee,3,0.0,0.0,5.0,1.6666666666666667,0.0,0.0,0.0,0.0,0.0,4.333333333333333,0.0,0.0,0.0
Michael McDonald,5,0.0,0.0,1.0,0.2,0.0,0.0,0.0,0.0,0.0,4.0,0.0,0.0,2.0
Michael Olowokandi,629,4296.0,6.829888712241654,3555.0,5.651828298887122,335.0,0.5325914149443561,0.3376232114467409,0.0,0.27472178060413355,25.060263653483993,232.0,730.0,942.0
Michael Porter Jr.,524,8186.0,15.68199233716475,3209.0,6.147509578544061,756.0,1.4482758620689655,0.45620689655172414,0.3608122605363985,0.5110670498084291,28.792670682730925,331.0,256.0,642.0
Michael Qualls,6,0.0,0.0,0.0,0.0,0.0,0.0,0.0,0.0,0.0,,0.0,0.0,0.0
Michael Redd,738,12789.0,17.329268292682926,2577.0,3.491869918699187,1443.0,1.9552845528455285,0.4005067750677507,0.3141910569105691,0.6290325203252033,31.025630498533722,609.0,72.0,1058.0
Michael Ruffin,525,784.0,1.4933333333333334,1801.0,3.4304761904761905,279.0,0.5314285714285715,0.2250095238095238,0.0,0.15356190476190476,13.772428884026258,223.0,207.0,305.0
Michael Smith,608,3263.0,5.340425531914893,3428.0,5.610474631751227,812.0,1.3289689034369885,0.4699770867430442,0.01309328968903437,0.35672995090016363,19.70216306156406,385.0,255.0,638.0
Michael Stewart,500,629.0,1.258,916.0,1.832,88.0,0.176,0.162472,0.0,0.10079600000000001,10.83617747440273,56.0,280.0,144.0
Michael Sweetney,333,1743.0,5.2342342342342345,1176.0,3.5315315315315314,164.0,0.4924924924924925,0.3476906906906907,0.0,0.3795075075075075,14.852830188679246,85.0,127.0,317.0
Michael Wallace,5,27.0,5.4,0.0,0.0,0.0,0.0,0.0,0.0,0.0,0.0,0.0,0.0,0.0
Michael Wiley,97,694.0,7.154639175257732,245.0,2.5257731958762886,63.0,0.6494845360824743,0.505680412371134,0.0,0.3871855670103093,13.29896907216495,22.0,22.0,91.0
Michael Young,52,225.0,4.326923076923077,89.0,1.7115384615384615,24.0,0.46153846153846156,0.3130384615384615,0.11057692307692307,0.16988461538461538,9.134615384615385,25.0,3.0,15.0
Michaela Pavlickova,1,12.0,12.0,7.0,7.0,2.0,2.0,0.313,0.0,0.4,29.0,1.0,0.0,2.0
Michale Kyser,7,0.0,0.0,2.0,0.2857142857142857,0.0,0.0,0.0,0.0,0.0,4.0,0.0,0.0,0.0
Micheal Eric,9,22.0,2.4444444444444446,18.0,2.0,2.0,0.2222222222222222,0.26844444444444443,0.0,0.2222222222222222,10.833333333333334,2.0,4.0,5.0
Micheal Ray Richardson,576,8550.0,14.84375,3147.0,5.463541666666667,4023.0,6.984375,0.44371180555555556,0.08638541666666667,0.5316805555555555,33.333333333333336,1099.0,139.0,1189.0
Micheal Williams,465,4708.0,10.1247311827957,1085.0,2.3333333333333335,2464.0,5.298924731182796,0.384505376344086,0.05450967741935484,0.6198322580645161,24.97906976744186,744.0,96.0,960.0
Michelle Snow,1,4.0,4.0,1.0,1.0,2.0,2.0,1.0,0.0,0.0,19.0,0.0,0.0,2.0
Mickael Gelabale,202,739.0,3.6584158415841586,348.0,1.7227722772277227,135.0,0.6683168316831684,0.28897524752475245,0.12912871287128713,0.2180940594059406,15.65625,55.0,36.0,105.0
Mickael Pietrus,764,5438.0,7.117801047120419,1999.0,2.6164921465968587,517.0,0.6767015706806283,0.334119109947644,0.26570287958115185,0.3160183246073298,21.127465857359635,445.0,284.0,670.0
Mickell Gladness,49,72.0,1.469387755102041,85.0,1.7346938775510203,7.0,0.14285714285714285,0.2070408163265306,0.0,0.10204081632653061,9.166666666666666,6.0,34.0,12.0
Mickey Dillard,32,73.0,2.28125,15.0,0.46875,33.0,1.03125,0.24840625,0.0,0.22134375,6.9375,5.0,2.0,2.0
Mickey Johnson,928,13072.0,14.086206896551724,6493.0,6.9967672413793105,2634.0,2.8383620689655173,0.4269558189655172,0.02065301724137931,0.6897650862068965,26.115301724137932,795.0,532.0,1541.0
Mickey McConnell,5,9.0,1.8,3.0,0.6,7.0,1.4,0.18,0.0,0.4,8.8,2.0,0.0,2.0
Mikal Bridges,751,10779.0,14.391188251001335,2936.0,3.9198931909212282,2070.0,2.7636849132176233,0.4800387182910547,0.33478771695594123,0.4984606141522029,32.709806306306305,876.0,447.0,899.0
Mike Bantom,736,8746.0,11.883152173913043,4626.0,6.2853260869565215,1657.0,2.251358695652174,0.4547567934782609,0.002717391304347826,0.5464171195652174,27.483695652173914,393.0,351.0,484.0
Mike Barr,73,285.0,3.904109589041096,130.0,1.7808219178082192,175.0,2.3972602739726026,0.3741369863013699,0.0,0.2534109589041096,16.78082191780822,51.0,17.0,0.0
Mike Batiste,84,513.0,6.107142857142857,272.0,3.238095238095238,54.0,0.6428571428571429,0.37583333333333335,0.12301190476190477,0.35820238095238094,16.48051948051948,44.0,16.0,75.0
Mike Bibby,1185,16461.0,13.891139240506329,3522.0,2.972151898734177,6085.0,5.135021097046414,0.402389029535865,0.32247426160337556,0.5339789029535865,32.89748045178106,1332.0,177.0,2385.0
Mike Bloom,13,56.0,4.3076923076923075,0.0,0.0,0.0,0.0,0.0,0.0,0.5033846153846154,0.0,0.0,0.0,0.0
Mike Bratz,624,4403.0,7.056089743589744,1090.0,1.7467948717948718,1947.0,3.1201923076923075,0.3845801282051282,0.11053365384615385,0.4648397435897436,18.091346153846153,562.0,59.0,812.0
Mike Brittain,39,65.0,1.6666666666666667,54.0,1.3846153846153846,7.0,0.1794871794871795,0.3777692307692308,0.0,0.14102564102564102,6.410256410256411,4.0,13.0,22.0
Mike Brown,677,3371.0,4.979320531757755,2925.0,4.320531757754801,447.0,0.6602658788774003,0.4066765140324963,0.0014771048744460858,0.4314711964549483,17.377611940298507,261.0,174.0,683.0
Mike Champion,2,0.0,0.0,0.0,0.0,0.0,0.0,0.0,0.0,0.0,2.0,0.0,0.0,1.0
Mike Conley,1518,19213.0,12.690224570673712,4127.0,2.725891677675033,7778.0,5.137384412153237,0.40410766182298546,0.33332232496697495,0.5777945838837516,29.791367223769733,1857.0,290.0,2557.0
Mike D'Antoni,134,450.0,3.3582089552238807,191.0,1.4253731343283582,250.0,1.8656716417910448,0.31201492537313436,0.0,0.20261194029850746,10.246268656716419,62.0,11.0,0.0
Mike Davis,204,2189.0,10.730392156862745,403.0,1.9754901960784315,304.0,1.4901960784313726,0.34650000000000003,0.0,0.6312696078431372,16.166666666666668,0.0,0.0,0.0
Mike Dunleavy,1620,15920.0,9.82716049382716,5293.0,3.267283950617284,4230.0,2.611111111111111,0.4112364197530864,0.26836234567901235,0.49526728395061725,24.23987341772152,1087.0,364.0,1987.0
Mike Evans,649,5057.0,7.7919876733436055,914.0,1.4083204930662558,1669.0,2.571648690292758,0.40590292758089364,0.1387426810477658,0.3585192604006163,16.856702619414484,468.0,56.0,826.0
Mike Farmer,445,2945.0,6.617977528089888,1498.0,3.3662921348314607,373.0,0.8382022471910112,0.2554876404494382,0.0,0.4645775280898876,10.420224719101123,0.0,0.0,0.0
Mike Flynn,144,896.0,6.222222222222222,304.0,2.111111111111111,321.0,2.2291666666666665,0.3851111111111111,0.0,0.33819444444444446,15.847222222222221,71.0,11.0,19.0
Mike Gale,481,3570.0,7.422037422037422,1197.0,2.4885654885654884,2088.0,4.340956340956341,0.4452536382536383,0.007796257796257797,0.4134116424116424,24.719334719334718,864.0,168.0,395.0
Mike Gibson,64,101.0,1.578125,106.0,1.65625,14.0,0.21875,0.252828125,0.0,0.1171875,6.09375,14.0,11.0,19.0
Mike Glenn,615,4593.0,7.46829268292683,731.0,1.1886178861788619,963.0,1.5658536585365854,0.5022650406504066,0.007858536585365854,0.3816130081300813,15.933333333333334,191.0,34.0,263.0
Mike Gminski,973,11346.0,11.660842754367934,6663.0,6.847893114080165,1226.0,1.2600205549845838,0.44743884892086333,0.0041109969167523125,0.6264439876670093,25.617677286742033,484.0,966.0,1258.0
Mike Green,265,2237.0,8.441509433962263,1446.0,5.456603773584906,362.0,1.3660377358490565,0.4344679245283019,0.0,0.44107924528301884,22.38867924528302,119.0,368.0,121.0
Mike Hall,16,36.0,2.25,33.0,2.0625,5.0,0.3125,0.3958125,0.0,0.0625,11.538461538461538,4.0,2.0,5.0
Mike Harper,124,616.0,4.967741935483871,433.0,3.4919354838709675,71.0,0.5725806451612904,0.41119354838709676,0.0,0.36704838709677423,15.32258064516129,78.0,105.0,124.0
Mike Harris,111,274.0,2.4684684684684686,195.0,1.7567567567567568,21.0,0.1891891891891892,0.2874504504504504,0.009009009009009009,0.20909009009009008,8.916666666666666,39.0,17.0,52.0
Mike Higgins,18,30.0,1.6666666666666667,9.0,0.5,5.0,0.2777777777777778,0.2647222222222222,0.0,0.24538888888888888,6.166666666666667,2.0,4.0,5.0
Mike Iuzzolino,122,1096.0,8.98360655737705,238.0,1.9508196721311475,522.0,4.278688524590164,0.44,0.3029016393442623,0.505655737704918,24.991803278688526,82.0,7.0,221.0
Mike James,882,6828.0,7.741496598639456,1585.0,1.7970521541950113,2436.0,2.761904761904762,0.3055113378684807,0.24065079365079364,0.3471984126984127,22.25,548.0,51.0,1057.0
Mike Jr.,1,0.0,,0.0,,0.0,,,,,,0.0,0.0,0.0
Mike Lynn,52,130.0,2.5,67.0,1.2884615384615385,29.0,0.5576923076923077,0.3071923076923077,0.0,0.26311538461538464,7.711538461538462,0.0,0.0,0.0
Mike Macaluso,30,48.0,1.6,20.0,0.6666666666666666,2.0,0.06666666666666667,0.19,0.0,0.14166666666666666,2.5,0.0,1.0,0.0
Mike McGee,588,5454.0,9.275510204081632,1218.0,2.0714285714285716,684.0,1.163265306122449,0.4316530612244898,0.18639285714285714,0.31624319727891154,17.1921768707483,376.0,50.0,665.0
Mike Miles Jr.,2,0.0,0.0,0.0,0.0,0.0,0.0,0.0,0.0,0.0,,0.0,0.0,0.0
Mike Miller,1390,11884.0,8.549640287769785,4815.0,3.464028776978417,2876.0,2.069064748201439,0.33912661870503596,0.2891107913669065,0.31876258992805756,25.324301439458086,647.0,250.0,1684.0
Mike Mitchell,795,15680.0,19.72327044025157,4474.0,5.627672955974843,1061.0,1.3345911949685534,0.4839283018867925,0.01970691823899371,0.6637031446540881,32.34591194968554,507.0,422.0,1164.0
Mike Morrison,36,72.0,2.0,20.0,0.5555555555555556,11.0,0.3055555555555556,0.24766666666666667,0.05555555555555555,0.3194444444444444,4.25,2.0,0.0,23.0
Mike Muscala,847,3579.0,4.245551601423488,1910.0,2.265717674970344,515.0,0.6109134045077106,0.301650059311981,0.1963582443653618,0.20843534994068805,14.240322580645161,197.0,276.0,342.0
Mike Newlin,859,12836.0,14.942956926658905,2291.0,2.667054714784633,3061.0,3.5634458672875438,0.38276717112922004,0.019142025611175787,0.7032852153667054,24.17811408614668,362.0,26.0,314.0
Mike Niles,46,115.0,2.5,58.0,1.2608695652173914,15.0,0.32608695652173914,0.27806521739130435,0.043478260869565216,0.14130434782608695,5.108695652173913,9.0,1.0,25.0
Mike Novak,61,222.0,3.639344262295082,1.0,0.01639344262295082,1.0,0.01639344262295082,0.0,0.0,0.40375409836065573,0.19672131147540983,0.0,0.0,0.0
Mike O'Koren,427,3427.0,8.02576112412178,1437.0,3.3653395784543325,874.0,2.0468384074941453,0.44357611241217804,0.053864168618266976,0.3109063231850117,21.14519906323185,186.0,69.0,342.0
Mike O'Neill,3,10.0,3.3333333333333335,0.0,0.0,0.0,0.0,0.0,0.0,0.6666666666666666,0.0,0.0,0.0,0.0
Mike Penberthy,59,272.0,4.610169491525424,65.0,1.1016949152542372,73.0,1.2372881355932204,0.34696610169491526,0.32135593220338987,0.23728813559322035,14.785714285714286,24.0,2.0,34.0
Mike Peplowski,70,194.0,2.7714285714285714,176.0,2.5142857142857142,26.0,0.37142857142857144,0.43194285714285713,0.0,0.15,10.367647058823529,19.0,27.0,38.0
Mike Phelps,132,470.0,3.5606060606060606,141.0,1.0681818181818181,138.0,1.0454545454545454,0.3630909090909091,0.015151515151515152,0.238,10.386363636363637,71.0,3.0,96.0
Mike Price,127,403.0,3.173228346456693,151.0,1.188976377952756,92.0,0.7244094488188977,0.2666535433070866,0.0,0.22203937007874017,8.031496062992126,0.0,0.0,0.0
Mike Ratliff,60,241.0,4.016666666666667,194.0,3.2333333333333334,36.0,0.6,0.35419999999999996,0.0,0.2407,7.933333333333334,0.0,0.0,0.0
Mike Riordan,723,6947.0,9.608575380359612,1984.0,2.744121715076072,1535.0,2.123098201936376,0.4001728907330567,0.0,0.43287136929460585,22.604426002766253,53.0,9.0,0.0
Mike Sanders,715,5587.0,7.813986013986014,2095.0,2.93006993006993,965.0,1.3496503496503496,0.45379440559440565,0.028437762237762235,0.38273286713286714,18.88951048951049,504.0,229.0,798.0
Mike Scott,751,4471.0,5.969292389853138,2078.0,2.774365821094793,574.0,0.7663551401869159,0.3651762349799733,0.24437383177570093,0.2445634178905207,16.03048780487805,208.0,85.0,437.0
Mike Silliman,36,91.0,2.5277777777777777,55.0,1.5277777777777777,21.0,0.5833333333333334,0.28080555555555553,0.0,0.2237777777777778,9.055555555555555,0.0,0.0,0.0
Mike Smith,24,51.0,2.125,22.0,0.9166666666666666,10.0,0.4166666666666667,0.22316666666666665,0.034708333333333334,0.13541666666666666,10.176470588235293,5.0,3.0,7.0
Mike Smrek,215,565.0,2.627906976744186,435.0,2.0232558139534884,49.0,0.22790697674418606,0.3226744186046512,0.0,0.22674418604651161,9.125581395348837,38.0,160.0,141.0
Mike Sojourner,191,1658.0,8.680628272251308,1163.0,6.0890052356020945,155.0,0.8115183246073299,0.4295235602094241,0.0,0.3782774869109948,18.026178010471206,31.0,32.0,0.0
Mike Taylor,77,400.0,5.194805194805195,114.0,1.4805194805194806,154.0,2.0,0.27205194805194804,0.11775324675324675,0.30584415584415586,15.123076923076923,49.0,1.0,108.0
Mike Tobey,13,14.0,1.0769230769230769,10.0,0.7692307692307693,2.0,0.15384615384615385,0.141,0.0,0.0,15.25,1.0,2.0,2.0
Mike Wilks,401,651.0,1.6234413965087282,255.0,0.6359102244389028,299.0,0.7456359102244389,0.19305985037406484,0.06587531172069826,0.12778054862842894,8.984555984555984,89.0,10.0,126.0
Mike Williams,21,15.0,0.7142857142857143,23.0,1.0952380952380953,2.0,0.09523809523809523,0.17461904761904762,0.0,0.07142857142857142,4.857142857142857,3.0,7.0,3.0
Mike Wilson,33,108.0,3.272727272727273,36.0,1.0909090909090908,45.0,1.3636363636363635,0.3058181818181818,0.0,0.29593939393939395,10.242424242424242,15.0,4.0,28.0
Mike Woodson,799,11139.0,13.941176470588236,1868.0,2.3379224030037546,1847.0,2.311639549436796,0.4376245306633291,0.08164205256570713,0.6128510638297873,25.43929912390488,916.0,270.0,1206.0
Mike Young,6,1.0,0.2,4.0,0.8,0.0,0.0,0.0,0.0,0.1,4.5,0.0,0.0,0.0
Mikki Moore,746,3626.0,4.86058981233244,2410.0,3.2305630026809653,465.0,0.6233243967828418,0.4014276139410187,0.004021447721179625,0.337485254691689,17.732371794871796,210.0,329.0,609.0
Mile Ilic,32,7.0,0.21875,8.0,0.25,3.0,0.09375,0.05728125,0.0,0.0078125,3.5454545454545454,0.0,2.0,7.0
Miles Bridges,544,8280.0,15.276752767527675,3249.0,5.9944649446494465,1436.0,2.6494464944649447,0.44553321033210336,0.30989852398523987,0.5995276752767528,30.08191287878788,373.0,347.0,820.0
Miles Kelly,31,69.0,2.225806451612903,30.0,0.967741935483871,20.0,0.6451612903225806,0.17280645161290323,0.12829032258064516,0.06451612903225806,8.7795,7.0,1.0,10.0
Miles McBride,439,2495.0,5.683371298405467,556.0,1.2665148063781322,634.0,1.4441913439635534,0.27630979498861047,0.2365330296127563,0.19373576309794988,18.06255399061033,248.0,57.0,186.0
Miles Norris,14,15.0,1.0714285714285714,15.0,1.0714285714285714,4.0,0.2857142857142857,0.11307142857142857,0.10714285714285714,0.03571428571428571,8.241428571428571,5.0,1.0,2.0
Miles Plumlee,498,1863.0,3.7712550607287447,1681.0,3.402834008097166,190.0,0.38461538461538464,0.366163967611336,0.0,0.17113562753036438,15.73015873015873,171.0,279.0,342.0
Miles Simon,26,2.0,0.07692307692307693,2.0,0.07692307692307693,0.0,0.0,0.038461538461538464,0.0,0.0,3.4,1.0,0.0,3.0
Miller Kopp,5,15.0,3.0,9.0,1.8,1.0,0.2,0.33340000000000003,0.4,0.4,6.8100000000000005,1.0,0.0,1.0
Milone Clark,3,13.0,4.333333333333333,4.0,1.3333333333333333,1.0,0.3333333333333333,0.6223333333333333,0.0,0.16666666666666666,7.666666666666667,0.0,0.0,0.0
Milos Babic,21,37.0,1.7619047619047619,20.0,0.9523809523809523,10.0,0.47619047619047616,0.38095238095238093,0.0,0.21428571428571427,4.142857142857143,2.0,1.0,10.0
Milos Teodosic,103,551.0,5.455445544554456,161.0,1.5940594059405941,282.0,2.792079207920792,0.28649504950495047,0.2614158415841584,0.20214851485148516,21.043478260869566,31.0,9.0,136.0
Milos Vujanic,2,17.0,8.5,1.0,0.5,2.0,1.0,0.5,0.5,0.5,20.0,0.0,0.0,5.0
Milt Palacio,552,2310.0,4.184782608695652,854.0,1.5471014492753623,1242.0,2.25,0.31613949275362324,0.04595471014492754,0.29789855072463767,17.150205761316872,313.0,59.0,613.0
Milt Wagner,58,221.0,3.810344827586207,37.0,0.6379310344827587,79.0,1.3620689655172413,0.37767241379310346,0.07470689655172415,0.23931034482758623,8.793103448275861,8.0,8.0,34.0
Milt Williams,68,236.0,3.4705882352941178,51.0,0.75,118.0,1.7352941176470589,0.2906470588235294,0.0,0.27698529411764705,9.147058823529411,3.0,0.0,0.0
Milton Doyle,29,65.0,2.2413793103448274,26.0,0.896551724137931,17.0,0.5862068965517241,0.1246896551724138,0.05172413793103448,0.12644827586206897,13.297857142857143,9.0,3.0,12.0
Mindaugas Kuzminskas,92,480.0,5.217391304347826,139.0,1.5108695652173914,79.0,0.8586956521739131,0.2946413043478261,0.20147826086956525,0.2871413043478261,14.146666666666667,32.0,13.0,61.0
Ming Yao,6,42.0,7.0,24.0,4.0,8.0,1.3333333333333333,0.5295,0.0,0.3333333333333333,16.988333333333333,1.0,2.0,3.0
Mingxin Ju,2,19.0,9.5,9.0,4.5,6.0,3.0,0.472,0.0,0.75,,4.0,1.0,12.0
Mingxing Ju,1,9.0,9.0,4.0,4.0,0.0,0.0,0.5,0.0,1.0,,2.0,0.0,0.0
Mingxu Ju,1,7.0,7.0,5.0,5.0,5.0,5.0,0.111,0.0,0.714,,0.0,0.0,2.0
Miroslav Raduljica,97,204.0,2.1030927835051547,128.0,1.3195876288659794,27.0,0.27835051546391754,0.22544329896907214,0.0,0.21409278350515462,9.017241379310345,11.0,15.0,39.0
Mirsad Turkcan,82,37.0,0.45121951219512196,35.0,0.4268292682926829,5.0,0.06097560975609756,0.063,0.0,0.042682926829268296,4.7368421052631575,3.0,1.0,11.0
Mirza Begic,2,8.0,4.0,11.0,5.5,2.0,1.0,0.4165,0.0,0.25,18.5,2.0,2.0,1.0
Mirza Teletovic,438,3049.0,6.961187214611872,1218.0,2.780821917808219,313.0,0.7146118721461188,0.3060570776255708,0.26317351598173516,0.22441324200913243,17.340425531914892,125.0,95.0,301.0
Mitar Bosnjakovic,1,0.0,,0.0,,0.0,,,,,,0.0,0.0,0.0
Mitch Ballock,5,12.0,2.4,3.0,0.6,1.0,0.2,0.13340000000000002,0.12,0.2,15.0,0.0,0.0,1.0
Mitch Kupchak,578,5727.0,9.908304498269896,3053.0,5.282006920415225,421.0,0.7283737024221453,0.4855380622837371,0.0,0.5061487889273356,19.23356401384083,91.0,120.0,386.0
Mitch McCarron,9,32.0,3.5555555555555554,36.0,4.0,42.0,4.666666666666667,0.20822222222222223,0.15555555555555556,0.2222222222222222,,14.0,3.0,15.0
Mitch McGary,100,270.0,2.7551020408163267,207.0,2.1122448979591835,25.0,0.25510204081632654,0.21169387755102043,0.02040816326530612,0.1096938775510204,10.839285714285714,20.0,20.0,43.0
Mitch Norton,2,13.0,6.5,5.0,2.5,6.0,3.0,0.3575,0.0,0.375,,2.0,1.0,4.0
Mitch Richmond,1064,20993.0,19.730263157894736,3934.0,3.6973684210526314,3477.0,3.267857142857143,0.4251127819548872,0.30297932330827065,0.7302490601503759,34.94217347956132,1234.0,261.0,2639.0
Mitchell Anderson,161,762.0,4.732919254658385,442.0,2.7453416149068324,110.0,0.6832298136645962,0.3802111801242236,0.006211180124223602,0.225944099378882,12.229813664596273,89.0,39.0,112.0
Mitchell Butler,423,1874.0,4.430260047281324,725.0,1.7139479905437351,344.0,0.8132387706855791,0.30309929078014186,0.09813947990543735,0.25406855791962174,14.756830601092895,216.0,53.0,355.0
Mitchell Creek,15,21.0,1.5,12.0,0.8571428571428571,6.0,0.42857142857142855,0.10714285714285714,0.0,0.15478571428571428,7.833333333333333,2.0,0.0,1.0
Mitchell Robinson,500,3405.0,6.851106639839034,3712.0,7.468812877263582,302.0,0.607645875251509,0.6282173038229376,0.0,0.3123822937625754,22.451963276836157,423.0,777.0,322.0
Mitchell Watt,8,7.0,0.875,4.0,0.5,3.0,0.375,0.104125,0.0,0.0625,9.0,1.0,3.0,0.0
Mitchell Wiggins,418,4110.0,9.832535885167465,1333.0,3.188995215311005,640.0,1.5311004784688995,0.4283062200956938,0.023126794258373204,0.4619066985645933,20.679425837320576,414.0,38.0,485.0
Miye Oni,175,226.0,1.2914285714285714,155.0,0.8857142857142857,61.0,0.3485714285714286,0.15067428571428573,0.1410057142857143,0.03314285714285714,8.455140186915889,22.0,14.0,36.0
Mo Bamba,500,2685.0,5.380761523046092,2129.0,4.266533066132265,322.0,0.6452905811623246,0.34556513026052105,0.21988977955911823,0.23307014028056114,16.18753807106599,143.0,508.0,314.0
Mo Howard,32,152.0,4.75,39.0,1.21875,42.0,1.3125,0.42025,0.0,0.32290625,10.78125,11.0,5.0,0.0
Mo Martin,76,242.0,3.1842105263157894,75.0,0.9868421052631579,58.0,0.7631578947368421,0.2859078947368421,0.030697368421052633,0.24880263157894736,6.381578947368421,19.0,11.0,49.0
Mo Williams,1053,11995.0,11.391263057929725,2508.0,2.381766381766382,4406.0,4.184235517568851,0.36522412155745493,0.28259354226020894,0.48709971509971517,27.97912579957356,791.0,136.0,2089.0
Moe Becker,2,4.0,2.0,0.0,0.0,0.0,0.0,0.0,0.0,0.0,0.0,0.0,0.0,0.0
Moe Radovich,3,14.0,4.666666666666667,0.0,0.0,2.0,0.6666666666666666,0.0,0.0,0.6666666666666666,0.0,0.0,0.0,0.0
Mohamed Diawara,107,269.0,2.514018691588785,119.0,1.1121495327102804,62.0,0.5794392523364486,0.23872897196261683,0.17701869158878503,0.08177570093457943,8.935500000000001,20.0,6.0,38.0
Mojave King,3,42.0,14.0,9.0,3.0,4.0,1.3333333333333333,0.4443333333333333,0.43933333333333335,0.6,,0.0,1.0,5.0
Monta Ellis,998,16180.0,16.2124248496994,3122.0,3.1282565130260522,4220.0,4.228456913827655,0.4092995991983968,0.22255711422845692,0.6082004008016032,33.62633832976445,1550.0,300.0,2491.0
Monte Morris,561,4669.0,8.352415026833631,1125.0,2.012522361359571,1776.0,3.177101967799642,0.4078318425760286,0.30108944543828264,0.3342128801431127,22.076574803149605,359.0,84.0,354.0
Monte Towe,53,134.0,2.5283018867924527,34.0,0.6415094339622641,88.0,1.6603773584905661,0.312566037735849,0.0,0.16981132075471697,7.830188679245283,15.0,0.0,0.0
Monti Davis,13,144.0,11.076923076923077,4.0,0.3076923076923077,0.0,0.0,0.07692307692307693,0.0,0.6471538461538462,0.7692307692307693,0.0,1.0,0.0
Montrezl Harrell,700,6901.0,9.872675250357654,2884.0,4.125894134477825,752.0,1.0758226037195995,0.48832904148783973,0.014782546494992848,0.42300143061516454,19.596219931271477,300.0,455.0,616.0
Monty Williams,545,2969.0,5.447706422018348,1356.0,2.4880733944954128,554.0,1.0165137614678899,0.40375229357798165,0.007339449541284404,0.34415963302752295,15.80287474332649,256.0,139.0,574.0
Monté Morris,1,15.0,15.0,1.0,1.0,9.0,9.0,0.455,0.0,1.0,,1.0,0.0,2.0
Moochie Norris,522,2319.0,4.442528735632184,880.0,1.685823754789272,1256.0,2.4061302681992336,0.30340613026819924,0.11045593869731801,0.316191570881226,16.44517543859649,330.0,20.0,538.0
Mookie Blaylock,969,12731.0,13.13828689370485,3925.0,4.050567595459237,6329.0,6.531475748194015,0.38628482972136224,0.271468524251806,0.4399989680082559,34.965005302226935,2189.0,324.0,2229.0
Moran Roth,3,23.0,7.666666666666667,5.0,1.6666666666666667,8.0,2.6666666666666665,0.4166666666666667,0.22233333333333336,1.0,22.0,2.0,0.0,10.0
Moritz Wagner,518,3849.0,7.488326848249027,1666.0,3.2412451361867705,495.0,0.9630350194552529,0.3986322957198443,0.21253696498054475,0.4522334630350195,15.675866050808313,233.0,120.0,482.0
Morlon Wiley,295,1078.0,3.6542372881355933,341.0,1.1559322033898305,722.0,2.447457627118644,0.33742711864406777,0.17794237288135595,0.15072542372881356,13.027118644067796,243.0,17.0,311.0
Morris Almond,78,190.0,2.4358974358974357,73.0,0.9358974358974359,14.0,0.1794871794871795,0.21580769230769234,0.0705,0.21046153846153848,10.648148148148149,15.0,4.0,37.0
Morris Peterson,849,8179.0,9.633686690223792,2685.0,3.1625441696113072,1165.0,1.3722025912838633,0.362585394581861,0.2981472320376914,0.4223686690223793,26.219667943805874,694.0,151.0,790.0
Moses Brown,306,965.0,3.15359477124183,870.0,2.843137254901961,28.0,0.0915032679738562,0.2791797385620915,0.0,0.18148366013071895,10.883555555555555,61.0,104.0,116.0
Moses Ehambe,1,0.0,0.0,0.0,0.0,0.0,0.0,0.0,0.0,0.0,5.0,0.0,0.0,0.0
Moses Malone,1430,29574.0,20.68111888111888,17565.0,12.283216783216783,1941.0,1.3573426573426572,0.4632062937062937,0.005594405594405594,0.7221125874125874,33.681118881118884,1076.0,1768.0,3115.0
Moses Moody,444,2991.0,6.736486486486487,897.0,2.02027027027027,379.0,0.8536036036036037,0.3526621621621622,0.2788063063063063,0.2969572072072072,17.41424,217.0,123.0,231.0
Moses Wood,4,2.0,0.5,1.0,0.25,0.0,0.0,0.125,0.0,0.0,2.605,0.0,0.0,0.0
Moses Wright,15,20.0,1.3333333333333333,14.0,0.9333333333333333,4.0,0.26666666666666666,0.11666666666666667,0.03333333333333333,0.13333333333333333,6.25,1.0,4.0,3.0
Mouhamadou Gueye,25,64.0,2.56,45.0,1.8,16.0,0.64,0.3362,0.02,0.214,10.86578947368421,7.0,22.0,20.0
Mouhamed Gueye,162,627.0,3.8703703703703702,480.0,2.962962962962963,122.0,0.7530864197530864,0.3112962962962963,0.17324074074074075,0.20212345679012345,14.632345679012346,102.0,79.0,62.0
Mouhamed Sene,146,138.0,0.9452054794520548,110.0,0.7534246575342466,1.0,0.00684931506849315,0.13864383561643837,0.0,0.09931506849315068,5.898305084745763,5.0,32.0,24.0
Moussa Cisse,55,176.0,3.2,228.0,4.1454545454545455,10.0,0.18181818181818182,0.321,0.0,0.18001818181818183,13.259285714285713,19.0,52.0,33.0
Moussa Diabate,228,1196.0,5.245614035087719,1256.0,5.508771929824562,220.0,0.9649122807017544,0.4700438596491228,0.006578947368421052,0.3075,18.885309278350515,132.0,140.0,160.0
Moussa Diabaté,1,14.0,14.0,7.0,7.0,2.0,2.0,1.0,0.0,0.5,,1.0,1.0,2.0
Muggsy Bogues,945,7028.0,7.437037037037037,2369.0,2.5068783068783067,6833.0,7.230687830687831,0.42961587301587306,0.05666349206349206,0.3878243386243386,28.561674008810574,1402.0,39.0,1470.0
Murray Wier,18,158.0,8.777777777777779,0.0,0.0,0.0,0.0,0.013888888888888888,0.0,0.7241666666666666,0.0,0.0,0.0,0.0
Mustafa Shakur,47,73.0,1.553191489361702,29.0,0.6170212765957447,33.0,0.7021276595744681,0.1616808510638298,0.05319148936170213,0.11702127659574468,7.121212121212121,11.0,3.0,30.0
Mustapha Farrakhan,4,0.0,0.0,2.0,0.5,3.0,0.75,0.0,0.0,0.0,3.75,1.0,0.0,1.0
Mychal Mulder,131,536.0,4.091603053435114,116.0,0.8854961832061069,43.0,0.3282442748091603,0.24782442748091604,0.22613740458015266,0.09923664122137404,13.285714285714286,20.0,17.0,35.0
Mychal Thompson,1029,13731.0,13.34402332361516,7502.0,7.290573372206025,2240.0,2.17687074829932,0.49306122448979595,0.0009718172983479105,0.5407823129251701,29.244897959183675,745.0,1160.0,2236.0
Mychel Thompson,14,49.0,3.5,27.0,1.9285714285714286,12.0,0.8571428571428571,0.21342857142857144,0.11985714285714286,0.14285714285714285,17.916666666666668,6.0,3.0,8.0
Myck Kabongo,1,6.0,6.0,0.0,0.0,0.0,0.0,1.0,0.0,1.0,5.0,0.0,0.0,0.0
Myke Henry,26,107.0,4.28,39.0,1.56,22.0,0.88,0.31484,0.23668,0.14,17.571428571428573,31.0,6.0,19.0
Myles Patrick,3,5.0,1.6666666666666667,2.0,0.6666666666666666,1.0,0.3333333333333333,0.2776666666666667,0.0,0.16666666666666666,3.0,0.0,0.0,1.0
Myles Powell,27,15.0,0.5555555555555556,6.0,0.2222222222222222,4.0,0.14814814814814814,0.0787037037037037,0.037037037037037035,0.037037037037037035,4.166666666666667,1.0,0.0,3.0
Myles Turner,869,11211.0,12.930795847750865,5345.0,6.164936562860438,1056.0,1.217993079584775,0.457757785467128,0.2875755478662053,0.5728950403690888,27.946418092909532,544.0,1732.0,1157.0
Myron Brown,4,9.0,2.25,3.0,0.75,6.0,1.5,0.625,0.125,0.0,5.75,1.0,0.0,4.0
Myron Gardner,70,198.0,2.8285714285714287,148.0,2.1142857142857143,48.0,0.6857142857142857,0.30404285714285717,0.17857142857142858,0.1538142857142857,9.797647058823529,22.0,13.0,25.0
Myron Jackson,8,11.0,1.375,3.0,0.375,6.0,0.75,0.25,0.0,0.34375,2.75,1.0,0.0,5.0
N'Faly Dante,36,50.0,1.3888888888888888,63.0,1.75,5.0,0.1388888888888889,0.22872222222222222,0.0,0.08797222222222222,8.595882352941176,7.0,10.0,7.0
Nae'Qwan Tomlin,111,442.0,3.981981981981982,220.0,1.981981981981982,59.0,0.5315315315315315,0.31723423423423425,0.1044864864864865,0.20795495495495495,14.170125000000002,46.0,35.0,33.0
Naji Marshall,468,4049.0,8.651709401709402,1604.0,3.427350427350427,981.0,2.0961538461538463,0.38024786324786325,0.21706410256410255,0.4323034188034188,22.266625916870414,343.0,71.0,525.0
Nando Colo,2,4.0,2.0,4.0,2.0,4.0,2.0,0.2665,0.0,0.0,15.0,4.0,0.0,2.0
Nando De Colo,171,507.0,2.9649122807017543,230.0,1.345029239766082,235.0,1.3742690058479532,0.2718830409356725,0.15983040935672516,0.1905438596491228,11.404411764705882,68.0,12.0,131.0
Nassir Little,334,1421.0,4.254491017964072,738.0,2.2095808383233533,190.0,0.5688622754491018,0.3026556886227545,0.19432035928143715,0.22745508982035928,15.122441860465116,80.0,98.0,137.0
Nat Clifton,543,5340.0,9.834254143646408,1096.0,2.0184162062615103,414.0,0.7624309392265194,0.11718232044198895,0.0,0.594169429097606,4.519337016574585,0.0,0.0,0.0
Nat Militzok,9,23.0,2.5555555555555554,0.0,0.0,0.0,0.0,0.0,0.0,0.05555555555555555,0.0,0.0,0.0,0.0
Nate Archibald,927,17189.0,18.542610571736784,2137.0,2.3052858683926645,6696.0,7.223300970873787,0.4570949298813376,0.018158576051779934,0.7509018338727077,31.63322545846818,462.0,60.0,754.0
Nate Blackwell,10,37.0,3.7,6.0,0.6,18.0,1.8,0.3265,0.1,0.25,11.2,3.0,0.0,8.0
Nate Bowman,272,755.0,2.775735294117647,821.0,3.0183823529411766,160.0,0.5882352941176471,0.3099669117647059,0.0,0.2095735294117647,7.926470588235294,0.0,0.0,0.0
Nate Darling,42,24.0,0.5714285714285714,8.0,0.19047619047619047,7.0,0.16666666666666666,0.06585714285714286,0.03769047619047619,0.023809523809523808,5.024615384615384,2.0,1.0,3.0
Nate DeLong,13,47.0,3.6153846153846154,0.0,0.0,0.0,0.0,0.0,0.0,0.3274615384615384,0.0,0.0,0.0,0.0
Nate Driggers,15,36.0,2.4,22.0,1.4666666666666666,6.0,0.4,0.1688,0.0,0.2556,8.4,3.0,2.0,6.0
Nate Hawthorne,180,914.0,5.0777777777777775,351.0,1.95,112.0,0.6222222222222222,0.3771444444444444,0.0,0.36950000000000005,11.527777777777779,67.0,39.0,0.0
Nate Hinton,110,104.0,0.9454545454545454,61.0,0.5545454545454546,29.0,0.2636363636363636,0.10441818181818183,0.0703,0.07424545454545455,4.766037735849056,13.0,6.0,16.0
Nate Huffman,40,23.0,0.575,23.0,0.575,5.0,0.125,0.0601,0.0,0.0625,10.857142857142858,1.0,3.0,3.0
Nate Johnson,1,0.0,0.0,0.0,0.0,0.0,0.0,0.0,0.0,0.0,5.0,0.0,0.0,1.0
Nate Johnston,24,59.0,2.4583333333333335,29.0,1.2083333333333333,2.0,0.08333333333333333,0.34079166666666666,0.041666666666666664,0.17708333333333334,4.416666666666667,4.0,9.0,6.0
Nate Linhart,2,10.0,5.0,9.0,4.5,1.0,0.5,0.375,0.4165,0.5,,0.0,1.0,3.0
Nate McMillan,924,5222.0,5.651515151515151,3565.0,3.8582251082251084,5398.0,5.841991341991342,0.40124242424242423,0.17357359307359307,0.3156385281385281,25.30089485458613,1675.0,397.0,1624.0
Nate Pierre-Louis,2,3.0,1.5,2.0,1.0,1.0,0.5,0.25,0.0,0.5,8.0,1.0,0.0,1.0
Nate Robinson,851,7787.0,9.150411280846063,1653.0,1.9424206815511162,2074.0,2.4371327849588718,0.32328319623971796,0.24887896592244418,0.40636192714453584,21.781690140845072,635.0,48.0,1022.0
Nate Thurmond,1050,15434.0,14.699047619047619,15595.0,14.852380952380953,2796.0,2.662857142857143,0.4036152380952381,0.0,0.5660085714285714,36.70095238095238,105.0,440.0,0.0
Nate Williams,788,8087.0,10.26269035532995,2565.0,3.25507614213198,999.0,1.267766497461929,0.3982043147208122,0.018610406091370556,0.4561357868020305,17.251650485436894,240.0,68.0,205.0
Nate Wolters,164,528.0,3.2392638036809815,205.0,1.2576687116564418,237.0,1.4539877300613497,0.21822085889570553,0.06696932515337424,0.1624723926380368,17.587628865979383,47.0,18.0,80.0
Nathan Jawai,69,128.0,1.855072463768116,108.0,1.565217391304348,26.0,0.37681159420289856,0.2505072463768116,0.0,0.15701449275362317,8.914893617021276,10.0,9.0,31.0
Nathan Knight,263,460.0,1.7490494296577948,246.0,0.935361216730038,50.0,0.19011406844106463,0.15704182509505704,0.03802281368821293,0.17526235741444868,6.8515625,29.0,31.0,61.0
Nathan Mensah,36,42.0,1.1666666666666667,70.0,1.9444444444444444,9.0,0.25,0.2638888888888889,0.0,0.16666666666666666,10.377,6.0,14.0,15.0
Nathan Missia-Dio,3,3.0,1.0,1.0,0.3333333333333333,0.0,0.0,0.3333333333333333,0.3333333333333333,0.0,,1.0,0.0,1.0
Nathan Sobey,2,39.0,19.5,4.0,2.0,9.0,4.5,0.459,0.393,0.619,22.32,6.0,1.0,5.0
Naz Mitrou-Long,77,62.0,0.8378378378378378,20.0,0.2702702702702703,38.0,0.5135135135135135,0.11047297297297298,0.0562972972972973,0.02027027027027027,5.730769230769231,3.0,2.0,22.0
Naz Reid,581,6532.0,11.242685025817556,2821.0,4.855421686746988,813.0,1.3993115318416522,0.4601514629948365,0.3215576592082616,0.43406884681583474,21.301251504211795,372.0,496.0,704.0
Nazr Mohammed,1509,6549.0,4.3399602385685885,5290.0,3.505632869449967,414.0,0.27435387673956263,0.3179145129224652,0.0013253810470510272,0.23779589131875414,15.173761946133796,490.0,751.0,1044.0
Ndudi Ebi,66,85.0,1.2878787878787878,42.0,0.6363636363636364,11.0,0.16666666666666666,0.1755,0.0,0.06313636363636363,5.612903225806452,4.0,12.0,16.0
Neal Walk,576,7208.0,12.51388888888889,4428.0,7.6875,1215.0,2.109375,0.4376232638888889,0.0,0.5722170138888889,23.477430555555557,40.0,21.0,0.0
Neemias Queta,326,1460.0,4.478527607361963,1175.0,3.604294478527607,222.0,0.6809815950920245,0.3835552147239264,0.003067484662576687,0.2198803680981595,16.61551937984496,99.0,193.0,162.0
Negele Knight,302,1786.0,5.913907284768212,364.0,1.205298013245033,808.0,2.6754966887417218,0.3662880794701987,0.06456622516556292,0.3147019867549669,16.07508532423208,127.0,31.0,371.0
Neil Johnson,211,831.0,3.938388625592417,641.0,3.037914691943128,198.0,0.9383886255924171,0.29866350710900474,0.0,0.3327345971563981,9.274881516587678,0.0,0.0,0.0
Neil Johnston,507,9759.0,19.24852071005917,3721.0,7.339250493096647,834.0,1.6449704142011834,0.26894871794871794,0.0,0.7302781065088757,5.731755424063117,0.0,0.0,0.0
Neil Yanke,1,0.0,0.0,1.0,1.0,0.0,0.0,0.0,0.0,0.0,5.0,0.0,1.0,0.0
Nelson Bobb,159,681.0,4.283018867924528,17.0,0.1069182389937107,45.0,0.2830188679245283,0.046,0.0,0.45348427672955977,1.0,0.0,0.0,0.0
Nelson Larkins,1,0.0,0.0,1.0,1.0,1.0,1.0,0.0,0.0,0.0,,0.0,0.0,0.0
Nelson Weidemann,1,7.0,7.0,1.0,1.0,1.0,1.0,0.4,1.0,1.0,,1.0,0.0,1.0
Nemanja Bjelica,607,3818.0,6.3003300330033,2272.0,3.7491749174917492,921.0,1.5198019801980198,0.37005115511551157,0.2837656765676567,0.27401485148514854,19.509881422924902,332.0,207.0,522.0
Nemanja Nedovic,77,88.0,1.1428571428571428,26.0,0.33766233766233766,35.0,0.45454545454545453,0.095,0.06925974025974026,0.10627272727272727,7.388888888888889,9.0,2.0,27.0
Nenad Krstic,497,4791.0,9.639839034205231,2536.0,5.10261569416499,388.0,0.7806841046277666,0.4554688128772636,0.005030181086519115,0.47976056338028167,24.409663865546218,189.0,319.0,569.0
Nene Hilario,1304,12280.0,9.431643625192013,6557.0,5.036098310291859,1932.0,1.4838709677419355,0.4605023041474654,0.005376344086021506,0.46325115207373274,25.111812443642922,1166.0,795.0,1880.0
Nene Nene,2,20.0,10.0,10.0,5.0,2.0,1.0,0.4375,0.0,0.8335,21.5,2.0,2.0,2.0
Nerlens Noel,630,3566.0,5.696485623003195,3046.0,4.865814696485623,538.0,0.8594249201277955,0.4316980830670926,0.003993610223642172,0.31408306709265177,21.336633663366335,634.0,727.0,634.0
Netanel Artzi,4,7.0,1.75,6.0,1.5,3.0,0.75,0.29175,0.125,0.0,,2.0,0.0,2.0
Nic Claxton,473,4294.0,9.097457627118644,3063.0,6.489406779661017,833.0,1.7648305084745763,0.5371292372881356,0.0211864406779661,0.3545572033898305,25.053117505995203,286.0,664.0,469.0
Nicholas Tata,2,2.0,1.0,2.0,1.0,0.0,0.0,0.1665,0.0,0.0,11.15,1.0,0.0,1.0
Nick Anderson,968,12173.0,12.575413223140496,4302.0,4.444214876033058,2197.0,2.269628099173554,0.3757985537190083,0.23265392561983472,0.39456611570247935,31.27444051825677,1186.0,393.0,1434.0
Nick Calathes,183,692.0,3.7814207650273226,287.0,1.5683060109289617,423.0,2.3114754098360657,0.33929508196721314,0.11575409836065574,0.17759562841530055,15.143790849673202,151.0,17.0,196.0
Nick Collison,1267,6108.0,4.836104513064133,5316.0,4.209026128266033,1075.0,0.8511480601741884,0.4092636579572446,0.01462074425969913,0.29691290577988916,19.53125,524.0,538.0,1003.0
Nick Fazekas,47,173.0,3.6808510638297873,135.0,2.872340425531915,17.0,0.3617021276595745,0.4014042553191489,0.0425531914893617,0.16985106382978724,11.131578947368421,13.0,13.0,23.0
Nick Johnson,98,148.0,1.5578947368421052,82.0,0.8631578947368421,44.0,0.4631578947368421,0.12575789473684212,0.05436842105263158,0.12085263157894736,9.925925925925926,14.0,4.0,51.0
Nick Jones,195,1036.0,5.312820512820513,191.0,0.9794871794871794,220.0,1.1282051282051282,0.34389743589743593,0.0,0.4513384615384615,10.394871794871795,0.0,0.0,0.0
Nick Kay,2,15.0,7.5,14.0,7.0,4.0,2.0,0.30000000000000004,0.0,0.75,,2.0,1.0,3.0
Nick King,4,6.0,3.0,5.0,2.5,0.0,0.0,0.1665,0.0,0.4,6.0,0.0,0.0,0.0
Nick Mantis,52,236.0,4.538461538461538,48.0,0.9230769230769231,25.0,0.4807692307692308,0.13882692307692307,0.0,0.258,3.6923076923076925,0.0,0.0,0.0
Nick Marshall,2,0.0,0.0,4.0,2.0,2.0,1.0,0.0,0.0,0.0,,0.0,1.0,2.0
Nick Minnerath,8,30.0,3.75,12.0,1.5,2.0,0.25,0.133875,0.0625,0.1875,9.666666666666666,2.0,1.0,3.0
Nick Ongenda,2,0.0,0.0,0.0,0.0,0.0,0.0,0.0,0.0,0.0,,0.0,0.0,0.0
Nick Richards,455,2320.0,5.0989010989010985,1899.0,4.173626373626374,180.0,0.3956043956043956,0.39962637362637365,0.009523076923076924,0.35105934065934064,16.990484848484847,76.0,271.0,330.0
Nick Sheppard,1,6.0,6.0,6.0,6.0,0.0,0.0,1.0,0.0,0.0,5.0,1.0,0.0,1.0
Nick Smith Jr.,203,1156.0,5.694581280788177,245.0,1.206896551724138,248.0,1.2216748768472907,0.2983054187192118,0.25254187192118227,0.1512758620689655,16.430811965811966,40.0,19.0,158.0
Nick Van Exel,1020,13741.0,13.47156862745098,2778.0,2.723529411764706,6146.0,6.025490196078431,0.36390196078431375,0.2947107843137255,0.5151127450980392,32.306735751295335,792.0,98.0,1990.0
Nick Vanos,68,222.0,3.264705882352941,240.0,3.5294117647058822,59.0,0.8676470588235294,0.31619117647058825,0.0,0.2436764705882353,12.382352941176471,21.0,28.0,68.0
Nick Weatherspoon,484,4367.0,9.022727272727273,2371.0,4.898760330578512,439.0,0.9070247933884298,0.4146880165289256,0.0,0.42753305785123963,21.142561983471076,168.0,77.0,278.0
Nick Wiggins,6,7.0,1.1666666666666667,0.0,0.0,0.0,0.0,0.25,0.0,0.16666666666666666,2.75,0.0,0.0,0.0
Nick Young,974,8993.0,9.23305954825462,1583.0,1.6252566735112937,754.0,0.7741273100616016,0.32413141683778235,0.27041273100616015,0.42736550308008214,21.826354679802957,439.0,148.0,784.0
Nick Zeisloft,5,0.0,0.0,0.0,0.0,0.0,0.0,0.0,0.0,0.0,1.0,0.0,0.0,0.0
Nickeil Alexander-Walker,605,5556.0,9.183471074380165,1379.0,2.2793388429752066,1343.0,2.2198347107438017,0.3506727272727273,0.29655371900826444,0.3660314049586777,22.553849056603774,410.0,232.0,716.0
Nico Mannion,50,127.0,2.54,49.0,0.98,78.0,1.56,0.16579999999999998,0.14582,0.161,11.363636363636363,18.0,1.0,32.0
Nicolas Batum,1456,12819.0,8.822436338609773,6317.0,4.34755677907777,3930.0,2.70474879559532,0.38466345492085346,0.3153269098417068,0.36717481073640745,27.323851251840942,1190.0,800.0,1894.0
Nicolas Bretzel,1,2.0,2.0,5.0,5.0,0.0,0.0,0.333,0.0,0.0,,0.0,0.0,1.0
Nicolas Brussino,105,211.0,2.0095238095238095,125.0,1.1904761904761905,56.0,0.5333333333333333,0.16525714285714285,0.1415904761904762,0.10918095238095238,9.414285714285715,19.0,9.0,35.0
Nicolas Laprovittola,32,110.0,3.4375,24.0,0.75,64.0,2.0,0.20928125,0.1734375,0.18465625,9.391304347826088,14.0,1.0,44.0
Nicolo Melli,162,616.0,3.802469135802469,357.0,2.2037037037037037,142.0,0.8765432098765432,0.24900617283950616,0.19075308641975308,0.21762345679012346,14.779661016949152,56.0,30.0,71.0
Niels Giffy,1,6.0,6.0,1.0,1.0,1.0,1.0,0.333,0.0,0.0,,0.0,0.0,2.0
Nigel Dixon,2,5.0,2.5,13.0,6.5,1.0,0.5,0.1425,0.0,0.125,11.0,2.0,0.0,2.0
Nigel Hayes,21,33.0,1.5714285714285714,25.0,1.1904761904761905,7.0,0.3333333333333333,0.15680952380952382,0.10714285714285714,0.07938095238095239,11.153846153846153,4.0,4.0,4.0
Nigel Hayes-Davis,55,51.0,0.9272727272727272,48.0,0.8727272727272727,11.0,0.2,0.13241818181818182,0.043945454545454544,0.01818181818181818,8.799354838709677,10.0,2.0,9.0
Nigel Williams-Goss,37,61.0,1.6486486486486487,15.0,0.40540540540540543,16.0,0.43243243243243246,0.11970270270270271,0.08062162162162162,0.13513513513513514,6.1875,7.0,1.0,14.0
Nik Caner-Medley,1,4.0,4.0,2.0,2.0,1.0,1.0,1.0,0.0,0.0,10.0,1.0,0.0,0.0
Nik Stauskas,460,2428.0,5.312910284463895,734.0,1.6061269146608315,541.0,1.1838074398249452,0.2734070021881838,0.24545514223194748,0.2911663019693654,18.487935656836463,145.0,84.0,364.0
Nikita Wilson,15,19.0,1.2666666666666666,11.0,0.7333333333333333,3.0,0.2,0.28886666666666666,0.0,0.16666666666666666,3.6,0.0,0.0,5.0
Nikola Jokic,983,21375.0,21.788990825688074,10587.0,10.792048929663608,7064.0,7.200815494393476,0.5515453618756372,0.31933231396534145,0.7080988786952089,31.574227979274614,1225.0,703.0,2881.0
Nikola Jokić,1,3.0,3.0,7.0,7.0,3.0,3.0,0.2,0.0,0.25,,2.0,0.0,3.0
Nikola Jovanovic,4,0.0,0.0,0.0,0.0,0.0,0.0,0.0,0.0,0.0,3.0,0.0,0.0,0.0
Nikola Jovic,295,1496.0,5.071186440677966,681.0,2.3084745762711862,395.0,1.3389830508474576,0.24587457627118645,0.18108813559322035,0.26124067796610173,18.819840425531915,116.0,58.0,207.0
Nikola Mirotic,424,4610.0,10.950118764845605,2249.0,5.342042755344418,486.0,1.154394299287411,0.360270783847981,0.2970688836104513,0.5035748218527316,23.365728900255753,296.0,273.0,466.0
Nikola Pekovic,367,3677.0,10.01907356948229,1963.0,5.348773841961853,220.0,0.5994550408719346,0.40294277929155314,0.0,0.5005531335149864,23.94314381270903,152.0,157.0,451.0
Nikola Topic,35,66.0,1.8857142857142857,25.0,0.7142857142857143,54.0,1.542857142857143,0.15554285714285715,0.07334285714285715,0.05714285714285714,10.076825396825397,8.0,0.0,30.0
Nikola Vucevic,1217,18950.0,15.583881578947368,11545.0,9.494243421052632,3257.0,2.6784539473684212,0.4564375,0.20714884868421052,0.4595213815789474,30.2412411971831,927.0,954.0,1932.0
Nikola Vučević,3,59.0,19.666666666666668,25.0,8.333333333333334,4.0,1.3333333333333333,0.594,0.111,0.8223333333333334,,1.0,5.0,3.0
Nikola Đurisic,5,15.0,3.0,3.0,0.6,3.0,0.6,0.2666,0.3,0.4,7.886666666666668,0.0,1.0,1.0
Nikoloz Tskitishvili,320,552.0,1.725,350.0,1.09375,126.0,0.39375,0.135990625,0.05301875,0.12313125,10.93048128342246,51.0,53.0,145.0
Nique Clifford,82,702.0,8.560975609756097,296.0,3.6097560975609757,197.0,2.402439024390244,0.35365853658536583,0.2884146341463415,0.35800000000000004,24.91164556962025,73.0,25.0,126.0
Niv Avidan,3,0.0,0.0,1.0,0.3333333333333333,0.0,0.0,0.0,0.0,0.0,,0.0,1.0,0.0
Nnanna Egwu,8,6.0,0.8571428571428571,16.0,2.2857142857142856,2.0,0.2857142857142857,0.19042857142857142,0.0,0.0,7.8,1.0,2.0,2.0
Noa Essengue,20,39.0,1.95,17.0,0.85,8.0,0.4,0.10894999999999999,0.05,0.12079999999999999,9.235,6.0,0.0,7.0
Noah Clowney,174,1452.0,8.344827586206897,580.0,3.3333333333333335,181.0,1.0402298850574712,0.32463218390804593,0.23948850574712643,0.41760344827586204,22.63142857142857,88.0,85.0,179.0
Noah Penda,93,252.0,2.7096774193548385,201.0,2.161290322580645,71.0,0.7634408602150538,0.21637634408602152,0.13316129032258064,0.1989247311827957,12.398615384615384,36.0,19.0,46.0
Noah Vonleh,541,1874.0,3.496268656716418,2014.0,3.7574626865671643,290.0,0.5410447761194029,0.3181660447761194,0.09128358208955223,0.2144365671641791,15.6275,153.0,158.0,323.0
Noble Jorgensen,170,1358.0,7.988235294117647,42.0,0.24705882352941178,25.0,0.14705882352941177,0.0704529411764706,0.0,0.6057882352941176,1.0470588235294118,0.0,0.0,0.0
Noel Felix,34,38.0,1.1176470588235294,27.0,0.7941176470588235,5.0,0.14705882352941177,0.16420588235294117,0.029411764705882353,0.07352941176470588,6.818181818181818,3.0,7.0,13.0
Nolan Smith,148,308.0,2.081081081081081,105.0,0.7094594594594594,119.0,0.8040540540540541,0.20118918918918918,0.08017567567567567,0.13513513513513514,9.98913043478261,29.0,4.0,85.0
Nolan Traore,66,517.0,7.833333333333333,105.0,1.5909090909090908,220.0,3.3333333333333335,0.3311515151515152,0.24077272727272728,0.38484848484848483,21.495166666666666,45.0,23.0,141.0
Norchad Omier,19,23.0,1.2105263157894737,11.0,0.5789473684210527,2.0,0.10526315789473684,0.23684210526315788,0.0,0.07368421052631578,4.247142857142857,1.0,0.0,0.0
Norense Odiase,4,4.0,1.0,0.0,0.0,0.0,0.0,0.25,0.25,0.125,3.5,0.0,0.0,0.0
Norm Cook,28,69.0,2.4642857142857144,30.0,1.0714285714285714,6.0,0.21428571428571427,0.3345714285714286,0.0,0.09825000000000002,5.392857142857143,2.0,0.0,0.0
Norm Grekin,1,0.0,0.0,0.0,0.0,0.0,0.0,0.0,0.0,0.0,1.0,0.0,0.0,0.0
Norm Nixon,826,13092.0,15.849878934624698,2192.0,2.6537530266343827,6836.0,8.276029055690072,0.4686452784503632,0.057680387409200964,0.5485036319612591,35.76271186440678,1148.0,71.0,2265.0
Norm Stewart,5,10.0,2.0,1.0,0.2,0.0,0.0,0.13340000000000002,0.0,0.1666,1.8,0.0,0.0,0.0
Norm Swanson,58,96.0,1.6551724137931034,7.0,0.1206896551724138,6.0,0.10344827586206896,0.014362068965517241,0.0,0.27441379310344827,1.4655172413793103,0.0,0.0,0.0
Norm Van Lier,786,9309.0,11.84351145038168,3645.0,4.637404580152672,5000.0,6.361323155216285,0.3735216284987278,0.0,0.6303142493638677,29.833333333333332,375.0,42.0,95.0
Norman Black,3,8.0,2.6666666666666665,2.0,0.6666666666666666,2.0,0.6666666666666666,0.3,0.0,0.08333333333333333,9.333333333333334,0.0,0.0,1.0
Norman Glick,1,2.0,2.0,0.0,0.0,0.0,0.0,1.0,0.0,0.0,0.0,0.0,0.0,0.0
Norman Powell,895,10831.0,12.14237668161435,2143.0,2.4024663677130045,1257.0,1.4091928251121075,0.3943957399103139,0.3066479820627803,0.4996334080717489,23.5386683107275,658.0,202.0,1024.0
Norman Richardson,18,30.0,1.6666666666666667,8.0,0.4444444444444444,2.0,0.1111111111111111,0.14816666666666667,0.12038888888888888,0.1111111111111111,5.7272727272727275,0.0,0.0,3.0
Norris Cole,517,3091.0,5.9787234042553195,834.0,1.6131528046421664,1185.0,2.2920696324951644,0.33849709864603483,0.22450870406189555,0.2719148936170213,20.960526315789473,341.0,42.0,637.0
Norris Coleman,29,153.0,5.275862068965517,81.0,2.793103448275862,13.0,0.4482758620689655,0.3115862068965517,0.034482758620689655,0.26148275862068965,14.862068965517242,11.0,6.0,16.0
Norton Barnhill,4,4.0,1.0,3.0,0.75,1.0,0.25,0.33325,0.0,0.0,2.5,0.0,0.0,0.0
Norvel Pelle,111,125.0,1.146788990825688,124.0,1.1376146788990826,10.0,0.09174311926605505,0.18944036697247707,0.009174311926605505,0.06651376146788991,8.0,6.0,58.0,32.0
Nuni Omot,3,0.0,0.0,0.0,0.0,0.0,0.0,0.0,0.0,0.0,,0.0,0.0,0.0
O.J. Mayo,689,8399.0,12.190130624092888,1935.0,2.8084179970972425,1820.0,2.641509433962264,0.3670957910014514,0.3017068214804064,0.5196603773584906,29.76923076923077,637.0,154.0,1290.0
OG Anunoby,696,8931.0,12.868876080691642,2976.0,4.2881844380403455,1130.0,1.6282420749279538,0.4481066282420749,0.3419654178674352,0.4559740634005764,30.249798893916537,871.0,423.0,895.0
Obi Kyei,1,4.0,4.0,1.0,1.0,1.0,1.0,0.333,0.0,1.0,,0.0,0.0,1.0
Obi Toppin,477,4078.0,8.549266247379455,1661.0,3.4821802935010484,584.0,1.2243186582809225,0.47527253668763103,0.2662452830188679,0.3399119496855346,17.114527896995707,219.0,162.0,353.0
Obinna Ekezie,241,551.0,2.2863070539419086,409.0,1.6970954356846473,37.0,0.15352697095435686,0.20416182572614108,0.0,0.24231120331950207,10.019867549668874,44.0,30.0,101.0
Ochai Agbaji,320,2047.0,6.396875,782.0,2.44375,316.0,0.9875,0.374609375,0.23352187500000002,0.227559375,20.66135231316726,155.0,110.0,201.0
Odie Spears,347,2773.0,7.991354466858789,162.0,0.4668587896253602,84.0,0.2420749279538905,0.0898328530259366,0.0,0.6733804034582133,2.1095100864553316,0.0,0.0,0.0
Odis Allison,36,67.0,1.8611111111111112,45.0,1.25,10.0,0.2777777777777778,0.09044444444444445,0.0,0.3657222222222222,4.611111111111111,0.0,0.0,0.0
Ognjen Kuzmic,86,80.0,0.9302325581395349,93.0,1.0813953488372092,22.0,0.2558139534883721,0.14883720930232558,0.0,0.07267441860465117,6.137254901960785,11.0,8.0,28.0
Oguz Savas,1,15.0,15.0,4.0,4.0,0.0,0.0,0.875,1.0,0.0,,1.0,0.0,0.0
Okaro White,82,166.0,2.155844155844156,128.0,1.6623376623376624,25.0,0.3246753246753247,0.235012987012987,0.17315584415584415,0.17315584415584415,11.563636363636364,13.0,12.0,26.0
Olden Polynice,1116,8501.0,7.617383512544803,7331.0,6.568996415770609,756.0,0.6774193548387096,0.4637284946236559,0.00492831541218638,0.3067168458781362,23.251141552511417,531.0,673.0,1199.0
Olek Czyz,4,19.0,4.75,4.0,1.0,2.0,0.5,0.7625,0.25,0.1,10.5,4.0,1.0,3.0
Oleksiy Pecherov,247,594.0,2.4048582995951415,365.0,1.4777327935222673,31.0,0.12550607287449392,0.17416194331983806,0.11531983805668017,0.16203643724696357,10.142857142857142,26.0,29.0,84.0
Oliver Lafayette,1,7.0,7.0,4.0,4.0,2.0,2.0,0.5,0.5,0.0,21.0,0.0,0.0,1.0
Oliver Miller,595,3842.0,6.457142857142857,3074.0,5.166386554621849,1127.0,1.8941176470588235,0.4493394957983194,0.004201680672268907,0.31193277310924367,22.0036832412523,481.0,834.0,980.0
Oliver Robinson,35,101.0,2.8857142857142857,17.0,0.4857142857142857,21.0,0.6,0.35722857142857145,0.02857142857142857,0.3380571428571429,4.2,4.0,2.0,8.0
Olivier Sarr,107,282.0,2.635514018691589,208.0,1.9439252336448598,40.0,0.37383177570093457,0.22814953271028038,0.09734579439252337,0.19938317757009347,12.579016393442624,11.0,40.0,37.0
Olivier-Maxence Prosper,217,936.0,4.313364055299539,439.0,2.0230414746543777,129.0,0.5944700460829493,0.25758986175115206,0.13986175115207375,0.25094009216589863,13.067672955974844,80.0,27.0,81.0
Ollie Johnson,709,5435.0,7.6657263751763045,2283.0,3.220028208744711,1182.0,1.6671368124118477,0.4528660084626234,0.003526093088857546,0.4227207334273625,19.235543018335683,320.0,167.0,141.0
Ollie Mack,128,916.0,7.15625,319.0,2.4921875,229.0,1.7890625,0.3809453125,0.0,0.3428515625,19.6328125,56.0,10.0,103.0
Olu Famutimi,6,18.0,3.0,9.0,1.5,2.0,0.3333333333333333,0.25816666666666666,0.0,0.11116666666666668,12.166666666666666,1.0,0.0,5.0
Olumide Oyedeji,205,161.0,0.7853658536585366,205.0,1.0,12.0,0.05853658536585366,0.1436390243902439,0.0024390243902439024,0.07520487804878048,5.958762886597938,16.0,15.0,36.0
Omar Barlett,1,4.0,4.0,2.0,2.0,0.0,0.0,0.333,0.0,0.5,9.0,0.0,0.0,1.0
Omar Cook,34,42.0,1.2352941176470589,14.0,0.4117647058823529,47.0,1.3823529411764706,0.17508823529411766,0.029411764705882353,0.04411764705882353,8.91304347826087,17.0,1.0,16.0
Omari Johnson,15,31.0,2.3846153846153846,15.0,1.1538461538461537,7.0,0.5384615384615384,0.24315384615384616,0.091,0.0,11.875,4.0,0.0,4.0
Omari Moore,4,0.0,0.0,1.0,0.25,0.0,0.0,0.0,0.0,0.0,4.0,0.0,0.0,0.0
Omari Spellman,117,667.0,5.850877192982456,443.0,3.8859649122807016,104.0,0.9122807017543859,0.3265175438596491,0.2535,0.3684210526315789,17.098039215686274,60.0,52.0,93.0
Omer Asik,680,2820.0,4.15929203539823,3832.0,5.651917404129794,337.0,0.4970501474926254,0.3525678466076696,0.0,0.27735693215339235,19.14760147601476,199.0,396.0,637.0
Omer Yurseven,1,0.0,,0.0,,0.0,,,,,,0.0,0.0,0.0
Omer Yurtseven,244,690.0,2.8278688524590163,633.0,2.5942622950819674,99.0,0.4057377049180328,0.27393032786885246,0.03210245901639344,0.13845901639344263,10.516577181208055,34.0,46.0,104.0
Omri Casspi,765,5053.0,6.631233595800525,2531.0,3.3215223097112863,717.0,0.9409448818897638,0.3618556430446194,0.239745406824147,0.3113451443569554,19.79047619047619,386.0,151.0,662.0
Ondrej Starosta,1,0.0,0.0,1.0,1.0,0.0,0.0,0.0,0.0,0.0,2.0,0.0,0.0,0.0
Onuralp Bitim,45,104.0,2.311111111111111,40.0,0.8888888888888888,14.0,0.3111111111111111,0.20931111111111111,0.14595555555555556,0.07777777777777778,11.231071428571429,5.0,2.0,14.0
Onyeka Okongwu,464,4445.0,9.579741379310345,2865.0,6.174568965517241,673.0,1.4504310344827587,0.5323318965517242,0.1397744252873563,0.4660431034482759,23.194506172839507,311.0,446.0,452.0
Ori Hai,3,6.0,2.0,1.0,0.3333333333333333,2.0,0.6666666666666666,0.16666666666666666,0.16666666666666666,0.0,,0.0,0.0,1.0
Orien Greene,175,367.0,2.097142857142857,225.0,1.2857142857142858,190.0,1.0857142857142856,0.2761828571428572,0.04618857142857143,0.15885714285714286,11.587837837837839,119.0,19.0,161.0
Orlando Graham,9,11.0,1.2222222222222223,12.0,1.3333333333333333,0.0,0.0,0.37033333333333335,0.0,0.1111111111111111,3.3333333333333335,0.0,0.0,3.0
Orlando Johnson,173,404.0,2.3352601156069364,222.0,1.283236994219653,82.0,0.47398843930635837,0.2257514450867052,0.16020809248554915,0.18910982658959538,9.818181818181818,24.0,17.0,60.0
Orlando Robinson,204,594.0,2.911764705882353,477.0,2.338235294117647,160.0,0.7843137254901961,0.22250490196078432,0.08380392156862745,0.19599509803921566,12.400458015267176,43.0,41.0,97.0
Orlando Sanchez,6,0.0,0.0,0.0,0.0,0.0,0.0,0.0,0.0,0.0,0.0,0.0,0.0,0.0
Orlando Woolridge,887,14051.0,15.841037204058624,3821.0,4.307779030439685,1651.0,1.8613303269447576,0.49850845546786926,0.009019165727170236,0.6463754227733935,28.08793686583991,545.0,576.0,1690.0
Oscar Bellfield,2,2.0,1.0,2.0,1.0,1.0,0.5,0.1,0.0,0.0,6.5,1.0,0.0,4.0
Oscar Robertson,1136,28831.0,25.379401408450704,8365.0,7.363556338028169,10205.0,8.983274647887324,0.4680255281690141,0.0,0.8164762323943663,30.93661971830986,35.0,8.0,0.0
Oscar Torres,104,442.0,4.25,134.0,1.2884615384615385,43.0,0.41346153846153844,0.28055769230769234,0.18307692307692308,0.25123076923076926,13.975609756097562,29.0,11.0,57.0
Oscar Tshiebwe,128,347.0,2.732283464566929,316.0,2.4881889763779528,42.0,0.33070866141732286,0.22833070866141733,0.0,0.1570236220472441,13.667592592592591,31.0,7.0,30.0
Oshae Brissett,354,1654.0,4.672316384180791,980.0,2.768361581920904,205.0,0.5790960451977402,0.26246045197740114,0.18367231638418077,0.298090395480226,16.26723484848485,138.0,79.0,147.0
Oso Ighodaro,178,886.0,4.977528089887641,712.0,4.0,298.0,1.6741573033707866,0.507432584269663,0.0,0.20053932584269663,20.341443736730362,110.0,99.0,163.0
Ossie Schectman,11,77.0,7.0,0.0,0.0,0.0,0.0,0.0,0.0,0.09090909090909091,0.0,0.0,0.0,0.0
Othell Wilson,127,535.0,4.21259842519685,212.0,1.669291338582677,424.0,3.338582677165354,0.39570866141732286,0.03543307086614173,0.27058267716535434,16.133858267716537,122.0,16.0,170.0
Othella Harrington,956,5423.0,5.672594142259414,3237.0,3.3859832635983262,466.0,0.4874476987447699,0.36302196652719665,0.0,0.364505230125523,18.652519893899203,195.0,294.0,985.0
Othello Hunter,66,91.0,1.378787878787879,82.0,1.2424242424242424,7.0,0.10606060606060606,0.1545,0.0,0.09846969696969697,7.315789473684211,9.0,11.0,12.0
Othyus Jeffers,70,201.0,2.8714285714285714,131.0,1.8714285714285714,26.0,0.37142857142857144,0.2739142857142857,0.007142857142857143,0.2554571428571429,10.272727272727273,27.0,0.0,30.0
Otis Birdsong,733,13095.0,17.86493860845839,2160.0,2.946793997271487,2339.0,3.190995907230559,0.4866193724420191,0.04797680763983629,0.48811869031377897,30.834924965893588,819.0,139.0,1134.0
Otis George,2,0.0,0.0,1.0,0.5,0.0,0.0,0.0,0.0,0.0,5.5,2.0,0.0,0.0
Otis Howard,14,59.0,4.214285714285714,41.0,2.9285714285714284,5.0,0.35714285714285715,0.5108571428571429,0.0,0.18850000000000003,8.071428571428571,2.0,1.0,3.0
Otis Smith,383,3980.0,10.391644908616188,1434.0,3.744125326370757,700.0,1.8276762402088773,0.4131044386422976,0.07614882506527415,0.5437127937336814,20.334203655352482,379.0,191.0,564.0
Otis Thorpe,1373,18391.0,13.394756008739986,10915.0,7.949745083758193,2858.0,2.0815731973780043,0.5135455207574654,0.0029133284777858705,0.5469890750182083,31.397752808988763,874.0,516.0,2889.0
Otto Jr.,4,47.0,11.75,16.0,4.0,7.0,1.75,0.71775,0.5,0.66675,,5.0,1.0,3.0
Otto Moore,681,5618.0,8.2496328928047,4908.0,7.20704845814978,949.0,1.3935389133627019,0.3802599118942731,0.0,0.39227606461086634,18.512481644640236,85.0,175.0,0.0
Otto Porter Jr.,715,6232.0,8.740532959326789,3039.0,4.262272089761571,942.0,1.3211781206171107,0.38259046283309955,0.2700617110799439,0.3311065918653577,24.754471544715447,683.0,253.0,466.0
Ousmane Dieng,257,1137.0,4.44140625,525.0,2.05078125,312.0,1.21875,0.27490234375,0.1955625,0.15964453125,14.463718592964826,76.0,47.0,178.0
Owen Foxwell,1,6.0,6.0,2.0,2.0,2.0,2.0,0.154,0.0,1.0,25.44,2.0,1.0,1.0
Owen Wells,36,105.0,2.9166666666666665,34.0,0.9444444444444444,19.0,0.5277777777777778,0.2791111111111111,0.0,0.13194444444444445,4.305555555555555,4.0,2.0,0.0
Oz Blayzer,5,44.0,8.8,30.0,6.0,7.0,1.4,0.3194,0.3484,0.1714,,6.0,6.0,7.0
Ozell Jones,38,139.0,3.6578947368421053,159.0,4.184210526315789,39.0,1.0263157894736843,0.39457894736842103,0.0,0.1271842105263158,15.5,20.0,40.0,39.0
P.J. Brown,1240,10736.0,8.658064516129032,9195.0,7.415322580645161,1778.0,1.4338709677419355,0.4360040322580645,0.006048387096774193,0.5421725806451613,30.150865622423744,982.0,1208.0,1465.0
P.J. Tucker,1180,6894.0,5.847328244274809,5617.0,4.7642069550466495,1437.0,1.2188295165394403,0.34575402883799833,0.26593893129770996,0.24531976251060222,27.472600382409176,1108.0,313.0,931.0
P.J. Washington,537,6509.0,12.121042830540038,2966.0,5.523277467411545,1063.0,1.9795158286778398,0.40695530726256984,0.30652141527001864,0.41556052141527006,30.039698795180723,486.0,486.0,805.0
PJ Dozier,248,874.0,3.5528455284552845,396.0,1.6097560975609757,238.0,0.967479674796748,0.23816260162601627,0.15182520325203253,0.18302439024390244,14.252666666666666,83.0,43.0,122.0
PJ Hairston,171,777.0,4.570588235294117,297.0,1.7470588235294118,68.0,0.4,0.2412176470588235,0.20670588235294118,0.2361764705882353,17.53968253968254,65.0,27.0,69.0
PJ Hall,81,158.0,1.9506172839506173,122.0,1.5061728395061729,16.0,0.19753086419753085,0.21609876543209877,0.08848148148148148,0.16151851851851853,7.634782608695652,8.0,16.0,26.0
Pablo Prigioni,378,1163.0,3.0767195767195767,585.0,1.5476190476190477,934.0,2.4708994708994707,0.3345343915343916,0.28475661375661376,0.11596296296296298,16.46060606060606,328.0,7.0,309.0
Pace Mannion,224,678.0,3.0267857142857144,266.0,1.1875,235.0,1.0491071428571428,0.3222544642857143,0.05096428571428572,0.23232589285714284,9.669642857142858,108.0,24.0,138.0
Pacome Dadiet,157,143.0,0.910828025477707,71.0,0.45222929936305734,22.0,0.14012738853503184,0.08119745222929936,0.0527515923566879,0.058388535031847134,6.270967741935484,9.0,3.0,14.0
Paige Marcus,1,0.0,0.0,0.0,0.0,0.0,0.0,0.0,0.0,0.0,,0.0,0.0,0.0
Pang Yanjun,3,9.0,3.0,2.0,0.6666666666666666,5.0,1.6666666666666667,0.08333333333333333,0.0,0.611,16.66333333333333,2.0,1.0,4.0
Paolo Banchero,308,6767.0,22.042345276872965,2253.0,7.3387622149837135,1438.0,4.684039087947883,0.44306545680161313,0.2886927252985885,0.7217173640691557,33.78290849673203,255.0,179.0,912.0
Pape Sow,91,221.0,2.4285714285714284,218.0,2.3956043956043955,12.0,0.13186813186813187,0.24506593406593405,0.0,0.23718681318681317,10.935897435897436,36.0,24.0,41.0
Pape Sy,13,16.0,1.2307692307692308,5.0,0.38461538461538464,7.0,0.5384615384615384,0.109,0.0,0.23076923076923078,6.0,2.0,1.0,6.0
Paris Bass,4,6.0,1.5,4.0,1.0,0.0,0.0,0.125,0.0,0.25,3.0,1.0,0.0,2.0
Parker Jackson-Cartwright,5,96.0,19.2,11.0,2.2,28.0,5.6,0.4224,0.13999999999999999,0.9428000000000001,,9.0,2.0,17.0
Pascal Siakam,878,15011.0,17.135844748858446,5408.0,6.17351598173516,2888.0,3.2968036529680367,0.46965867579908677,0.26311415525114157,0.574066210045662,30.659284848484848,770.0,470.0,1473.0
Pat Burke,287,535.0,1.8641114982578397,322.0,1.1219512195121952,55.0,0.1916376306620209,0.19785714285714287,0.03048780487804878,0.09698257839721254,9.405228758169935,35.0,46.0,102.0
Pat Carroll,2,5.0,2.5,1.0,0.5,0.0,0.0,0.2,0.1665,0.0,9.5,0.0,0.0,0.0
Pat Connaughton,963,4477.0,4.658688865764828,2558.0,2.6618106139438087,1024.0,1.065556711758585,0.31704994797086367,0.2325442247658689,0.1672757544224766,17.918664072632946,347.0,202.0,414.0
Pat Cummings,713,6689.0,9.38148667601683,3928.0,5.5091164095371665,829.0,1.1626928471248248,0.4579382889200561,0.0,0.4504025245441795,20.99719495091164,356.0,171.0,1146.0
Pat Dunn,31,70.0,2.2580645161290325,30.0,0.967741935483871,26.0,0.8387096774193549,0.19977419354838707,0.0,0.25806451612903225,1.935483870967742,0.0,0.0,0.0
Pat Durham,64,323.0,5.046875,108.0,1.6875,57.0,0.890625,0.400484375,0.046875,0.367328125,14.53125,37.0,33.0,52.0
Pat Frink,48,123.0,2.5625,41.0,0.8541666666666666,46.0,0.9583333333333334,0.21575,0.0,0.26389583333333333,5.458333333333333,0.0,0.0,0.0
Pat Garrity,705,4316.0,6.121985815602837,1585.0,2.24822695035461,478.0,0.6780141843971631,0.3168014184397163,0.26086099290780146,0.27518297872340425,19.66779089376054,257.0,113.0,449.0
Pat Riley,572,4158.0,7.269230769230769,839.0,1.4667832167832169,875.0,1.5297202797202798,0.3555122377622378,0.0,0.389527972027972,12.63986013986014,46.0,7.0,0.0
Pat Spencer,182,691.0,3.7967032967032965,253.0,1.39010989010989,323.0,1.7747252747252746,0.24714835164835167,0.11725824175824176,0.1806758241758242,12.910373134328358,77.0,8.0,125.0
Patric Young,15,10.0,0.6666666666666666,21.0,1.4,0.0,0.0,0.1222,0.0,0.13333333333333333,10.666666666666666,1.0,1.0,5.0
Patricio Garino,11,15.0,1.3636363636363635,11.0,1.0,2.0,0.18181818181818182,0.14845454545454545,0.045454545454545456,0.0,10.555555555555555,4.0,1.0,5.0
Patrick Baldwin Jr.,201,454.0,2.2587064676616917,250.0,1.243781094527363,60.0,0.29850746268656714,0.18900995024875622,0.1562039800995025,0.09626865671641792,9.099583333333333,41.0,33.0,55.0
Patrick Beverley,853,6498.0,7.626760563380282,3218.0,3.776995305164319,2618.0,3.072769953051643,0.37686619718309855,0.322830985915493,0.3446725352112676,25.775949367088607,832.0,401.0,937.0
Patrick Christopher,14,42.0,3.0,11.0,0.7857142857142857,3.0,0.21428571428571427,0.26171428571428573,0.14285714285714285,0.17857142857142858,8.727272727272727,3.0,0.0,3.0
Patrick Eddie,4,4.0,1.0,1.0,0.25,0.0,0.0,0.13325,0.0,0.0,3.25,0.0,0.0,0.0
Patrick Ewing,1386,27679.0,19.97041847041847,13062.0,9.424242424242424,2496.0,1.800865800865801,0.47564862914862915,0.018277777777777778,0.6578196248196249,34.09321401938852,1265.0,3201.0,3890.0
Patrick McCaw,285,921.0,3.231578947368421,382.0,1.3403508771929824,314.0,1.1017543859649124,0.27860350877192985,0.15827368421052632,0.17698245614035088,15.383673469387755,166.0,36.0,147.0
Patrick Miller,2,37.0,18.5,9.0,4.5,9.0,4.5,0.40349999999999997,0.25,0.657,,2.0,1.0,7.0
Patrick O'Bryant,227,300.0,1.3215859030837005,237.0,1.0440528634361232,43.0,0.1894273127753304,0.18094713656387668,0.0,0.08076211453744493,7.362068965517241,29.0,73.0,73.0
Patrick Patterson,958,5419.0,5.692226890756302,3146.0,3.3046218487394956,845.0,0.8876050420168067,0.3566796218487395,0.2441985294117647,0.2020409663865546,20.42118226600985,410.0,318.0,533.0
Patrick Richard,1,11.0,11.0,3.0,3.0,0.0,0.0,0.333,0.0,1.0,,0.0,0.0,1.0
Patrick Williams,389,3429.0,8.814910025706942,1454.0,3.7377892030848328,551.0,1.416452442159383,0.4165115681233933,0.3506169665809769,0.3931439588688946,25.20185185185185,302.0,228.0,487.0
Patty Mills,1329,9025.0,6.811320754716981,1711.0,1.2913207547169812,2252.0,1.699622641509434,0.3235275471698113,0.2830437735849057,0.23330716981132077,18.897355140186914,661.0,93.0,980.0
Pau Gasol,1541,23920.0,15.562784645413142,13040.0,8.48405985686402,4561.0,2.9674690956408587,0.4685003253090436,0.07298959011060507,0.6434834092387768,32.63390972222222,715.0,2257.0,3011.0
Paul Arizin,736,16887.0,22.94429347826087,4812.0,6.538043478260869,1341.0,1.8220108695652173,0.35313315217391306,0.0,0.803991847826087,6.830163043478261,0.0,0.0,0.0
Paul Armstrong,88,569.0,6.465909090909091,1.0,0.011363636363636364,6.0,0.06818181818181818,0.016681818181818183,0.0,0.5675909090909091,0.0,0.0,0.0,0.0
Paul Davis,164,361.0,2.201219512195122,271.0,1.6524390243902438,66.0,0.4024390243902439,0.18964024390243903,0.0,0.16463414634146342,10.160377358490566,40.0,23.0,61.0
Paul Dawkins,57,316.0,5.543859649122807,121.0,2.1228070175438596,70.0,1.2280701754385965,0.38391228070175437,0.0,0.19884210526315788,13.192982456140351,17.0,8.0,31.0
Paul Eboua,2,0.0,0.0,0.0,0.0,0.0,0.0,0.0,0.0,0.0,,0.0,0.0,0.0
Paul George,1199,22936.0,19.241610738255034,7099.0,5.955536912751678,4159.0,3.4890939597315436,0.41184563758389264,0.34725838926174496,0.675368288590604,33.091242290748895,1884.0,502.0,2995.0
Paul Graham,182,1505.0,8.26923076923077,436.0,2.3956043956043955,354.0,1.945054945054945,0.3952692307692308,0.21895054945054948,0.4291923076923077,18.587912087912088,190.0,32.0,218.0
Paul Grant,22,35.0,1.5909090909090908,19.0,0.8636363636363636,4.0,0.18181818181818182,0.3004090909090909,0.0,0.09090909090909091,6.235294117647059,2.0,1.0,9.0
Paul Griffin,491,2500.0,5.091649694501018,2697.0,5.492871690427698,1146.0,2.3340122199592668,0.46224032586558045,0.0,0.46674541751527493,20.89205702647658,308.0,207.0,300.0
Paul Hogue,66,407.0,6.166666666666667,206.0,3.121212121212121,11.0,0.16666666666666666,0.1833939393939394,0.0,0.31154545454545457,6.712121212121212,0.0,0.0,0.0
Paul Long,71,278.0,3.915492957746479,48.0,0.676056338028169,50.0,0.704225352112676,0.33091549295774647,0.0,0.264,5.098591549295775,0.0,0.0,0.0
Paul McConnell,11,53.0,4.818181818181818,0.0,0.0,0.0,0.0,0.0,0.0,0.4604545454545454,0.0,0.0,0.0,0.0
Paul McCracken,37,160.0,4.324324324324325,56.0,1.5135135135135136,28.0,0.7567567567567568,0.24497297297297296,0.0,0.2656756756756757,7.54054054054054,5.0,0.0,0.0
Paul McPherson,80,262.0,3.275,79.0,0.9875,38.0,0.475,0.2890625,0.01875,0.1937,10.327272727272728,25.0,4.0,47.0
Paul Miller,5,4.0,0.8,2.0,0.4,1.0,0.2,0.1332,0.0,0.0,3.8,0.0,0.0,1.0
Paul Millsap,1377,16972.0,12.343272727272728,9056.0,6.586181818181818,2743.0,1.994909090909091,0.4465978181818182,0.14970036363636363,0.5625847272727272,27.22586286594761,1550.0,1231.0,2173.0
Paul Mokeski,763,3013.0,3.948885976408912,2547.0,3.3381389252948885,535.0,0.7011795543905636,0.4031572739187418,0.01310615989515072,0.3004141546526868,13.804718217562254,211.0,279.0,495.0
Paul Neumann,480,5205.0,10.84375,1099.0,2.2895833333333333,1129.0,2.3520833333333333,0.32895625,0.0,0.6927625000000001,13.55625,0.0,0.0,0.0
Paul Noel,108,389.0,3.6018518518518516,7.0,0.06481481481481481,7.0,0.06481481481481481,0.0827962962962963,0.0,0.34785185185185186,0.0,0.0,0.0,0.0
Paul Pierce,1701,30455.0,17.91470588235294,8794.0,5.172941176470588,5463.0,3.2135294117647057,0.4096705882352942,0.3149282352941177,0.6742429411764705,33.30453744493392,2008.0,876.0,4134.0
Paul Pressey,799,8544.0,10.693366708385481,3114.0,3.8973717146433042,4131.0,5.170212765957447,0.4638423028785983,0.0709224030037547,0.5622465581977472,27.44430538172716,1113.0,474.0,1905.0
Paul Reed,520,2112.0,4.061538461538461,1622.0,3.1192307692307693,347.0,0.6673076923076923,0.3735538461538461,0.06730576923076924,0.1919096153846154,12.332157360406091,302.0,290.0,269.0
Paul Ruffner,54,109.0,2.0185185185185186,45.0,0.8333333333333334,8.0,0.14814814814814814,0.259037037037037,0.0,0.09844444444444445,2.7037037037037037,3.0,0.0,0.0
Paul Seymour,571,5513.0,9.654991243432574,848.0,1.4851138353765323,1331.0,2.330998248686515,0.1701681260945709,0.0,0.6690437828371278,12.788091068301226,0.0,0.0,0.0
Paul Shirley,81,46.0,0.5679012345679012,32.0,0.3950617283950617,7.0,0.08641975308641975,0.07860493827160493,0.0,0.05555555555555555,5.826086956521739,1.0,1.0,12.0
Paul Silas,1417,12904.0,9.106563161609033,13789.0,9.731122088920253,2879.0,2.031757233592096,0.4043316866619619,0.0,0.537637261820748,27.27593507410021,222.0,82.0,232.0
Paul Stovall,25,76.0,3.04,61.0,2.44,13.0,0.52,0.31844,0.0,0.31728,8.44,0.0,0.0,0.0
Paul Thompson,157,1387.0,8.834394904458598,538.0,3.426751592356688,226.0,1.4394904458598725,0.40552866242038216,0.07006369426751592,0.5093121019108281,19.993630573248407,145.0,81.0,164.0
Paul Walther,139,565.0,4.0647482014388485,92.0,0.6618705035971223,74.0,0.5323741007194245,0.07000719424460432,0.0,0.45300719424460434,1.5539568345323742,0.0,0.0,0.0
Paul Watson,120,195.0,1.625,104.0,0.8666666666666667,41.0,0.3416666666666667,0.15571666666666667,0.11526666666666667,0.05416666666666667,10.854545454545455,17.0,10.0,18.0
Paul Westphal,933,14206.0,15.22615219721329,1730.0,1.8542336548767417,3954.0,4.237942122186495,0.47267202572347267,0.0409957127545552,0.6302315112540192,25.114683815648444,929.0,214.0,1113.0
Paul Zipser,152,569.0,3.7434210526315788,306.0,2.013157894736842,95.0,0.625,0.24666447368421054,0.17269736842105263,0.19682236842105263,16.782608695652176,39.0,35.0,100.0
Pavel Podkolzin,14,8.0,0.5714285714285714,13.0,0.9285714285714286,1.0,0.07142857142857142,0.03571428571428571,0.0,0.07142857142857142,4.714285714285714,0.0,3.0,5.0
Payton Pritchard,567,5305.0,9.35626102292769,1476.0,2.6031746031746033,1546.0,2.72663139329806,0.3726031746031746,0.31600881834215166,0.2537037037037037,21.29026031746032,283.0,51.0,458.0
Payton Sandfort,11,35.0,3.1818181818181817,10.0,0.9090909090909091,0.0,0.0,0.12727272727272726,0.11872727272727274,0.09090909090909091,15.700000000000001,1.0,0.0,1.0
Pedro Bradshaw,1,0.0,0.0,0.0,0.0,0.0,0.0,0.0,0.0,0.0,,0.0,0.0,0.0
Peja Stojakovic,1056,15496.0,14.674242424242424,4367.0,4.135416666666667,1561.0,1.478219696969697,0.38175284090909095,0.3361732954545455,0.576342803030303,32.3212671594509,852.0,128.0,1227.0
Pelle Larsson,175,1138.0,6.502857142857143,364.0,2.08,327.0,1.8685714285714285,0.32980000000000004,0.22020000000000003,0.37056571428571433,20.341294964028776,90.0,23.0,141.0
Pepe Sanchez,90,20.0,0.2222222222222222,21.0,0.23333333333333334,49.0,0.5444444444444444,0.06295555555555556,0.0,0.011111111111111112,4.342105263157895,16.0,1.0,8.0
Pero Antic,186,842.0,4.526881720430108,496.0,2.6666666666666665,122.0,0.6559139784946236,0.25413440860215053,0.20556451612903226,0.33513440860215055,16.675862068965518,51.0,34.0,130.0
Perrin Buford,1,11.0,11.0,9.0,9.0,1.0,1.0,0.278,0.0,0.5,,2.0,0.0,3.0
Perrion Callandret,4,2.0,0.5,1.0,0.25,1.0,0.25,0.25,0.0,0.0,4.0,1.0,0.0,1.0
Perry Ellis,8,16.0,2.0,5.0,0.625,1.0,0.125,0.032875,0.041625,0.09375,4.0,3.0,0.0,1.0
Perry III,3,4.0,2.0,5.0,2.5,2.0,1.0,0.333,0.0,0.0,18.0,0.0,0.0,1.0
Perry Jones III,271,684.0,2.5239852398523985,332.0,1.2250922509225093,72.0,0.2656826568265683,0.21973062730627305,0.0872619926199262,0.10464575645756458,11.748603351955307,40.0,44.0,87.0
Perry Moss,149,564.0,3.785234899328859,214.0,1.436241610738255,202.0,1.3557046979865772,0.38455704697986576,0.04250335570469799,0.2939194630872483,11.832214765100671,103.0,19.0,144.0
Perry Warbington,5,10.0,2.0,6.0,1.2,12.0,2.4,0.1784,0.0,0.2,12.0,0.0,0.0,0.0
Perry Young,9,13.0,1.4444444444444444,8.0,0.8888888888888888,7.0,0.7777777777777778,0.275,0.0,0.05555555555555555,8.0,5.0,1.0,4.0
Pervis Ellison,541,4518.0,8.351201478743068,3187.0,5.8909426987061,693.0,1.2809611829944547,0.4100591497227357,0.0018484288354898336,0.38415711645101663,24.307531380753137,295.0,757.0,802.0
Pete Brennan,18,44.0,2.4444444444444446,22.0,1.2222222222222223,2.0,0.1111111111111111,0.05344444444444444,0.0,0.19699999999999998,1.3333333333333333,0.0,0.0,0.0
Pete Chilcutt,652,2586.0,3.9662576687116564,1996.0,3.061349693251534,506.0,0.7760736196319018,0.34864110429447853,0.14980521472392638,0.1589877300613497,14.24297520661157,274.0,214.0,402.0
Pete Cross,182,1057.0,5.8076923076923075,1517.0,8.335164835164836,187.0,1.0274725274725274,0.3424615384615385,0.0,0.38245604395604393,20.087912087912088,0.0,0.0,0.0
Pete Maravich,686,16456.0,23.988338192419825,2751.0,4.010204081632653,3510.0,5.11661807580175,0.41279446064139946,0.010932944606413994,0.7600043731778426,31.900874635568513,285.0,54.0,262.0
Pete Myers,425,1891.0,4.449411764705882,703.0,1.6541176470588235,844.0,1.9858823529411764,0.3324258823529412,0.060388235294117645,0.3581105882352941,15.865336658354115,275.0,84.0,486.0
Pete Nance,117,317.0,2.7094017094017095,157.0,1.3418803418803418,61.0,0.5213675213675214,0.22016239316239317,0.1788974358974359,0.038461538461538464,12.382,21.0,18.0,35.0
Pete Williams,61,151.0,2.4754098360655736,148.0,2.4262295081967213,18.0,0.29508196721311475,0.3992295081967213,0.0,0.1202295081967213,9.688524590163935,19.0,23.0,18.0
Peter Aluma,7,2.0,0.2857142857142857,2.0,0.2857142857142857,0.0,0.0,0.07142857142857142,0.0,0.0,2.5,1.0,1.0,2.0
Peter Cornell,2,12.0,6.0,6.0,3.0,1.0,0.5,0.9,0.0,0.0,5.0,1.0,1.0,4.0
Peter Hooley,3,7.0,3.5,0.0,0.0,2.0,1.0,0.45,0.25,0.0,,0.0,0.0,1.0
Peter John Ramos,32,26.0,0.8125,16.0,0.5,0.0,0.0,0.1354375,0.0,0.046875,5.181818181818182,0.0,2.0,11.0
Peter Jok,1,0.0,0.0,0.0,0.0,0.0,0.0,0.0,0.0,0.0,,0.0,0.0,0.0
Peter Thibeaux,91,462.0,5.076923076923077,143.0,1.5714285714285714,44.0,0.4835164835164835,0.4393406593406593,0.02197802197802198,0.2935714285714286,10.846153846153847,34.0,31.0,73.0
Peter Verhoeven,282,1002.0,3.5531914893617023,638.0,2.2624113475177303,152.0,0.5390070921985816,0.4060177304964539,0.0035460992907801418,0.19098936170212766,11.4822695035461,127.0,67.0,166.0
Petr Cornelie,31,20.0,0.6451612903225806,18.0,0.5806451612903226,4.0,0.12903225806451613,0.11829032258064517,0.06451612903225806,0.06451612903225806,2.933333333333333,1.0,2.0,5.0
Petur Gudmundsson,164,735.0,4.4817073170731705,588.0,3.5853658536585367,157.0,0.9573170731707317,0.4254024390243903,0.006097560975609756,0.35953658536585364,13.274390243902438,38.0,100.0,208.0
Peyton Siva,55,90.0,1.6363636363636365,22.0,0.4,64.0,1.1636363636363636,0.11698181818181819,0.06938181818181818,0.11083636363636364,12.1,16.0,1.0,39.0
Peyton Watson,316,2133.0,6.75,894.0,2.829113924050633,333.0,1.0537974683544304,0.3736518987341772,0.2217848101265823,0.3177341772151899,20.109814126394053,165.0,277.0,250.0
Phil Bond,7,4.0,0.5714285714285714,4.0,0.5714285714285714,2.0,0.2857142857142857,0.21428571428571427,0.0,0.0,3.0,1.0,0.0,0.0
Phil Booth,4,28.0,7.0,5.0,1.25,4.0,1.0,0.47500000000000003,0.275,0.25,8.0,2.0,0.0,4.0
Phil Chenier,639,11024.0,17.251956181533647,2264.0,3.543035993740219,1811.0,2.8341158059467917,0.4208779342723004,0.003651017214397496,0.6437276995305165,31.837245696400625,247.0,77.0,52.0
Phil Farbman,24,78.0,3.25,0.0,0.0,0.0,0.0,0.0,0.0,0.4895833333333333,0.0,0.0,0.0,0.0
Phil Ford,497,5730.0,11.529175050301811,880.0,1.7706237424547284,3158.0,6.354124748490945,0.4436841046277666,0.03101810865191147,0.5833863179074447,27.95774647887324,589.0,30.0,899.0
Phil Hankinson,35,130.0,3.7142857142857144,60.0,1.7142857142857142,6.0,0.17142857142857143,0.48508571428571434,0.0,0.17425714285714286,5.571428571428571,0.0,0.0,0.0
Phil Hicks,59,132.0,2.23728813559322,96.0,1.6271186440677967,28.0,0.4745762711864407,0.263864406779661,0.0,0.113,6.016949152542373,10.0,0.0,13.0
Phil Hubbard,673,7293.0,10.836552748885588,3555.0,5.2823179791976225,857.0,1.2734026745913818,0.47619316493313524,0.002228826151560178,0.5761857355126301,23.7295690936107,456.0,64.0,977.0
Phil Jackson,873,5940.0,6.804123711340206,3702.0,4.240549828178694,946.0,1.0836197021764031,0.40932302405498283,0.0,0.47593814432989695,17.394043528064145,109.0,62.0,50.0
Phil Jordon,455,4930.0,10.835164835164836,1974.0,4.338461538461538,228.0,0.5010989010989011,0.17588131868131868,0.0,0.5435164835164835,5.254945054945055,0.0,0.0,0.0
Phil Lumpkin,99,303.0,3.0606060606060606,95.0,0.9595959595959596,246.0,2.484848484848485,0.28615151515151516,0.0,0.23871717171717172,13.11111111111111,37.0,3.0,0.0
Phil Martin,7,12.0,1.7142857142857142,1.0,0.14285714285714285,2.0,0.2857142857142857,0.04757142857142858,0.0,0.14285714285714285,1.4285714285714286,0.0,0.0,0.0
Phil Pressey,222,551.0,2.481981981981982,259.0,1.1666666666666667,493.0,2.220720720720721,0.21230630630630629,0.10945045045045046,0.16904954954954957,13.341040462427745,132.0,19.0,190.0
Phil Rollins,176,898.0,5.1022727272727275,279.0,1.5852272727272727,127.0,0.7215909090909091,0.13445454545454547,0.0,0.3815795454545455,1.3011363636363635,0.0,0.0,0.0
Phil Sellers,45,201.0,4.466666666666667,42.0,0.9333333333333333,24.0,0.5333333333333333,0.28784444444444446,0.0,0.31475555555555557,7.266666666666667,11.0,0.0,0.0
Phil Smith,710,10517.0,14.812676056338027,2129.0,2.9985915492957744,2698.0,3.8,0.44434507042253524,0.01877887323943662,0.6174929577464789,28.735211267605635,738.0,180.0,991.0
Phil Walker,44,184.0,4.181818181818182,54.0,1.2272727272727273,56.0,1.2727272727272727,0.2701818181818182,0.0,0.4005909090909091,9.113636363636363,3.0,0.0,21.0
Phil Zevenbergen,9,30.0,3.3333333333333335,13.0,1.4444444444444444,3.0,0.3333333333333333,0.5152222222222222,0.0,0.0,6.555555555555555,3.0,1.0,4.0
Philipp Herkenhoff,1,6.0,6.0,2.0,2.0,4.0,4.0,0.333,0.4,0.0,,0.0,0.0,1.0
Phillip Wheeler,6,8.0,1.3333333333333333,8.0,1.3333333333333333,2.0,0.3333333333333333,0.07866666666666666,0.0,0.16666666666666666,8.687999999999999,1.0,2.0,1.0
Pierre Jackson,16,41.0,2.5625,17.0,1.0625,26.0,1.625,0.1256875,0.1145625,0.375,10.333333333333334,3.0,0.0,8.0
Plummer Lott,65,147.0,2.2615384615384615,120.0,1.8461538461538463,42.0,0.6461538461538462,0.23233846153846155,0.0,0.17844615384615384,6.476923076923077,0.0,0.0,0.0
Pooh Jeter,80,295.0,3.6875,79.0,0.9875,178.0,2.225,0.294475,0.0625,0.21458750000000001,14.159420289855072,36.0,2.0,60.0
Pooh Richardson,688,7104.0,10.325581395348838,1818.0,2.6424418604651163,4206.0,6.113372093023256,0.39307122093023256,0.2006046511627907,0.3065494186046512,30.165891472868218,820.0,111.0,1172.0
Popeye Jones,657,3726.0,5.671232876712328,3981.0,6.059360730593608,696.0,1.0593607305936072,0.33787823439878234,0.025596651445966515,0.3038310502283105,23.23551401869159,301.0,161.0,603.0
Pops Mensah-Bonsu,117,296.0,2.52991452991453,281.0,2.4017094017094016,20.0,0.17094017094017094,0.26137606837606836,0.0,0.19464102564102564,9.453488372093023,22.0,31.0,67.0
Porter Meriwether,30,119.0,3.966666666666667,7.0,0.23333333333333334,6.0,0.2,0.11586666666666666,0.0,0.2894333333333333,1.7,0.0,0.0,0.0
Precious Achiuwa,488,3506.0,7.184426229508197,2546.0,5.217213114754099,448.0,0.9180327868852459,0.4321844262295082,0.14206967213114755,0.3115860655737705,19.968438914027146,272.0,290.0,426.0
Predrag Drobnjak,317,2218.0,6.996845425867508,997.0,3.145110410094637,230.0,0.7255520504731862,0.3379179810725552,0.124602523659306,0.3483785488958991,19.214788732394368,133.0,118.0,249.0
Predrag Savovic,37,83.0,2.2432432432432434,25.0,0.6756756756756757,22.0,0.5945945945945946,0.20454054054054052,0.06756756756756757,0.327027027027027,8.962962962962964,14.0,1.0,21.0
Price Brookfield,2,10.0,5.0,0.0,0.0,0.0,0.0,0.0,0.0,1.0,0.0,0.0,0.0,0.0
Priest Lauderdale,159,255.0,1.6037735849056605,145.0,0.9119496855345912,33.0,0.20754716981132076,0.19340251572327044,0.0,0.10576100628930817,6.428571428571429,8.0,26.0,86.0
Primoz Brezec,562,2577.0,4.585409252669039,1423.0,2.5320284697508897,188.0,0.33451957295373663,0.2792758007117438,0.0008896797153024911,0.24503914590747328,17.5149863760218,78.0,141.0,292.0
Purvis Short,860,14790.0,17.197674418604652,3675.0,4.273255813953488,2152.0,2.5023255813953487,0.4516162790697674,0.07976279069767442,0.6202337209302325,28.972093023255812,885.0,180.0,1733.0
Quentin Grimes,386,3760.0,9.740932642487047,1117.0,2.893782383419689,800.0,2.0725388601036268,0.36748445595854917,0.289559585492228,0.3893238341968912,24.843229461756373,274.0,106.0,431.0
Quentin Richardson,971,8624.0,8.881565396498456,3940.0,4.057672502574666,1227.0,1.2636457260556129,0.32189701338825955,0.26215859938208036,0.34148197734294544,25.662398137369035,666.0,163.0,940.0
Quenton Jackson,137,736.0,5.372262773722627,188.0,1.3722627737226278,229.0,1.6715328467153285,0.3028686131386861,0.16909489051094892,0.34042335766423354,15.079898989898991,61.0,13.0,93.0
Quincy Acy,463,1762.0,3.8056155507559395,1275.0,2.75377969762419,235.0,0.5075593952483801,0.3206371490280778,0.14753347732181427,0.2652850971922246,15.590027700831024,153.0,142.0,245.0
Quincy Douby,230,683.0,2.9695652173913043,175.0,0.7608695652173914,120.0,0.5217391304347826,0.22530434782608696,0.14477391304347828,0.15833478260869566,10.689024390243903,66.0,27.0,108.0
Quincy Ford,6,2.0,0.4,4.0,0.8,0.0,0.0,0.2,0.0,0.0,12.0,0.0,0.0,1.0
Quincy Lewis,208,610.0,2.9326923076923075,228.0,1.0961538461538463,100.0,0.4807692307692308,0.27221153846153845,0.11210096153846154,0.1338125,11.2046783625731,64.0,44.0,104.0
Quincy Miller,161,354.0,2.2125,215.0,1.34375,51.0,0.31875,0.17523125,0.10900000000000001,0.11379375,12.790697674418604,34.0,47.0,68.0
Quincy Olivari,15,38.0,2.533333333333333,14.0,0.9333333333333333,5.0,0.3333333333333333,0.1,0.10926666666666666,0.13333333333333333,10.5,1.0,0.0,9.0
Quincy Pondexter,532,2081.0,3.9338374291115312,798.0,1.5085066162570888,329.0,0.6219281663516069,0.26837618147448017,0.17018147448015122,0.22292060491493385,15.849282296650717,166.0,55.0,226.0
Quinn Buckner,788,6277.0,7.965736040609137,2081.0,2.6408629441624365,3274.0,4.154822335025381,0.41703807106598983,0.007614213197969543,0.3579276649746193,21.93020304568528,1311.0,78.0,1190.0
Quinn Cook,349,1571.0,4.527377521613833,399.0,1.1498559077809798,389.0,1.1210374639769451,0.2897752161383286,0.20766858789625361,0.15393948126801152,13.01171875,70.0,11.0,176.0
Quinndary Weatherspoon,92,155.0,1.7032967032967032,46.0,0.5054945054945055,49.0,0.5384615384615384,0.15948351648351647,0.047615384615384615,0.12179120879120879,6.471698113207547,21.0,5.0,37.0
Quinten Post,146,977.0,6.691780821917808,474.0,3.2465753424657535,171.0,1.1712328767123288,0.3504794520547945,0.286958904109589,0.20525342465753424,15.782388059701494,49.0,59.0,113.0
Quintin Dailey,532,7531.0,14.156015037593985,1317.0,2.475563909774436,1198.0,2.2518796992481205,0.4286052631578947,0.031171052631578943,0.6313853383458646,23.06954887218045,474.0,48.0,983.0
Quinton Ross,578,2191.0,3.790657439446367,1079.0,1.8667820069204153,485.0,0.8391003460207612,0.3185017301038062,0.06210899653979239,0.21910726643598616,18.113948919449903,302.0,155.0,248.0
Qunfei Deng,2,0.0,0.0,0.0,0.0,0.0,0.0,0.0,0.0,0.0,,0.0,0.0,0.0
Qyntel Woods,245,710.0,2.8979591836734695,389.0,1.5877551020408163,106.0,0.4326530612244898,0.2404204081632653,0.08673469387755102,0.13935102040816325,11.563953488372093,73.0,28.0,141.0
R.J. Davis,6,43.0,7.166666666666667,7.0,1.1666666666666667,1.0,0.16666666666666666,0.46249999999999997,0.4166666666666667,0.5833333333333334,16.006,2.0,0.0,7.0
R.J. Hampton,234,1276.0,5.452991452991453,531.0,2.269230769230769,354.0,1.5128205128205128,0.2887008547008547,0.21233760683760683,0.3066410256410257,17.972677595628415,105.0,37.0,204.0
RJ Barrett,514,9282.0,18.058365758754864,2704.0,5.260700389105058,1607.0,3.1264591439688716,0.4260758754863813,0.3251887159533074,0.6131031128404669,32.2445325203252,339.0,142.0,1064.0
RJ Hunter,121,221.0,1.8728813559322033,80.0,0.6779661016949152,52.0,0.4406779661016949,0.13992372881355933,0.10438983050847457,0.08686440677966102,9.409090909090908,36.0,9.0,31.0
RJ Luis Jr.,3,6.0,2.0,2.0,0.6666666666666666,0.0,0.0,0.5,0.0,0.0,2.3866666666666667,0.0,0.0,3.0
RJ Nembhard Jr.,53,34.0,0.6415094339622641,16.0,0.3018867924528302,20.0,0.37735849056603776,0.07837735849056604,0.018867924528301886,0.04716981132075472,6.473684210526316,2.0,0.0,6.0
Rabbit Walthour,4,2.0,0.5,0.0,0.0,0.0,0.0,0.0,0.0,0.0,1.5,0.0,0.0,0.0
Rade Zagorac,5,18.0,3.6,16.0,3.2,5.0,1.0,0.51,0.0,0.2,9.6,4.0,1.0,5.0
Radisav Curcic,20,58.0,2.9,49.0,2.45,12.0,0.6,0.3408,0.0,0.47995,8.3,7.0,2.0,8.0
Raef LaFrentz,697,6123.0,8.784791965566715,3696.0,5.302725968436155,642.0,0.921090387374462,0.3890172166427546,0.21673027259684363,0.3589512195121951,25.04523424878837,307.0,1013.0,570.0
Rafael Addison,403,2208.0,5.478908188585608,786.0,1.9503722084367245,345.0,0.8560794044665012,0.3616129032258064,0.09025062034739455,0.24836724565756824,14.888311688311688,151.0,83.0,287.0
Rafael Araujo,241,501.0,2.078838174273859,474.0,1.966804979253112,48.0,0.1991701244813278,0.2312946058091286,0.004149377593360996,0.17617842323651453,10.93939393939394,61.0,17.0,145.0
Rafael Hettsheimeir,1,26.0,26.0,5.0,5.0,1.0,1.0,0.643,0.8,0.0,,1.0,0.0,4.0
Rafael Mineiro,1,8.0,8.0,2.0,2.0,1.0,1.0,0.375,0.25,0.5,,0.0,0.0,1.0
Rafer Alston,867,7563.0,8.72318339100346,2150.0,2.4798154555940024,3528.0,4.069204152249135,0.30833794694348327,0.27083621683967707,0.36302883506343714,27.996062992125985,905.0,114.0,1346.0
RaiQuan Gray,14,39.0,2.7857142857142856,16.0,1.1428571428571428,13.0,0.9285714285714286,0.12007142857142858,0.07142857142857142,0.07142857142857142,15.0,1.0,2.0,5.0
Raja Bell,926,8009.0,8.64902807775378,2261.0,2.441684665226782,1386.0,1.4967602591792657,0.3592494600431966,0.2865583153347732,0.3543714902807776,27.17618469015796,561.0,143.0,815.0
Rajon Rondo,1296,11567.0,8.94586233565352,5349.0,4.1368909512761025,9146.0,7.073472544470224,0.3890572312451663,0.16538205723124516,0.28978190255220415,29.483850771869637,1858.0,162.0,3123.0
Rakeem Christmas,63,86.0,1.3650793650793651,72.0,1.1428571428571428,6.0,0.09523809523809523,0.1888730158730159,0.0,0.20238095238095238,7.0256410256410255,4.0,8.0,8.0
Ralph Davis,152,1190.0,7.828947368421052,140.0,0.9210526315789473,79.0,0.5197368421052632,0.15225,0.0,0.26677631578947364,3.0789473684210527,0.0,0.0,0.0
Ralph Drollinger,6,15.0,2.5,19.0,3.1666666666666665,14.0,2.3333333333333335,0.5083333333333333,0.0,0.041666666666666664,11.166666666666666,0.0,2.0,13.0
Ralph Hamilton,4,26.0,6.5,0.0,0.0,0.0,0.0,0.0,0.0,0.75,0.0,0.0,0.0,0.0
Ralph Jackson,1,2.0,2.0,1.0,1.0,4.0,4.0,0.333,0.0,0.0,12.0,2.0,0.0,1.0
Ralph Kaplowitz,30,162.0,5.4,0.0,0.0,0.0,0.0,0.02233333333333333,0.0,0.18889999999999998,0.0,0.0,0.0,0.0
Ralph Lewis,109,233.0,2.1376146788990824,126.0,1.1559633027522935,30.0,0.27522935779816515,0.2576422018348624,0.009174311926605505,0.18437614678899084,6.321100917431193,25.0,7.0,45.0
Ralph Ogden,34,48.0,1.411764705882353,36.0,1.0588235294117647,10.0,0.29411764705882354,0.1758235294117647,0.0,0.15685294117647058,5.205882352941177,0.0,0.0,0.0
Ralph Polson,37,147.0,3.972972972972973,0.0,0.0,0.0,0.0,0.036054054054054055,0.0,0.4784324324324324,0.5945945945945946,0.0,0.0,0.0
Ralph Sampson,495,7766.0,15.688888888888888,4413.0,8.915151515151516,1148.0,2.319191919191919,0.475149494949495,0.024242424242424242,0.5258,30.13939393939394,424.0,809.0,1486.0
Ralph Simpson,234,1938.0,8.282051282051283,464.0,1.982905982905983,511.0,2.1837606837606836,0.3563034188034188,0.0,0.4122051282051282,17.858974358974358,117.0,13.0,142.0
Ralph Wells,3,2.0,0.6666666666666666,3.0,1.0,3.0,1.0,0.0,0.0,0.0,7.333333333333333,0.0,0.0,0.0
Ramon Rivas,28,40.0,1.4285714285714286,24.0,0.8571428571428571,3.0,0.10714285714285714,0.2529642857142857,0.0,0.23214285714285715,3.25,4.0,1.0,9.0
Ramon Sessions,835,7968.0,9.54251497005988,2100.0,2.5149700598802394,3173.0,3.8,0.38472694610778446,0.14430299401197605,0.6068179640718563,22.814814814814813,534.0,58.0,1345.0
Ramone Moore,2,22.0,11.0,6.0,3.0,2.0,1.0,0.3975,0.25,0.375,,1.0,0.0,3.0
Randell Jackson,59,114.0,1.9322033898305084,54.0,0.9152542372881356,8.0,0.13559322033898305,0.15584745762711866,0.01694915254237288,0.15254237288135594,9.035714285714286,3.0,11.0,26.0
Randolph Childress,79,124.0,1.5696202531645569,25.0,0.31645569620253167,49.0,0.620253164556962,0.13120253164556964,0.07805063291139241,0.12192405063291138,7.647058823529412,17.0,1.0,46.0
Randolph Keys,241,1260.0,5.228215767634855,552.0,2.2904564315352696,192.0,0.7966804979253111,0.35898340248962657,0.07986721991701246,0.2606058091286307,13.780082987551868,133.0,43.0,177.0
Randolph Morris,216,199.0,0.9212962962962963,144.0,0.6666666666666666,10.0,0.046296296296296294,0.12853240740740743,0.0,0.10331944444444445,5.78494623655914,17.0,8.0,41.0
Randy Allen,70,252.0,3.6,145.0,2.0714285714285716,23.0,0.32857142857142857,0.3943857142857143,0.0,0.13831428571428572,11.271428571428572,17.0,20.0,30.0
Randy Breuer,741,4886.0,6.593792172739541,3172.0,4.280701754385965,642.0,0.8663967611336032,0.43022807017543857,0.0,0.3356909581646424,18.05128205128205,329.0,794.0,702.0
Randy Brown,764,3224.0,4.219895287958115,1202.0,1.5732984293193717,1442.0,1.887434554973822,0.33284685863874347,0.022795811518324608,0.2762238219895288,16.59259259259259,737.0,159.0,743.0
Randy Denton,45,239.0,5.311111111111111,210.0,4.666666666666667,33.0,0.7333333333333333,0.3560444444444444,0.0,0.27784444444444445,14.866666666666667,3.0,5.0,0.0
Randy Foye,878,8386.0,9.55125284738041,1854.0,2.111617312072893,2330.0,2.65375854214123,0.3586002277904328,0.2955876993166287,0.4489533029612756,24.640236686390534,576.0,241.0,1251.0
Randy Holcomb,15,54.0,3.6,38.0,2.533333333333333,8.0,0.5333333333333333,0.30666666666666664,0.13333333333333333,0.23986666666666664,7.214285714285714,7.0,1.0,11.0
Randy Livingston,277,826.0,2.9819494584837547,302.0,1.0902527075812274,435.0,1.5703971119133573,0.26864981949458483,0.08892779783393502,0.21450180505415162,12.577272727272728,130.0,32.0,231.0
Randy Smith,1002,16723.0,16.689620758483034,3334.0,3.3273453093812377,4146.0,4.137724550898204,0.405814371257485,0.008898203592814371,0.6228343313373254,27.51696606786427,782.0,39.0,733.0
Randy White,282,2083.0,7.386524822695035,1366.0,4.843971631205674,175.0,0.6205673758865248,0.37284397163120564,0.053602836879432625,0.4597340425531915,19.092198581560282,209.0,127.0,372.0
Randy Wittman,581,4521.0,7.781411359724613,838.0,1.4423407917383821,1317.0,2.2667814113597244,0.428934595524957,0.02667814113597246,0.26263855421686744,21.862306368330465,282.0,71.0,480.0
Randy Woods,151,356.0,2.357615894039735,93.0,0.6158940397350994,257.0,1.7019867549668874,0.24255629139072846,0.1590728476821192,0.1870860927152318,7.23841059602649,85.0,4.0,110.0
Raphiael Putney,1,0.0,0.0,1.0,1.0,0.0,0.0,0.0,0.0,0.0,4.0,0.0,0.0,0.0
Rashad McCants,295,2722.0,9.227118644067797,552.0,1.8711864406779661,364.0,1.2338983050847459,0.36143389830508477,0.26876271186440676,0.37373559322033895,19.892193308550187,201.0,66.0,401.0
Rashad Vaughn,220,546.0,2.481818181818182,175.0,0.7954545454545454,89.0,0.40454545454545454,0.17565,0.1424409090909091,0.05985,12.084415584415584,58.0,30.0,63.0
Rashad Wright,3,15.0,5.0,8.0,2.6666666666666665,7.0,2.3333333333333335,0.206,0.3333333333333333,0.44399999999999995,5.0,1.0,0.0,3.0
Rashard Lewis,1348,17432.0,12.931750741839762,6054.0,4.491097922848665,2005.0,1.4873887240356083,0.37800370919881304,0.2908405044510386,0.5016854599406528,31.072278056951426,1241.0,594.0,1790.0
Rashawn Thomas,4,0.0,0.0,0.0,0.0,0.0,0.0,0.0,0.0,0.0,,0.0,0.0,0.0
Rasheed Sulaimon,7,6.0,0.8571428571428571,1.0,0.14285714285714285,5.0,0.7142857142857143,0.03571428571428571,0.0,0.14285714285714285,8.25,1.0,0.0,4.0
Rasheed Wallace,1401,18759.0,13.389721627408994,8719.0,6.223411848679515,2312.0,1.6502498215560315,0.43948536759457535,0.24776873661670237,0.4962655246252677,31.865834586466164,1268.0,1724.0,1974.0
Rasheer Fleming,90,264.0,2.933333333333333,133.0,1.4777777777777779,17.0,0.18888888888888888,0.2235111111111111,0.17904444444444445,0.09722222222222222,11.703802083333333,27.0,26.0,32.0
Rashid Byrd,1,0.0,0.0,2.0,2.0,0.0,0.0,0.0,0.0,0.0,2.0,0.0,0.0,1.0
Rasho Nesterovic,999,5980.0,5.985985985985986,4535.0,4.53953953953954,912.0,0.9129129129129129,0.4231791791791792,0.002002002002002002,0.17654554554554555,21.187294633077766,360.0,1008.0,815.0
Rastko Cvetkovic,14,10.0,0.7142857142857143,11.0,0.7857142857142857,3.0,0.21428571428571427,0.2737857142857143,0.0,0.0,3.4285714285714284,2.0,1.0,3.0
Rasual Butler,1100,6719.0,6.108181818181818,2143.0,1.9481818181818182,726.0,0.66,0.29561272727272725,0.2420481818181818,0.22095454545454546,20.12948857453754,312.0,442.0,585.0
Ratko Varda,4,5.0,1.25,1.0,0.25,0.0,0.0,0.16675,0.0,0.25,5.0,0.0,0.0,1.0
Raul Lopez,119,754.0,6.336134453781512,196.0,1.6470588235294117,437.0,3.672268907563025,0.3946638655462185,0.1907563025210084,0.406436974789916,18.434782608695652,86.0,5.0,227.0
Raul Neto,622,2750.0,4.457050243111832,741.0,1.20097244732577,1003.0,1.6256077795786061,0.32805996758508915,0.21600162074554294,0.23947649918962724,14.823170731707316,315.0,37.0,450.0
Rawle Alkins,27,37.0,1.48,27.0,1.08,13.0,0.52,0.08916,0.07,0.15332,10.636363636363637,1.0,0.0,8.0
Rawle Marshall,112,248.0,2.2142857142857144,80.0,0.7142857142857143,34.0,0.30357142857142855,0.18148214285714287,0.0386875,0.19835714285714287,10.181818181818182,29.0,20.0,43.0
Ray Allen,1583,28164.0,17.791535060012635,6115.0,3.8629185091598233,4959.0,3.1326595072646874,0.4366512950094757,0.3775609602021478,0.7373746051800378,34.62299350649351,1669.0,291.0,3092.0
Ray Blume,49,226.0,4.612244897959184,42.0,0.8571428571428571,65.0,1.3265306122448979,0.3554081632653061,0.05102040816326531,0.17857142857142858,11.142857142857142,9.0,1.0,27.0
Ray Corley,44,148.0,3.3636363636363638,0.0,0.0,7.0,0.1590909090909091,0.022727272727272728,0.0,0.4602272727272727,0.0,0.0,0.0,0.0
Ray Ellefson,3,4.0,1.3333333333333333,0.0,0.0,0.0,0.0,0.0,0.0,0.6666666666666666,0.0,0.0,0.0,0.0
Ray Epps,13,26.0,2.0,5.0,0.38461538461538464,2.0,0.15384615384615385,0.2856153846153846,0.0,0.20515384615384613,5.538461538461538,1.0,0.0,2.0
Ray Felix,604,6006.0,9.943708609271523,2183.0,3.6142384105960264,100.0,0.16556291390728478,0.16338245033112583,0.0,0.6016639072847682,3.6572847682119205,0.0,0.0,0.0
Ray Kuka,19,111.0,5.842105263157895,0.0,0.0,2.0,0.10526315789473684,0.034105263157894736,0.0,0.14036842105263156,0.0,0.0,0.0,0.0
Ray Lumpp,171,1100.0,6.432748538011696,15.0,0.08771929824561403,104.0,0.6081871345029239,0.12873684210526315,0.0,0.596766081871345,0.8245614035087719,0.0,0.0,0.0
Ray McCallum,231,996.0,4.311688311688312,332.0,1.4372294372294372,401.0,1.7359307359307359,0.24631168831168831,0.14826406926406926,0.1771038961038961,17.296511627906977,91.0,31.0,169.0
Ray Owes,82,177.0,2.158536585365854,163.0,1.9878048780487805,15.0,0.18292682926829268,0.2144268292682927,0.012195121951219513,0.1016219512195122,9.912280701754385,15.0,20.0,23.0
Ray Radziszewski,1,0.0,0.0,2.0,2.0,1.0,1.0,0.0,0.0,0.0,6.0,0.0,0.0,0.0
Ray Ragelis,43,60.0,1.3953488372093024,5.0,0.11627906976744186,1.0,0.023255813953488372,0.005813953488372093,0.0,0.1744186046511628,0.37209302325581395,0.0,0.0,0.0
Ray Scott,709,10523.0,14.842031029619182,5110.0,7.207334273624824,880.0,1.2411847672778562,0.2675331452750353,0.0,0.6598053596614951,13.83638928067701,0.0,0.0,0.0
Ray Spalding,37,73.0,2.0277777777777777,59.0,1.6388888888888888,5.0,0.1388888888888889,0.23238888888888887,0.0,0.0763888888888889,9.61111111111111,13.0,10.0,15.0
Ray Tolbert,266,938.0,3.526315789473684,614.0,2.308270676691729,135.0,0.5075187969924813,0.42066541353383463,0.0,0.19733458646616542,10.597744360902256,70.0,93.0,196.0
Ray Williams,696,10604.0,15.235632183908047,2462.0,3.5373563218390807,3946.0,5.669540229885057,0.4259683908045977,0.06637787356321839,0.6474468390804597,27.514367816091955,793.0,145.0,1252.0
Ray Young,4,16.0,4.0,8.0,2.0,2.0,0.5,0.197,0.125,0.125,10.5,1.0,1.0,0.0
RayJ Dennis,56,134.0,2.392857142857143,46.0,0.8214285714285714,60.0,1.0714285714285714,0.12105357142857143,0.11683928571428571,0.1125,9.770294117647058,13.0,7.0,31.0
Rayan Rupert,225,708.0,3.1466666666666665,387.0,1.72,169.0,0.7511111111111111,0.20668444444444445,0.14542666666666668,0.1453911111111111,13.734363636363637,91.0,17.0,131.0
Rayjon Tucker,107,153.0,1.4299065420560748,57.0,0.5327102803738317,27.0,0.2523364485981308,0.16979439252336448,0.06774766355140187,0.1319906542056075,6.620689655172414,9.0,1.0,24.0
Raymond Brown,19,16.0,0.8421052631578947,15.0,0.7894736842105263,4.0,0.21052631578947367,0.21926315789473685,0.0,0.0,3.263157894736842,0.0,0.0,6.0
Raymond Felton,1211,11968.0,9.907284768211921,3165.0,2.6200331125827816,5568.0,4.6092715231788075,0.36305794701986754,0.24643046357615894,0.4400968543046357,28.711274060494958,1268.0,231.0,2244.0
Raymond Sykes,4,12.0,3.0,4.0,1.0,1.0,0.25,0.33325,0.0,0.375,9.5,1.0,3.0,3.0
Raymond Townsend,154,745.0,4.837662337662338,157.0,1.0194805194805194,217.0,1.4090909090909092,0.3708051948051948,0.032467532467532464,0.25955844155844154,13.14935064935065,87.0,10.0,116.0
Rayshaun Hammonds,3,0.0,0.0,0.0,0.0,0.0,0.0,0.0,0.0,0.0,0.0,0.0,0.0,0.0
Red Holzman,260,1441.0,5.542307692307692,19.0,0.07307692307692308,53.0,0.20384615384615384,0.04355,0.0,0.46263846153846155,0.6115384615384616,0.0,0.0,0.0
Red Rocha,354,3520.0,9.943502824858758,1008.0,2.847457627118644,317.0,0.8954802259887006,0.16523163841807909,0.0,0.6888757062146893,11.51129943502825,0.0,0.0,0.0
Reece Beekman,57,115.0,2.017543859649123,44.0,0.7719298245614035,79.0,1.3859649122807018,0.19928070175438597,0.08040350877192982,0.14912280701754385,11.717999999999998,36.0,4.0,28.0
Reece Gaines,150,138.0,0.92,56.0,0.37333333333333335,57.0,0.38,0.11396,0.023333333333333334,0.065,8.063291139240507,19.0,4.0,34.0
Reed Sheppard,184,1510.0,8.206521739130435,352.0,1.9130434782608696,404.0,2.1956521739130435,0.3151105072463768,0.2769619565217391,0.2106032608695652,20.724858387799564,184.0,87.0,189.0
Reeves Nelson,3,4.0,1.3333333333333333,12.0,4.0,2.0,0.6666666666666666,0.16666666666666666,0.0,0.0,11.0,2.0,0.0,0.0
Reggie Bullock,822,4495.0,5.4817073170731705,1631.0,1.9890243902439024,724.0,0.8829268292682927,0.2787890243902439,0.23599634146341464,0.17561341463414637,22.228155339805824,362.0,85.0,332.0
Reggie Carter,136,471.0,3.463235294117647,163.0,1.1985294117647058,197.0,1.4485294117647058,0.35181617647058827,0.0,0.31886029411764705,10.595588235294118,14.0,5.0,38.0
Reggie Evans,1040,3739.0,3.5951923076923076,6498.0,6.248076923076923,516.0,0.49615384615384617,0.33555961538461543,0.0009615384615384616,0.3215019230769231,18.665207877461707,646.0,136.0,1031.0
Reggie Geary,165,218.0,1.3212121212121213,84.0,0.509090909090909,116.0,0.703030303030303,0.14872121212121214,0.06404848484848484,0.07597575757575757,8.537037037037036,51.0,14.0,59.0
Reggie Hanson,14,6.0,0.42857142857142855,6.0,0.42857142857142855,1.0,0.07142857142857142,0.10714285714285714,0.0,0.0,2.5,2.0,1.0,3.0
Reggie Harding,205,1839.0,8.970731707317073,1154.0,5.6292682926829265,143.0,0.697560975609756,0.20823414634146342,0.0,0.45662439024390244,7.5268292682926825,0.0,0.0,0.0
Reggie Hearn,19,5.0,0.29411764705882354,1.0,0.058823529411764705,0.0,0.0,0.11764705882352941,0.058823529411764705,0.0,2.2,1.0,0.0,0.0
Reggie Jackson,1125,12343.0,11.000891265597147,2852.0,2.5418894830659537,4045.0,3.605169340463458,0.36932798573975045,0.28304545454545454,0.4582620320855615,24.010205278592373,669.0,134.0,1776.0
Reggie Johnson,332,2702.0,8.13855421686747,1273.0,3.8343373493975905,280.0,0.8433734939759037,0.4512198795180723,0.0030120481927710845,0.4204668674698795,18.710843373493976,122.0,170.0,248.0
Reggie Jordan,259,529.0,2.0424710424710426,358.0,1.3822393822393821,202.0,0.7799227799227799,0.2484749034749035,0.011583011583011582,0.17274903474903475,8.47979797979798,98.0,32.0,107.0
Reggie King,460,4252.0,9.243478260869566,2894.0,6.291304347826087,722.0,1.5695652173913044,0.4632695652173913,0.0,0.4777217391304348,26.30217391304348,365.0,164.0,466.0
Reggie Lewis,492,8636.0,17.552845528455286,2113.0,4.294715447154472,1262.0,2.565040650406504,0.4735548780487805,0.04884756097560976,0.6870020325203252,32.40447154471545,620.0,436.0,765.0
Reggie Miller,1554,28318.0,18.222651222651223,4609.0,2.9658944658944657,4514.0,2.9047619047619047,0.4602072072072072,0.37343436293436294,0.7892104247104247,34.16202203499676,1659.0,334.0,2676.0
Reggie Perry,87,199.0,2.2873563218390807,137.0,1.5747126436781609,28.0,0.3218390804597701,0.18060919540229883,0.04310344827586207,0.14463218390804597,9.666666666666666,17.0,13.0,32.0
Reggie Redding,1,12.0,12.0,1.0,1.0,5.0,5.0,0.385,0.667,0.0,,4.0,1.0,2.0
Reggie Slater,342,1463.0,4.277777777777778,782.0,2.2865497076023393,145.0,0.4239766081871345,0.34440643274853805,0.0,0.3392514619883041,13.144486692015208,93.0,59.0,247.0
Reggie Smith,66,99.0,1.5,120.0,1.8181818181818181,5.0,0.07575757575757576,0.3223787878787879,0.0,0.10984848484848485,5.818181818181818,16.0,7.0,16.0
Reggie Theus,1045,19267.0,18.43732057416268,3402.0,3.2555023923444977,6489.0,6.20956937799043,0.45916267942583733,0.10724497607655502,0.7366593301435407,33.243062200956935,1047.0,216.0,3040.0
Reggie Williams,936,9445.0,10.090811965811966,3004.0,3.2094017094017095,1865.0,1.9925213675213675,0.3653344017094017,0.21575,0.4181869658119658,24.14740566037736,914.0,434.0,1238.0
Regina Parquet,1,0.0,0.0,0.0,0.0,0.0,0.0,0.0,0.0,0.0,3.47,0.0,0.0,0.0
Renaldo Balkman,417,1108.0,2.657074340527578,905.0,2.1702637889688248,160.0,0.38369304556354916,0.25337410071942446,0.026376498800959235,0.1498872901678657,13.474903474903474,200.0,122.0,162.0
Renaldo Major,7,5.0,0.7142857142857143,2.0,0.2857142857142857,0.0,0.0,0.028571428571428574,0.0,0.07142857142857142,27.0,2.0,0.0,1.0
Rene Rougeau,4,24.0,6.0,19.0,4.75,7.0,1.75,0.3025,0.0,0.5,,5.0,4.0,5.0
Reuben Rangi,1,1.0,1.0,0.0,0.0,0.0,0.0,0.0,0.0,0.5,,0.0,0.0,0.0
Rex Chapman,719,9914.0,13.788595271210013,1673.0,2.3268428372739915,1826.0,2.5396383866481225,0.39337413073713495,0.27015020862308764,0.5448984700973574,29.19882179675994,600.0,129.0,1052.0
Rex Morgan,66,175.0,2.6515151515151514,84.0,1.2727272727272727,33.0,0.5,0.25524242424242427,0.0,0.3304848484848485,5.2272727272727275,0.0,0.0,0.0
Rex Walters,414,1549.0,3.741545893719807,403.0,0.9734299516908212,573.0,1.3840579710144927,0.3138309178743961,0.19003623188405797,0.21634299516908212,13.386430678466077,129.0,30.0,291.0
Reyshawn Terry,5,22.0,4.4,6.0,1.2,1.0,0.2,0.6,0.2,0.1,7.2,0.0,2.0,2.0
Rhys Vague,2,11.0,5.5,7.0,3.5,0.0,0.0,0.354,0.4165,0.0,,0.0,0.0,0.0
Ricardo Marsh,4,8.0,2.0,5.0,1.25,2.0,0.5,0.1875,0.0,0.125,7.0,0.0,0.0,0.0
Rich Johnson,98,459.0,4.683673469387755,231.0,2.357142857142857,30.0,0.30612244897959184,0.3088877551020408,0.0,0.21476530612244898,8.89795918367347,0.0,0.0,0.0
Rich Jones,34,360.0,10.588235294117647,194.0,5.705882352941177,46.0,1.3529411764705883,0.37991176470588234,0.0,0.6356176470588235,25.61764705882353,16.0,6.0,0.0
Rich Kelley,858,6458.0,7.526806526806527,5909.0,6.886946386946387,2182.0,2.543123543123543,0.46745687645687645,0.0,0.5465745920745921,21.18881118881119,520.0,528.0,1180.0
Rich King,72,135.0,1.875,73.0,1.0138888888888888,21.0,0.2916666666666667,0.2390972222222222,0.0,0.23380555555555554,4.28169014084507,5.0,7.0,27.0
Rich Laurel,10,24.0,2.4,10.0,1.0,3.0,0.3,0.2367,0.0,0.2,5.7,3.0,1.0,2.0
Rich Melzer,2,9.0,4.5,1.0,0.5,1.0,0.5,0.5835,0.5,0.5,10.0,0.0,3.0,2.0
Rich Niemann,40,113.0,2.825,81.0,2.025,13.0,0.325,0.25965000000000005,0.0,0.3,4.225,0.0,0.0,0.0
Rich Rinaldi,82,395.0,4.817073170731708,86.0,1.048780487804878,58.0,0.7073170731707317,0.25628048780487805,0.0,0.3118780487804878,7.841463414634147,0.0,0.0,0.0
Rich Yonakor,12,35.0,2.9166666666666665,28.0,2.3333333333333335,4.0,0.3333333333333333,0.40758333333333335,0.0,0.25,6.166666666666667,2.0,2.0,2.0
Richard Anderson,421,2318.0,5.505938242280285,1444.0,3.4299287410926365,621.0,1.4750593824228029,0.35931828978622327,0.14099762470308788,0.25404513064133016,14.598574821852731,218.0,94.0,354.0
Richard Atha,41,137.0,3.341463414634146,20.0,0.4878048780487805,11.0,0.2682926829268293,0.0748048780487805,0.0,0.3597560975609756,1.0731707317073171,0.0,0.0,0.0
Richard Coffey,52,68.0,1.3076923076923077,79.0,1.5192307692307692,3.0,0.057692307692307696,0.20607692307692307,0.0,0.09615384615384616,6.153846153846154,6.0,4.0,5.0
Richard Delk,3,9.0,3.0,4.0,1.3333333333333333,1.0,0.3333333333333333,0.2776666666666667,0.5,0.0,13.0,0.0,0.0,1.0
Richard Dumas,128,1333.0,10.4140625,417.0,3.2578125,135.0,1.0546875,0.442921875,0.0234375,0.425078125,21.328125,158.0,58.0,178.0
Richard Hamilton,1198,18869.0,15.75041736227045,3495.0,2.9173622704507514,3742.0,3.1235392320534223,0.4096377295492487,0.22716611018363939,0.6540267111853089,31.910822041553747,878.0,157.0,2426.0
Richard Hendrix,3,14.0,4.666666666666667,16.0,5.333333333333333,0.0,0.0,0.16666666666666666,0.0,0.3333333333333333,12.333333333333334,3.0,2.0,2.0
Richard Howell,1,0.0,0.0,1.0,1.0,1.0,1.0,0.0,0.0,0.0,4.0,0.0,0.0,0.0
Richard Jefferson,1544,17215.0,11.14961139896373,5590.0,3.6204663212435233,2790.0,1.8069948186528497,0.3982422279792746,0.24789054404145078,0.5063879533678757,27.927142857142858,934.0,405.0,2108.0
Richard Jeter,1,0.0,0.0,1.0,1.0,0.0,0.0,0.0,0.0,0.0,5.0,0.0,0.0,0.0
Richard Jr.,1,8.0,8.0,1.0,1.0,3.0,3.0,0.5,0.0,0.0,,1.0,1.0,3.0
Richard Manning,75,191.0,2.546666666666667,98.0,1.3066666666666666,11.0,0.14666666666666667,0.2834,0.013333333333333334,0.12333333333333334,8.931034482758621,7.0,9.0,24.0
Richard Morton,2,6.0,3.0,0.0,0.0,1.0,0.5,0.375,0.0,0.0,5.5,0.0,0.0,1.0
Richard Petruska,22,53.0,2.409090909090909,31.0,1.4090909090909092,1.0,0.045454545454545456,0.39390909090909093,0.20454545454545456,0.18181818181818182,4.181818181818182,2.0,3.0,15.0
Richard Rellford,4,16.0,4.0,7.0,1.75,1.0,0.25,0.54175,0.0,0.41675,10.5,0.0,3.0,4.0
Richard Solomon,11,14.0,1.5555555555555556,10.0,1.1111111111111112,1.0,0.1111111111111111,0.213,0.0,0.05555555555555555,11.333333333333334,4.0,2.0,3.0
Richard Washington,363,3535.0,9.738292011019285,2238.0,6.1652892561983474,408.0,1.1239669421487604,0.4330550964187328,0.0027548209366391185,0.40153168044077137,22.03305785123967,202.0,267.0,233.0
Richaun Holmes,766,4449.0,5.8232984293193715,2802.0,3.667539267015707,509.0,0.6662303664921466,0.3854947643979058,0.04668193717277487,0.3133193717277487,18.42301886792453,268.0,483.0,459.0
Richie Frahm,201,587.0,2.9203980099502487,198.0,0.9850746268656716,103.0,0.5124378109452736,0.20510945273631842,0.15696517412935324,0.11899004975124379,10.376623376623376,46.0,12.0,44.0
Richie Guerin,895,15369.0,17.172067039106146,2558.0,2.858100558659218,2624.0,2.9318435754189944,0.2469832402234637,0.0,0.7337675977653632,13.345251396648045,0.0,0.0,0.0
Richie Regan,218,1811.0,8.307339449541285,123.0,0.5642201834862385,152.0,0.6972477064220184,0.08658256880733944,0.0,0.5203211009174312,3.3440366972477062,0.0,0.0,0.0
Rick Adelman,483,3708.0,7.6770186335403725,1129.0,2.3374741200828155,1622.0,3.358178053830228,0.37919668737060047,0.0,0.47969772256728777,19.07246376811594,39.0,4.0,0.0
Rick Apodaca,1,0.0,0.0,0.0,0.0,0.0,0.0,0.0,0.0,0.0,5.0,0.0,0.0,0.0
Rick Barry,873,20316.0,23.27147766323024,5580.0,6.391752577319588,4314.0,4.941580756013746,0.4256769759450172,0.01241122565864834,0.7897983963344788,35.801832760595644,1124.0,261.0,393.0
Rick Brunson,526,1122.0,2.1330798479087454,468.0,0.8897338403041825,909.0,1.7281368821292775,0.186138783269962,0.09013307984790875,0.13888022813688214,12.306010928961749,208.0,21.0,371.0
Rick Calloway,64,205.0,3.203125,78.0,1.21875,61.0,0.953125,0.332078125,0.0,0.357265625,10.59375,22.0,7.0,51.0
Rick Carlisle,200,445.0,2.225,147.0,0.735,203.0,1.015,0.31169,0.0375,0.13958500000000001,7.605,45.0,9.0,126.0
Rick Fox,1073,9695.0,9.035414725069897,3870.0,3.6067101584342964,2894.0,2.697110904007456,0.41731220876048464,0.23353028890959926,0.4170428704566636,24.926993275696447,1051.0,382.0,1762.0
Rick Hughes,30,82.0,2.7333333333333334,49.0,1.6333333333333333,9.0,0.3,0.3078,0.0,0.12776666666666667,10.285714285714286,3.0,1.0,14.0
Rick Mahorn,1262,8375.0,6.636291600633914,7534.0,5.969889064976228,1154.0,0.9144215530903328,0.42253882725832015,0.003961965134706815,0.3887036450079239,23.016353229762878,586.0,938.0,1358.0
Rick Rickert,5,5.0,1.0,4.0,0.8,2.0,0.4,0.0666,0.0,0.15,4.8,0.0,0.0,1.0
Rick Roberson,441,3872.0,8.780045351473923,3537.0,8.020408163265307,587.0,1.3310657596371882,0.39896598639455777,0.0,0.42304308390022677,22.988662131519273,89.0,76.0,0.0
Rick Robey,547,3939.0,7.201096892138939,2440.0,4.460694698354661,637.0,1.1645338208409506,0.4388098720292504,0.0018281535648994515,0.4023217550274223,17.248628884826324,154.0,71.0,513.0
Rick Weitzman,27,37.0,1.3703703703703705,10.0,0.37037037037037035,6.0,0.2222222222222222,0.19133333333333336,0.0,0.18518518518518517,2.3333333333333335,0.0,0.0,0.0
Rick Wilson,67,194.0,2.8955223880597014,63.0,0.9402985074626866,68.0,1.0149253731343284,0.263955223880597,0.0,0.1766268656716418,8.492537313432836,11.0,3.0,40.0
Rickey Brown,347,1515.0,4.36599423631124,1222.0,3.521613832853026,122.0,0.3515850144092219,0.41542363112391933,0.0,0.2925129682997118,13.187319884726225,92.0,114.0,295.0
Rickey Green,1001,9355.0,9.345654345654346,1903.0,1.901098901098901,5478.0,5.472527472527473,0.41843856143856145,0.03729570429570429,0.49225874125874125,24.276723276723278,1228.0,54.0,1430.0
Rickey Williams,44,147.0,3.340909090909091,38.0,0.8636363636363636,37.0,0.8409090909090909,0.35663636363636364,0.0,0.24902272727272728,7.840909090909091,14.0,4.0,36.0
Rickie Winslow,7,7.0,1.0,7.0,1.0,2.0,0.2857142857142857,0.09285714285714286,0.0,0.07142857142857142,6.428571428571429,1.0,0.0,4.0
Ricky Berry,64,706.0,11.03125,197.0,3.078125,80.0,1.25,0.46509375,0.297515625,0.515,21.96875,37.0,22.0,82.0
Ricky Blanton,2,6.0,3.0,3.0,1.5,1.0,0.5,0.6665,0.0,0.0,6.5,2.0,0.0,1.0
Ricky Council IV,142,756.0,5.323943661971831,281.0,1.9788732394366197,121.0,0.852112676056338,0.2887323943661972,0.1803943661971831,0.3548450704225352,14.397699115044249,43.0,14.0,61.0
Ricky Davis,864,10527.0,12.184027777777779,2690.0,3.113425925925926,2589.0,2.9965277777777777,0.3844039351851852,0.20986805555555554,0.5155648148148148,29.08871989860583,789.0,197.0,1732.0
Ricky Grace,3,4.0,1.3333333333333333,1.0,0.3333333333333333,1.0,0.3333333333333333,0.22233333333333336,0.0,0.0,2.6666666666666665,0.0,0.0,0.0
Ricky IV,1,13.0,13.0,6.0,6.0,1.0,1.0,1.0,1.0,0.5,,2.0,0.0,2.0
Ricky Ledo,67,165.0,2.462686567164179,69.0,1.0298507462686568,38.0,0.5671641791044776,0.16025373134328358,0.15028358208955225,0.11007462686567164,10.975609756097562,9.0,1.0,46.0
Ricky Minard,2,6.0,3.0,2.0,1.0,0.0,0.0,0.26749999999999996,0.0,0.0,5.0,0.0,0.0,0.0
Ricky Pierce,1097,15914.0,14.506836827711941,2525.0,2.3017319963536917,2013.0,1.8350045578851413,0.4460428441203282,0.13181494986326345,0.673820419325433,24.641651031894934,833.0,166.0,1600.0
Ricky Rubio,813,8117.0,10.020987654320988,3014.0,3.7209876543209877,5467.0,6.749382716049383,0.3452530864197531,0.24584074074074075,0.6253962962962963,28.670650730411687,1326.0,101.0,1911.0
Ricky Shields,2,1.0,0.5,1.0,0.5,1.0,0.5,0.0,0.0,0.25,5.5,1.0,0.0,0.0
Ricky Sobers,849,11288.0,13.295641931684335,2199.0,2.590106007067138,3601.0,4.241460541813899,0.444188457008245,0.07072202591283863,0.6563898704358068,28.003533568904594,979.0,133.0,1404.0
Ricky Wilson,26,125.0,4.8076923076923075,27.0,1.0384615384615385,70.0,2.6923076923076925,0.3206923076923077,0.2333076923076923,0.3717307692307692,16.5,23.0,3.0,26.0
Rik Smits,985,14418.0,14.63756345177665,5824.0,5.912690355329949,1354.0,1.3746192893401015,0.49617461928934015,0.003553299492385787,0.6038050761421321,26.454732510288064,423.0,1202.0,1762.0
Riley Minix,41,69.0,1.6829268292682926,23.0,0.5609756097560976,13.0,0.3170731707317073,0.15748780487804878,0.11463414634146342,0.0975609756097561,7.323888888888888,3.0,1.0,7.0
Rob Dillingham,168,752.0,4.476190476190476,204.0,1.2142857142857142,312.0,1.8571428571428572,0.25225,0.17967261904761905,0.13323214285714285,13.411328125,75.0,7.0,173.0
Rob Edwards,6,9.0,1.5,3.0,0.5,0.0,0.0,0.16666666666666666,0.16666666666666666,0.0,4.333333333333333,0.0,0.0,1.0
Rob Gray,3,0.0,,0.0,,0.0,,,,,,0.0,0.0,0.0
Rob Griffin,2,0.0,0.0,1.0,0.5,0.0,0.0,0.0,0.0,0.0,3.0,0.0,0.0,0.0
Rob Kurz,92,202.0,2.1956521739130435,117.0,1.2717391304347827,31.0,0.33695652173913043,0.17476086956521739,0.11671739130434781,0.1983695652173913,10.472727272727273,19.0,23.0,25.0
Rob Williams,165,1433.0,8.684848484848485,362.0,2.193939393939394,886.0,5.36969696969697,0.41600606060606066,0.0847939393939394,0.5614969696969697,22.1030303030303,175.0,19.0,382.0
Robb Dryden,1,0.0,0.0,0.0,0.0,0.0,0.0,0.0,0.0,0.0,5.0,0.0,0.0,0.0
Robbie Hummel,138,445.0,3.2246376811594204,301.0,2.181159420289855,63.0,0.45652173913043476,0.2829710144927536,0.18181884057971015,0.17028985507246377,13.619469026548673,35.0,15.0,32.0
Robert Archibald,95,53.0,0.5578947368421052,70.0,0.7368421052631579,16.0,0.16842105263157894,0.08509473684210526,0.0,0.11052631578947368,6.822222222222222,14.0,6.0,17.0
Robert Churchwell,4,6.0,1.5,3.0,0.75,1.0,0.25,0.107,0.0,0.0,5.0,0.0,0.0,2.0
Robert Covington,785,7319.0,9.347381864623244,3779.0,4.826309067688378,992.0,1.2669220945083015,0.35250702426564495,0.3115363984674329,0.413264367816092,27.30535455861071,1045.0,640.0,948.0
Robert Dozier,4,6.0,1.5,13.0,3.25,3.0,0.75,0.175,0.0,0.0,10.5,5.0,2.0,4.0
Robert Franks,19,109.0,5.7368421052631575,30.0,1.5789473684210527,9.0,0.47368421052631576,0.31594736842105264,0.2613684210526316,0.40331578947368424,10.166666666666666,8.0,4.0,10.0
Robert Hawkins,108,1323.0,12.25,237.0,2.1944444444444446,151.0,1.3981481481481481,0.43299074074074073,0.0,0.5032962962962964,18.444444444444443,52.0,20.0,2.0
Robert Hite,43,175.0,4.069767441860465,53.0,1.2325581395348837,19.0,0.4418604651162791,0.23425581395348838,0.17797674418604653,0.2131860465116279,13.633333333333333,11.0,9.0,21.0
Robert Horry,1428,9702.0,6.794117647058823,6669.0,4.670168067226891,2931.0,2.052521008403361,0.37060364145658264,0.23296638655462185,0.37875980392156866,24.633235724743777,1443.0,1263.0,1670.0
Robert II,1,2.0,2.0,2.0,2.0,0.0,0.0,0.25,0.0,0.0,,0.0,0.0,0.0
Robert III,1,0.0,,0.0,,0.0,,,,,,0.0,0.0,0.0
Robert Lock,20,30.0,1.5,32.0,1.6,4.0,0.2,0.17,0.0,0.3,5.5,3.0,4.0,13.0
Robert Loe,2,31.0,15.5,9.0,4.5,1.0,0.5,0.53,0.1835,0.5,,0.0,1.0,6.0
Robert Nordmann,136,571.0,4.198529411764706,404.0,2.9705882352941178,22.0,0.16176470588235295,0.26725000000000004,0.0,0.25219117647058825,4.698529411764706,0.0,0.0,0.0
Robert Pack,687,5095.0,7.416302765647743,1148.0,1.6710334788937409,2621.0,3.8151382823871907,0.31667394468704513,0.07924163027656478,0.45482096069868994,20.062925170068027,631.0,50.0,1372.0
Robert Parish,1835,26188.0,14.271389645776567,16495.0,8.989100817438691,2414.0,1.3155313351498639,0.5067831062670299,0.0,0.5658850136239783,28.826014452473597,1235.0,2499.0,3158.0
Robert Reid,996,11455.0,11.501004016064257,4473.0,4.490963855421687,2770.0,2.781124497991968,0.42417168674698796,0.06250602409638555,0.4809267068273092,27.28012048192771,900.0,383.0,1023.0
Robert Rose,2,0.0,0.0,2.0,1.0,0.0,0.0,0.0,0.0,0.0,1.5,0.0,0.0,0.0
Robert Sacre,343,923.0,2.698830409356725,680.0,1.9883040935672514,145.0,0.4239766081871345,0.2318918128654971,0.0,0.19571052631578945,14.300925925925926,64.0,126.0,137.0
Robert Smith,255,1215.0,4.764705882352941,310.0,1.2156862745098038,438.0,1.7176470588235293,0.3769411764705883,0.024180392156862747,0.3875607843137255,12.972549019607843,116.0,20.0,171.0
Robert Swift,208,482.0,2.3173076923076925,443.0,2.1298076923076925,30.0,0.14423076923076922,0.21478846153846154,0.0,0.15613461538461537,15.156521739130435,34.0,99.0,96.0
Robert Traylor,555,2202.0,3.9675675675675675,1731.0,3.118918918918919,325.0,0.5855855855855856,0.3509045045045045,0.007207207207207207,0.23684684684684681,13.511879049676025,292.0,324.0,420.0
Robert Upshaw,7,10.0,1.4285714285714286,12.0,1.7142857142857142,2.0,0.2857142857142857,0.2857142857142857,0.0,0.0,15.333333333333334,0.0,3.0,2.0
Robert Werdann,54,101.0,1.8703703703703705,81.0,1.5,9.0,0.16666666666666666,0.22714814814814815,0.0,0.20679629629629628,5.74468085106383,13.0,8.0,20.0
Robert Whaley,41,74.0,1.8048780487804879,64.0,1.5609756097560976,22.0,0.5365853658536586,0.20836585365853658,0.0,0.06097560975609756,10.266666666666667,10.0,12.0,19.0
Robert Williams III,480,2560.0,5.355648535564853,2411.0,5.043933054393306,458.0,0.9581589958158996,0.5147426778242677,0.019175732217573224,0.22699790794979077,18.781927927927928,248.0,579.0,301.0
Robert Woodard II,77,35.0,0.45454545454545453,40.0,0.5194805194805194,6.0,0.07792207792207792,0.10388311688311688,0.025974025974025976,0.032467532467532464,3.6333333333333333,2.0,5.0,3.0
Robert Zawoluk,127,927.0,7.299212598425197,175.0,1.3779527559055118,66.0,0.5196850393700787,0.13003937007874017,0.0,0.6385354330708661,2.6929133858267718,0.0,0.0,0.0
Robin Jones,115,634.0,5.51304347826087,333.0,2.8956521739130436,91.0,0.7913043478260869,0.32366086956521734,0.0,0.29184347826086954,10.773913043478261,41.0,42.0,1.0
Robin Lopez,1298,9249.0,7.136574074074074,5251.0,4.051697530864198,894.0,0.6898148148148148,0.4278387345679013,0.030425154320987653,0.37404012345679016,20.6003600360036,249.0,1184.0,1212.0
Rocco Zikarsky,15,50.0,3.3333333333333335,33.0,2.2,7.0,0.4666666666666667,0.35546666666666665,0.03333333333333333,0.22779999999999997,11.1,3.0,8.0,5.0
Rock Lee,2,2.0,1.0,1.0,0.5,2.0,1.0,0.25,0.0,0.0,5.0,0.0,0.0,0.0
Rod Benson,4,9.0,2.25,8.0,2.0,1.0,0.25,0.5,0.0,0.14975,5.5,1.0,2.0,1.0
Rod Derline,117,566.0,4.837606837606837,103.0,0.8803418803418803,79.0,0.6752136752136753,0.33011965811965815,0.0,0.2714871794871795,9.487179487179487,12.0,2.0,0.0
Rod Foster,226,1611.0,7.128318584070796,274.0,1.2123893805309736,504.0,2.230088495575221,0.38130088495575226,0.16349115044247786,0.3895929203539823,16.061946902654867,147.0,11.0,299.0
Rod Freeman,35,106.0,3.0285714285714285,52.0,1.4857142857142858,14.0,0.4,0.3080857142857143,0.0,0.26785714285714285,6.742857142857143,0.0,0.0,0.0
Rod Higgins,812,7273.0,8.956896551724139,2926.0,3.603448275862069,1309.0,1.6120689655172413,0.434006157635468,0.17985467980295566,0.5433719211822661,22.04679802955665,495.0,377.0,767.0
Rod Hundley,488,3919.0,8.030737704918034,814.0,1.6680327868852458,416.0,0.8524590163934426,0.16620696721311473,0.0,0.4918565573770492,3.3954918032786887,0.0,0.0,0.0
Rod Knowles,8,9.0,1.125,9.0,1.125,0.0,0.0,0.09987499999999999,0.0,0.0625,5.0,0.0,0.0,0.0
Rod Strickland,1202,15162.0,12.613976705490849,4291.0,3.569883527454243,8377.0,6.969217970049916,0.4183377703826955,0.09219384359400999,0.5672179700499168,30.524432809773124,1672.0,226.0,2987.0
Rod Thorn,485,5143.0,10.604123711340206,1177.0,2.42680412371134,990.0,2.0412371134020617,0.35425360824742264,0.0,0.5627525773195876,13.397938144329897,0.0,0.0,0.0
Roderick Wilmont,1,0.0,0.0,0.0,0.0,0.0,0.0,0.0,0.0,0.0,6.0,0.0,0.0,0.0
Rodions Kurucs,215,917.0,4.285046728971962,490.0,2.289719626168224,129.0,0.602803738317757,0.2919439252336449,0.1971355140186916,0.20747663551401868,15.675675675675675,86.0,41.0,164.0
Rodney Buford,371,1557.0,4.196765498652291,635.0,1.7115902964959568,195.0,0.5256064690026954,0.2487142857142857,0.10175202156334232,0.16370619946091644,16.22007722007722,125.0,34.0,150.0
Rodney Carney,389,2003.0,5.149100257069409,678.0,1.74293059125964,163.0,0.4190231362467866,0.3096478149100257,0.20702827763496146,0.24616709511568124,15.2012012012012,190.0,113.0,181.0
Rodney Hood,624,5272.0,8.47588424437299,1336.0,2.147909967845659,824.0,1.32475884244373,0.3271752411575563,0.2602958199356913,0.382024115755627,23.458574181117534,331.0,89.0,485.0
Rodney McCray,814,9517.0,11.691646191646191,5358.0,6.582309582309582,2951.0,3.6253071253071254,0.4869361179361179,0.04156265356265356,0.5857506142506143,32.59090909090909,617.0,525.0,1504.0
Rodney McGruder,512,2047.0,4.0295275590551185,975.0,1.919291338582677,425.0,0.8366141732283464,0.2613051181102362,0.18362204724409448,0.1455748031496063,18.279329608938546,177.0,54.0,217.0
Rodney Monroe,38,131.0,3.4473684210526314,33.0,0.868421052631579,27.0,0.7105263157894737,0.27886842105263154,0.07676315789473684,0.19736842105263158,8.236842105263158,12.0,2.0,23.0
Rodney Purvis,20,96.0,4.8,27.0,1.35,17.0,0.85,0.2414,0.15830000000000002,0.3,16.705882352941178,4.0,3.0,10.0
Rodney Rogers,977,10136.0,10.374616171954964,4206.0,4.305015353121801,1839.0,1.8822927328556807,0.4128607983623337,0.26036745138178097,0.48204810644831114,24.482105263157894,923.0,492.0,1741.0
Rodney Stuckey,796,9125.0,11.46356783919598,2126.0,2.670854271356784,2611.0,3.280150753768844,0.36497487437185927,0.1650891959798995,0.617106783919598,26.650815217391305,646.0,105.0,1339.0
Rodney White,338,1656.0,4.899408284023669,528.0,1.5621301775147929,254.0,0.7514792899408284,0.26147041420118344,0.13509763313609466,0.22109171597633137,14.53191489361702,133.0,69.0,310.0
Rodney Williams,2,2.0,1.0,3.0,1.5,1.0,0.5,0.1665,0.0,0.0,16.0,1.0,3.0,0.0
Rodolfo Fernandez,1,14.0,14.0,2.0,2.0,2.0,2.0,0.4,0.4,1.0,,0.0,0.0,0.0
Rodrick Rhodes,119,386.0,3.2436974789915967,89.0,0.7478991596638656,121.0,1.0168067226890756,0.21449579831932772,0.019605042016806726,0.2659747899159664,16.106666666666666,70.0,12.0,120.0
Rodrigue Beaubois,261,1392.0,5.333333333333333,360.0,1.3793103448275863,408.0,1.5632183908045978,0.2835095785440613,0.1729808429118774,0.24904597701149428,15.27363184079602,128.0,52.0,226.0
Roger Brown,89,145.0,1.6292134831460674,244.0,2.741573033707865,27.0,0.30337078651685395,0.23750561797752806,0.0,0.1423258426966292,9.741573033707866,12.0,22.0,0.0
Roger Burkman,6,5.0,0.8333333333333334,6.0,1.0,5.0,0.8333333333333334,0.0,0.0,0.4166666666666667,5.0,0.0,1.0,0.0
Roger Grimau,1,14.0,14.0,6.0,6.0,3.0,3.0,0.714,0.0,1.0,30.0,1.0,0.0,4.0
Roger Jr.,3,21.0,7.0,7.0,2.3333333333333335,3.0,1.0,0.6276666666666667,0.5556666666666666,0.0,15.666666666666666,1.0,0.0,2.0
Roger Mason Jr.,747,3720.0,4.979919678714859,1025.0,1.3721552878179384,763.0,1.0214190093708166,0.26440562248995986,0.2355301204819277,0.20876706827309238,17.2141652613828,222.0,84.0,446.0
Roger Phegley,359,3037.0,8.459610027855152,708.0,1.9721448467966574,488.0,1.3593314763231197,0.3938523676880223,0.042016713091922,0.45436490250696376,16.261838440111422,129.0,34.0,243.0
Roger Powell,19,48.0,2.526315789473684,18.0,0.9473684210526315,2.0,0.10526315789473684,0.2719473684210526,0.10526315789473684,0.4342105263157895,6.8125,0.0,3.0,10.0
Roger Strickland,1,2.0,2.0,0.0,0.0,0.0,0.0,0.333,0.0,0.0,4.0,0.0,0.0,0.0
Roi Huber,3,2.0,0.6666666666666666,3.0,1.0,1.0,0.3333333333333333,0.05566666666666667,0.0,0.0,,1.0,0.0,1.0
Roko Ukic,119,412.0,3.46218487394958,90.0,0.7563025210084033,197.0,1.6554621848739495,0.2847142857142857,0.09229411764705883,0.22135294117647059,11.35,41.0,3.0,83.0
Roland Taylor,80,301.0,3.7625,211.0,2.6375,288.0,3.6,0.373975,0.0,0.20292500000000002,19.3625,129.0,9.0,0.0
Roland West,4,4.0,1.0,5.0,1.25,0.0,0.0,0.16675,0.0,0.0,3.5,0.0,0.0,0.0
Rolando Blackman,1050,18757.0,17.863809523809525,3474.0,3.3085714285714287,3212.0,3.059047619047619,0.4787104761904762,0.11290761904761905,0.6992038095238096,32.60095238095238,731.0,272.0,1953.0
Rolando Ferreira,12,9.0,0.75,13.0,1.0833333333333333,1.0,0.08333333333333333,0.016666666666666666,0.0,0.2916666666666667,2.8333333333333335,0.0,1.0,6.0
Rom Geffen,3,1.0,0.3333333333333333,9.0,3.0,7.0,2.3333333333333335,0.0,0.0,0.16666666666666666,,1.0,0.0,2.0
Romain Sato,3,17.0,5.666666666666667,7.0,2.3333333333333335,3.0,1.0,0.3333333333333333,0.0,0.7666666666666666,5.0,2.0,1.0,3.0
Roman Sorkin,5,37.0,7.4,15.0,3.0,5.0,1.0,0.3396,0.325,0.2,,5.0,10.0,7.0
Romaro Gill,3,0.0,0.0,0.0,0.0,0.0,0.0,0.0,0.0,0.0,,0.0,0.0,0.0
Romel Beck,2,9.0,4.5,2.0,1.0,0.0,0.0,0.285,0.5,0.0,9.5,0.0,0.0,0.0
Romeo Langford,220,788.0,3.581818181818182,340.0,1.5454545454545454,117.0,0.5318181818181819,0.2762590909090909,0.14224545454545454,0.18027272727272728,15.487951807228916,68.0,46.0,80.0
Romeo Weems,4,4.0,1.0,4.0,1.0,1.0,0.25,0.1665,0.0,0.0,12.5,1.0,1.0,1.0
Romero Osby,7,40.0,5.714285714285714,28.0,4.0,1.0,0.14285714285714285,0.519,0.2857142857142857,0.39285714285714285,15.428571428571429,2.0,0.0,8.0
Ron Anderson,691,7322.0,10.596237337192475,2392.0,3.4616497829232995,998.0,1.4442836468885674,0.43523010130246026,0.08110564399421129,0.5008842257597684,22.775687409551374,481.0,92.0,759.0
Ron Baker,161,349.0,2.2088607594936707,157.0,0.9936708860759493,193.0,1.2215189873417722,0.19070886075949367,0.11774050632911394,0.1514493670886076,14.273584905660377,76.0,16.0,88.0
Ron Behagen,396,4028.0,10.171717171717171,2739.0,6.916666666666667,631.0,1.5934343434343434,0.4030353535353535,0.0,0.5092146464646464,18.914141414141415,122.0,73.0,45.0
Ron Bonham,86,511.0,5.941860465116279,102.0,1.186046511627907,22.0,0.2558139534883721,0.2919418604651163,0.0,0.598546511627907,5.709302325581396,0.0,0.0,0.0
Ron Boone,387,5378.0,13.896640826873385,1051.0,2.7157622739018086,1269.0,3.2790697674418605,0.4289276485788114,0.033160206718346255,0.6475813953488372,28.09560723514212,338.0,51.0,395.0
Ron Brewer,517,6199.0,11.990328820116055,990.0,1.9148936170212767,950.0,1.8375241779497098,0.4218065764023211,0.038845261121856864,0.5267911025145068,25.588007736943908,440.0,256.0,612.0
Ron Carter,61,176.0,2.8852459016393444,64.0,1.0491803278688525,34.0,0.5573770491803278,0.31659016393442624,0.0,0.2035245901639344,7.39344262295082,16.0,6.0,38.0
Ron Cavenall,58,84.0,1.4482758620689655,168.0,2.896551724137931,19.0,0.3275862068965517,0.21808620689655173,0.0,0.1724137931034483,11.53448275862069,12.0,44.0,47.0
Ron Crevier,3,0.0,0.0,1.0,0.3333333333333333,0.0,0.0,0.0,0.0,0.0,1.3333333333333333,0.0,0.0,0.0
Ron Davis,78,417.0,5.346153846153846,137.0,1.7564102564102564,53.0,0.6794871794871795,0.3435384615384615,0.02564102564102564,0.36046153846153844,12.051282051282051,36.0,11.0,61.0
Ron Feiereisel,10,30.0,3.0,0.0,0.0,3.0,0.3,0.075,0.0,0.55,1.5,0.0,0.0,0.0
Ron Filipek,19,43.0,2.263157894736842,25.0,1.3157894736842106,7.0,0.3684210526315789,0.3437368421052631,0.0,0.18421052631578946,3.6842105263157894,0.0,0.0,0.0
Ron Harper,1144,14923.0,13.04458041958042,4726.0,4.131118881118881,4221.0,3.6896853146853146,0.4240568181818182,0.17369755244755244,0.5362447552447553,30.338090990187332,1857.0,802.0,2367.0
Ron Harper Jr.,118,180.0,1.5254237288135593,80.0,0.6779661016949152,38.0,0.3220338983050847,0.14653389830508476,0.11673728813559323,0.046610169491525424,8.256023391812866,15.0,11.0,9.0
Ron Horn,37,89.0,2.4054054054054053,63.0,1.7027027027027026,5.0,0.13513513513513514,0.16935135135135135,0.0,0.3062702702702703,4.324324324324325,0.0,0.0,0.0
Ron Howard,4,6.0,1.5,1.0,0.25,5.0,1.25,0.25,0.0,0.3125,7.75,0.0,0.0,2.0
Ron Johnson,14,37.0,2.642857142857143,18.0,1.2857142857142858,1.0,0.07142857142857142,0.098,0.0,0.3512142857142857,3.0,0.0,0.0,0.0
Ron Jr.,1,3.0,3.0,0.0,0.0,1.0,1.0,0.0,0.0,0.75,,0.0,1.0,0.0
Ron Knight,101,472.0,4.673267326732673,283.0,2.801980198019802,83.0,0.8217821782178217,0.3970594059405941,0.0,0.19600990099009902,11.336633663366337,0.0,0.0,0.0
Ron Lee,450,3297.0,7.326666666666667,1220.0,2.7111111111111112,1679.0,3.7311111111111113,0.3595022222222222,0.040126666666666665,0.4378755555555556,21.27777777777778,621.0,87.0,505.0
Ron Livingstone,75,383.0,5.1066666666666665,43.0,0.5733333333333334,17.0,0.22666666666666666,0.05657333333333334,0.0,0.52144,0.0,0.0,0.0,0.0
Ron Mercer,527,6010.0,11.404174573055029,1380.0,2.618595825426945,937.0,1.777988614800759,0.33719354838709675,0.062853889943074,0.4391726755218216,30.190582959641254,465.0,116.0,695.0
Ron Moore,14,24.0,1.7142857142857142,8.0,0.5714285714285714,1.0,0.07142857142857142,0.3285,0.0,0.17857142857142858,4.214285714285714,5.0,0.0,4.0
Ron Reed,118,951.0,8.059322033898304,480.0,4.067796610169491,76.0,0.6440677966101694,0.21909322033898307,0.0,0.3965,5.415254237288136,0.0,0.0,0.0
Ron Riley,272,1598.0,5.875,1298.0,4.772058823529412,284.0,1.0441176470588236,0.33882720588235293,0.0,0.29523897058823534,13.470588235294118,62.0,25.0,0.0
Ron Rowan,7,12.0,1.7142857142857142,1.0,0.14285714285714285,1.0,0.14285714285714285,0.2714285714285714,0.14285714285714285,0.21428571428571427,2.2857142857142856,4.0,0.0,3.0
Ron Shavlik,8,10.0,1.25,4.0,0.5,0.0,0.0,0.09375,0.0,0.1875,3.0,0.0,0.0,0.0
Ron Sobie,192,1619.0,8.432291666666666,182.0,0.9479166666666666,85.0,0.4427083333333333,0.08590625,0.0,0.5996041666666666,1.6302083333333333,0.0,0.0,0.0
Ron Valentine,24,84.0,3.5,30.0,1.25,7.0,0.2916666666666667,0.36920833333333336,0.041666666666666664,0.17358333333333334,5.125,7.0,3.0,16.0
Ron Watts,29,43.0,1.4827586206896552,38.0,1.3103448275862069,2.0,0.06896551724137931,0.12644827586206897,0.0,0.23851724137931035,2.5172413793103448,0.0,0.0,0.0
Ron Williams,549,5055.0,9.207650273224044,1024.0,1.8652094717668488,1913.0,3.4845173041894353,0.4058451730418943,0.0,0.5553187613843351,22.12568306010929,32.0,5.0,0.0
Ronald Blackshear,1,0.0,0.0,1.0,1.0,0.0,0.0,0.0,0.0,0.0,5.0,1.0,0.0,1.0
Ronald Dupree,300,754.0,2.513333333333333,459.0,1.53,120.0,0.4,0.2396866666666667,0.015,0.17373666666666668,10.276497695852534,76.0,35.0,128.0
Ronald Holland II,189,1253.0,6.62962962962963,581.0,3.074074074074074,202.0,1.0687830687830688,0.40665608465608466,0.17594179894179895,0.45151851851851854,16.86313186813187,152.0,52.0,196.0
Ronald Martin,64,227.0,3.546875,68.0,1.0625,14.0,0.21875,0.108859375,0.0,0.26821875,2.28125,0.0,0.0,0.0
Ronald Roberts Jr.,15,18.0,1.2,13.0,0.8666666666666667,1.0,0.06666666666666667,0.26666666666666666,0.0,0.11666666666666667,6.0,0.0,0.0,3.0
Rondae Hollis-Jefferson,390,2991.0,7.688946015424165,1800.0,4.627249357326479,630.0,1.6195372750642674,0.37809511568123394,0.07025964010282776,0.483107969151671,20.821114369501466,308.0,174.0,426.0
Ronnie Aguilar,4,3.0,0.75,2.0,0.5,1.0,0.25,0.125,0.0,0.125,8.0,0.0,2.0,0.0
Ronnie Brewer,700,4597.0,6.567142857142857,1655.0,2.3642857142857143,961.0,1.3728571428571428,0.3648671428571429,0.07982857142857143,0.3292928571428571,22.02020202020202,719.0,142.0,460.0
Ronnie Grandison,124,254.0,2.0483870967741935,163.0,1.314516129032258,58.0,0.46774193548387094,0.2387258064516129,0.02687903225806452,0.21544354838709678,8.261682242990654,31.0,6.0,51.0
Ronnie Lester,262,1854.0,7.076335877862595,485.0,1.8511450381679388,1015.0,3.8740458015267176,0.4024961832061069,0.019083969465648856,0.48358396946564886,19.236641221374047,142.0,25.0,361.0
Ronnie MacGilvray,6,8.0,1.3333333333333333,0.0,0.0,2.0,0.3333333333333333,0.03333333333333333,0.0,0.16666666666666666,2.8333333333333335,0.0,0.0,0.0
Ronnie Murphy,18,36.0,2.0,11.0,0.6111111111111112,6.0,0.3333333333333333,0.13811111111111113,0.018500000000000003,0.17594444444444443,4.944444444444445,5.0,1.0,8.0
Ronnie Price,931,2394.0,2.5714285714285716,768.0,0.8249194414607949,1133.0,1.2169709989258861,0.20021052631578948,0.11887325456498389,0.15852094522019333,13.001587301587302,484.0,66.0,580.0
Ronny Turiaf,677,2563.0,3.7858197932053175,2085.0,3.0797636632200884,705.0,1.0413589364844904,0.3744475627769572,0.0,0.28126883308714923,16.227513227513228,208.0,683.0,439.0
Rony Seikaly,749,10131.0,13.526034712950601,6526.0,8.712950600801069,872.0,1.164218958611482,0.43130307076101465,0.00801068090787717,0.5680387182910548,31.41329479768786,460.0,886.0,1941.0
Rory Sparrow,866,7814.0,9.02309468822171,1800.0,2.0785219399538106,4340.0,5.011547344110855,0.4280831408775982,0.07996420323325634,0.40316050808314086,26.829099307159353,749.0,91.0,1402.0
Rory White,328,2406.0,7.335365853658536,758.0,2.3109756097560976,232.0,0.7073170731707317,0.4602012195121951,0.001524390243902439,0.4148810975609756,16.652439024390244,186.0,52.0,330.0
Roscoe Smith,8,22.0,2.75,22.0,2.75,1.0,0.125,0.345875,0.0,0.270875,14.428571428571429,1.0,0.0,2.0
Roshown McLeod,162,843.0,5.203703703703703,311.0,1.9197530864197532,125.0,0.7716049382716049,0.28371604938271605,0.015432098765432098,0.32983950617283947,17.823529411764707,42.0,15.0,141.0
Rowland Garrett,282,1380.0,4.8936170212765955,619.0,2.1950354609929077,106.0,0.375886524822695,0.37051063829787234,0.0,0.27378014184397165,10.191489361702128,42.0,24.0,0.0
Roy Hibbert,815,7896.0,9.688343558282208,5019.0,6.1582822085889575,1022.0,1.2539877300613498,0.43309079754601226,0.007361963190184049,0.5204858895705522,24.668774193548387,275.0,1370.0,1251.0
Roy Hinson,516,7359.0,14.261627906976743,3505.0,6.792635658914729,503.0,0.9748062015503876,0.4918255813953489,0.0,0.6241375968992248,30.662790697674417,312.0,900.0,1019.0
Roy Marble,29,55.0,1.896551724137931,32.0,1.103448275862069,12.0,0.41379310344827586,0.179,0.0,0.23041379310344828,6.689655172413793,7.0,3.0,17.0
Roy Pugh,7,8.0,1.1428571428571428,0.0,0.0,0.0,0.0,0.0,0.0,0.21428571428571427,0.0,0.0,0.0,0.0
Roy Rogers,183,652.0,3.5628415300546448,483.0,2.639344262295082,57.0,0.3114754098360656,0.2916229508196721,0.00546448087431694,0.17026229508196722,16.364963503649633,26.0,209.0,101.0
Roy Tarpley,304,3940.0,12.960526315789474,3110.0,10.230263157894736,324.0,1.0657894736842106,0.46224342105263155,0.01644736842105263,0.5345098684210526,27.24342105263158,346.0,372.0,605.0
Royal Ivey,776,1851.0,2.3853092783505154,631.0,0.8131443298969072,563.0,0.7255154639175257,0.24642525773195875,0.11687628865979381,0.13839948453608247,11.998185117967331,261.0,45.0,307.0
Royce O'Neale,793,5677.0,7.176991150442478,3678.0,4.649810366624526,1827.0,2.309734513274336,0.4080480404551201,0.3467749683944374,0.21869152970922884,25.97963692038495,647.0,329.0,810.0
Royce White,14,34.0,2.4285714285714284,28.0,2.0,10.0,0.7142857142857143,0.17935714285714285,0.07142857142857142,0.23214285714285715,12.583333333333334,2.0,5.0,23.0
Roylee Hamilton,73,336.0,4.602739726027397,110.0,1.5068493150684932,193.0,2.643835616438356,0.3187671232876712,0.0,0.3894794520547945,15.356164383561644,23.0,4.0,44.0
Ruan Miranda,1,0.0,0.0,0.0,0.0,0.0,0.0,0.0,0.0,0.0,,0.0,0.0,0.0
Ruben Boumtje-Boumtje,90,71.0,0.7888888888888889,71.0,0.7888888888888889,6.0,0.06666666666666667,0.1574111111111111,0.0,0.13913333333333333,6.06,6.0,21.0,26.0
Ruben Garces,35,16.0,0.45714285714285713,29.0,0.8285714285714286,5.0,0.14285714285714285,0.06428571428571428,0.0,0.04285714285714286,5.230769230769231,3.0,2.0,5.0
Ruben Nembhard,17,40.0,2.3529411764705883,8.0,0.47058823529411764,17.0,1.0,0.2565294117647059,0.0,0.13864705882352943,11.0,9.0,0.0,8.0
Ruben Patterson,750,7394.0,9.858666666666666,2857.0,3.8093333333333335,1209.0,1.612,0.4575826666666667,0.03944533333333333,0.5105906666666666,23.529829545454547,802.0,263.0,1235.0
Ruben Wolkowyski,99,80.0,0.8080808080808081,47.0,0.47474747474747475,4.0,0.04040404040404041,0.08496969696969697,0.0,0.11363636363636363,7.512195121951219,6.0,18.0,13.0
Rudy Fernandez,319,2515.0,7.884012539184953,686.0,2.1504702194357366,617.0,1.9341692789968652,0.3285141065830721,0.31470846394984325,0.43802507836990595,23.148409893992934,288.0,45.0,326.0
Rudy Gay,1311,19113.0,14.623565416985462,6807.0,5.208110175975516,2475.0,1.8936495791889825,0.41546824789594494,0.2813527161438409,0.5921338944146901,30.039247751430906,1344.0,880.0,2447.0
Rudy Gobert,1134,13022.0,11.523893805309735,12066.0,10.67787610619469,1436.0,1.2707964601769912,0.6028407079646018,0.0,0.5200849557522124,29.969813586097946,743.0,2054.0,1666.0
Rudy Hackett,6,14.0,2.3333333333333335,13.0,2.1666666666666665,3.0,0.5,0.36116666666666664,0.0,0.5388333333333334,7.666666666666667,0.0,1.0,0.0
Rudy LaRusso,833,12897.0,15.482593037214887,6122.0,7.3493397358943575,1025.0,1.2304921968787514,0.33624609843937575,0.0,0.7228955582232893,15.376950780312125,0.0,0.0,0.0
Rudy Macklin,165,1074.0,6.509090909090909,474.0,2.8727272727272726,124.0,0.7515151515151515,0.40862424242424245,0.0,0.4455878787878788,17.01212121212121,44.0,26.0,94.0
Rudy Tomjanovich,807,13900.0,17.224287484510533,5635.0,6.982651796778191,1407.0,1.7434944237918215,0.39744114002478315,0.016521685254027262,0.6167410161090459,26.541511771995044,188.0,78.0,144.0
Rudy White,125,386.0,3.088,120.0,0.96,110.0,0.88,0.297056,0.0,0.176816,8.48,37.0,5.0,23.0
Rui Hachimura,498,6041.0,12.130522088353414,2190.0,4.397590361445783,570.0,1.144578313253012,0.47245180722891567,0.35717269076305225,0.47414859437751006,27.48208860759494,289.0,142.0,413.0
Rumeal Robinson,377,2623.0,6.957559681697613,622.0,1.6498673740053051,1223.0,3.2440318302387268,0.35345888594164454,0.1622864721485411,0.2976233421750663,17.838068181818183,311.0,54.0,608.0
Russ Schoene,312,1551.0,4.971153846153846,773.0,2.4775641025641026,182.0,0.5833333333333334,0.37175641025641026,0.104375,0.24950641025641027,12.028846153846153,115.0,74.0,206.0
Russ Smith,79,129.0,1.6538461538461537,38.0,0.48717948717948717,41.0,0.5256410256410257,0.11032051282051282,0.04593589743589744,0.1673846153846154,6.875,19.0,2.0,43.0
Russell Cross,45,166.0,3.688888888888889,82.0,1.8222222222222222,22.0,0.4888888888888889,0.47655555555555557,0.0,0.22784444444444446,7.866666666666666,12.0,7.0,19.0
Russell Lee,110,309.0,2.809090909090909,120.0,1.0909090909090908,65.0,0.5909090909090909,0.2972,0.0,0.1764181818181818,4.636363636363637,2.0,1.0,0.0
Russell Robinson,5,32.0,6.4,5.0,1.0,12.0,2.4,0.2544,0.20659999999999998,0.85,20.4,5.0,0.0,11.0
Russell Westbrook,1563,31257.0,20.04939063502245,10246.0,6.572161642078255,11738.0,7.529185375240539,0.418661321359846,0.2516363053239256,0.682372674791533,32.349006622516555,2353.0,477.0,5790.0
Rusty LaRue,109,510.0,4.678899082568807,133.0,1.2201834862385321,159.0,1.4587155963302751,0.32288073394495415,0.21775229357798165,0.28822935779816516,15.20388349514563,63.0,11.0,98.0
Ryan Allen,2,0.0,0.0,0.0,0.0,0.0,0.0,0.0,0.0,0.0,0.5,0.0,0.0,0.0
Ryan Anderson,937,9041.0,9.679871520342612,3932.0,4.209850107066381,667.0,0.7141327623126338,0.3146627408993576,0.2760064239828694,0.43152997858672376,24.7167325428195,388.0,251.0,717.0
Ryan Arcidiacono,417,1109.0,2.672289156626506,493.0,1.1879518072289157,558.0,1.344578313253012,0.21747469879518072,0.17477349397590364,0.1422698795180723,14.556338028169014,135.0,11.0,160.0
Ryan Boatright,6,17.0,2.8333333333333335,6.0,1.0,15.0,2.5,0.1805,0.0555,0.3333333333333333,15.666666666666666,5.0,1.0,4.0
Ryan Bowen,683,1410.0,2.0644216691068813,1144.0,1.6749633967789166,267.0,0.39092240117130306,0.2608755490483162,0.015373352855051245,0.1426515373352855,12.186131386861314,351.0,147.0,188.0
Ryan Broekhoff,111,262.0,2.381818181818182,124.0,1.1272727272727272,39.0,0.35454545454545455,0.18755454545454545,0.17609999999999998,0.1197,10.46875,14.0,8.0,25.0
Ryan Dunn,167,992.0,5.940119760479042,611.0,3.658682634730539,174.0,1.0419161676646707,0.38592215568862276,0.26776646706586826,0.1327365269461078,18.65503144654088,114.0,79.0,105.0
Ryan Gomes,614,5317.0,8.659609120521173,2438.0,3.970684039087948,771.0,1.255700325732899,0.3532557003257329,0.18770684039087948,0.42707328990228016,26.728464419475657,403.0,88.0,596.0
Ryan Hollins,810,2279.0,2.81358024691358,1392.0,1.7185185185185186,189.0,0.23333333333333334,0.3477148148148148,0.0,0.26005432098765435,11.597402597402597,112.0,345.0,466.0
Ryan Humphrey,144,226.0,1.5694444444444444,211.0,1.4652777777777777,26.0,0.18055555555555555,0.1988263888888889,0.0,0.11024305555555555,8.121212121212121,27.0,26.0,53.0
Ryan Kalkbrenner,77,575.0,7.467532467532467,417.0,5.415584415584416,60.0,0.7792207792207793,0.725909090909091,0.0,0.46105194805194805,20.916447368421053,36.0,106.0,68.0
Ryan Kelly,304,1077.0,3.5427631578947367,558.0,1.8355263157894737,228.0,0.75,0.2229407894736842,0.1397236842105263,0.2569440789473684,18.320224719101123,82.0,90.0,114.0
Ryan Lorthridge,37,272.0,7.351351351351352,71.0,1.9189189189189189,101.0,2.72972972972973,0.3912972972972973,0.06305405405405407,0.37335135135135133,18.16216216216216,28.0,1.0,57.0
Ryan Nembhard,71,417.0,5.873239436619718,143.0,2.0140845070422535,336.0,4.732394366197183,0.32873239436619717,0.24476056338028168,0.16549295774647887,19.0734375,29.0,4.0,87.0
Ryan Reid,21,11.0,0.5238095238095238,3.0,0.14285714285714285,0.0,0.0,0.14285714285714285,0.0,0.023809523809523808,2.5714285714285716,0.0,0.0,1.0
Ryan Robertson,1,5.0,5.0,0.0,0.0,0.0,0.0,0.333,0.0,1.0,24.0,0.0,0.0,0.0
Ryan Rollins,236,1812.0,7.677966101694915,495.0,2.097457627118644,561.0,2.3771186440677967,0.3169237288135593,0.24474152542372882,0.29904237288135593,20.289186046511627,168.0,57.0,292.0
Ryan Stack,88,99.0,1.125,79.0,0.8977272727272727,10.0,0.11363636363636363,0.11793181818181818,0.0,0.1380681818181818,8.744186046511627,6.0,22.0,26.0
Ryan Thompson,5,13.0,2.6,4.0,0.8,2.0,0.4,0.35,0.0,0.4,8.8,1.0,0.0,2.0
Saben Lee,212,799.0,3.768867924528302,286.0,1.349056603773585,420.0,1.9811320754716981,0.24002358490566036,0.07985377358490565,0.296561320754717,14.20945945945946,103.0,32.0,138.0
Sacha Killeya-Jones,1,0.0,0.0,0.0,0.0,0.0,0.0,0.0,0.0,0.0,2.0,0.0,1.0,0.0
Saddiq Bey,395,5614.0,14.2126582278481,2033.0,5.146835443037975,745.0,1.8860759493670887,0.39252658227848103,0.3218050632911392,0.6431696202531645,29.38878552971576,330.0,66.0,371.0
Sagaba Konate,3,4.0,1.3333333333333333,1.0,0.3333333333333333,0.0,0.0,0.16666666666666666,0.0,0.3333333333333333,4.0,0.0,0.0,0.0
Saint Thomas,4,0.0,0.0,0.0,0.0,0.0,0.0,0.0,0.0,0.0,2.22,0.0,0.0,0.0
Salah Mejri,311,760.0,2.4516129032258065,888.0,2.8645161290322583,104.0,0.33548387096774196,0.3262774193548387,0.021183870967741936,0.17659354838709676,11.513392857142858,80.0,205.0,134.0
Salim Stoudamire,229,1391.0,6.074235807860262,245.0,1.0698689956331877,196.0,0.8558951965065502,0.27853711790393015,0.22044978165938864,0.3212882096069869,16.819209039548024,64.0,10.0,183.0
Sam Bowie,540,5729.0,10.60925925925926,4005.0,7.416666666666667,1113.0,2.061111111111111,0.43311481481481484,0.04984444444444445,0.5447425925925926,27.3,277.0,949.0,1009.0
Sam Cassell,1271,17451.0,13.730133752950433,3605.0,2.836349331235248,6587.0,5.182533438237608,0.38487018095987413,0.2049976396538159,0.6328599527930763,28.994309440559437,1173.0,186.0,2703.0
Sam Clancy,3,11.0,3.6666666666666665,6.0,2.0,1.0,0.3333333333333333,0.5,0.0,0.16666666666666666,8.666666666666666,1.0,0.0,2.0
Sam Daly,1,3.0,3.0,0.0,0.0,0.0,0.0,0.5,0.5,0.0,,0.0,0.0,0.0
Sam Dekker,298,1253.0,4.218855218855219,675.0,2.272727272727273,178.0,0.5993265993265994,0.3295353535353535,0.142989898989899,0.15196296296296297,14.933920704845814,116.0,39.0,110.0
Sam Hauser,450,3002.0,6.671111111111111,1198.0,2.6622222222222223,392.0,0.8711111111111111,0.3683133333333334,0.34471777777777773,0.08777777777777777,18.44168300653595,171.0,95.0,138.0
Sam Jacobson,88,283.0,3.215909090909091,80.0,0.9090909090909091,36.0,0.4090909090909091,0.2934090909090909,0.06818181818181818,0.14772727272727273,10.397058823529411,33.0,3.0,34.0
Sam Jones,1029,18317.0,17.800777453838677,3723.0,3.618075801749271,1754.0,1.7045675413022352,0.3487298347910593,0.0,0.7033313896987365,17.645286686103013,0.0,0.0,0.0
Sam Lacey,1030,10577.0,10.26893203883495,9947.0,9.657281553398057,3849.0,3.736893203883495,0.42410291262135924,0.0024271844660194173,0.4919883495145631,26.99514563106796,830.0,917.0,581.0
Sam Mack,319,2073.0,6.498432601880878,551.0,1.7272727272727273,344.0,1.078369905956113,0.29867398119122257,0.23154545454545455,0.2980094043887147,19.01115241635688,169.0,37.0,227.0
Sam McDaniel,2,0.0,0.0,0.0,0.0,1.0,1.0,0.0,0.0,0.0,,0.0,0.0,0.0
Sam Mennenga,3,33.0,11.0,11.0,3.6666666666666665,2.0,0.6666666666666666,0.30533333333333335,0.21666666666666667,0.9046666666666666,,1.0,0.0,5.0
Sam Merrill,378,2108.0,5.576719576719577,531.0,1.4047619047619047,427.0,1.1296296296296295,0.27402380952380956,0.2589021164021164,0.18871164021164022,17.370106007067136,137.0,30.0,132.0
Sam Mitchell,1078,8903.0,8.258812615955472,3841.0,3.5630797773654916,1123.0,1.0417439703153988,0.39214842300556585,0.05357142857142857,0.5154777365491651,21.746438746438745,558.0,310.0,877.0
Sam Pellom,201,866.0,4.308457711442786,673.0,3.3482587064676617,91.0,0.4527363184079602,0.3788059701492537,0.0,0.2749203980099503,14.492537313432836,26.0,117.0,99.0
Sam Perkins,1464,17184.0,11.737704918032787,8599.0,5.873633879781421,2220.0,1.5163934426229508,0.44260109289617483,0.22589002732240435,0.6173797814207651,28.33860977288369,1223.0,1058.0,1787.0
Sam Ranzino,29,71.0,2.4482758620689653,1.0,0.034482758620689655,0.0,0.0,0.006896551724137932,0.0,0.3410344827586207,0.5172413793103449,0.0,0.0,0.0
Sam Short,5,0.0,0.0,1.0,0.25,1.0,0.25,0.0,0.0,0.0,,1.0,0.0,0.0
Sam Sibert,5,12.0,2.4,4.0,0.8,0.0,0.0,0.26680000000000004,0.0,0.3,4.4,0.0,0.0,0.0
Sam Stith,31,145.0,4.67741935483871,28.0,0.9032258064516129,11.0,0.3548387096774194,0.16412903225806452,0.0,0.33306451612903226,3.2903225806451615,0.0,0.0,0.0
Sam Thompson,8,4.0,0.5,1.0,0.125,0.0,0.0,0.125,0.0,0.0,5.4,1.0,0.0,0.0
Sam Vincent,448,3333.0,7.439732142857143,865.0,1.9308035714285714,1630.0,3.638392857142857,0.4009776785714286,0.030133928571428572,0.5074308035714286,18.029017857142858,283.0,64.0,699.0
Sam Waardenburg,1,15.0,15.0,4.0,4.0,1.0,1.0,0.545,0.333,0.5,,0.0,2.0,1.0
Sam Williams,68,262.0,3.8529411764705883,110.0,1.6176470588235294,50.0,0.7352941176470589,0.32295588235294115,0.0,0.3581323529411765,6.367647058823529,0.0,0.0,0.0
Sam Worthen,70,239.0,3.414285714285714,116.0,1.6571428571428573,110.0,1.5714285714285714,0.4291714285714286,0.0,0.28572857142857144,13.67142857142857,34.0,5.0,44.0
Sam Young,362,1760.0,4.861878453038674,700.0,1.9337016574585635,207.0,0.5718232044198895,0.3112596685082873,0.10779005524861879,0.2840939226519337,15.552980132450331,167.0,67.0,254.0
Samaki Walker,668,2542.0,3.805389221556886,2284.0,3.4191616766467066,265.0,0.3967065868263473,0.2889176646706587,0.0029940119760479044,0.26768562874251495,15.920634920634921,143.0,342.0,446.0
Samardo Samuels,167,741.0,4.463855421686747,419.0,2.5240963855421685,54.0,0.3253012048192771,0.2840180722891566,0.006024096385542169,0.35577710843373495,15.308943089430894,46.0,48.0,138.0
Samme Givens,2,7.0,3.5,6.0,3.0,0.0,0.0,0.15,0.0,0.25,,0.0,0.0,1.0
Sammy Mejia,6,10.0,1.6666666666666667,13.0,2.1666666666666665,6.0,1.0,0.25,0.0,0.16666666666666666,9.0,2.0,0.0,3.0
Sammy Smith,46,315.0,6.8478260869565215,61.0,1.326086956521739,57.0,1.2391304347826086,0.35013043478260875,0.05434782608695652,0.5399130434782609,13.5,26.0,12.0,34.0
Sampson Carter,6,2.0,0.3333333333333333,5.0,0.8333333333333334,1.0,0.16666666666666666,0.08333333333333333,0.0,0.0,5.75,2.0,1.0,6.0
Samuel Dalembert,1041,7239.0,6.953890489913545,7434.0,7.141210374639769,506.0,0.4860710854947166,0.44335254562920273,0.0009606147934678194,0.38159558117195,23.70219435736677,468.0,1651.0,1366.0
Samuel Williams,266,1638.0,6.157894736842105,1163.0,4.37218045112782,159.0,0.5977443609022557,0.4567067669172932,0.0,0.34674812030075186,17.330827067669173,210.0,302.0,310.0
Sandro Mamukelashvili,395,2112.0,5.346835443037975,1134.0,2.8708860759493673,383.0,0.9696202531645569,0.3275822784810127,0.20424810126582277,0.24390379746835442,14.43650110375276,137.0,98.0,191.0
Sani Becirovic,2,27.0,13.5,1.0,0.5,5.0,2.5,0.521,0.375,0.625,29.0,2.0,0.0,8.0
Sani Sakakini,1,18.0,18.0,6.0,6.0,1.0,1.0,0.389,0.0,0.667,,3.0,0.0,2.0
Santi Aldama,364,3259.0,8.953296703296703,1721.0,4.728021978021978,631.0,1.7335164835164836,0.38860836385836384,0.27710531135531136,0.3180934065934066,22.81196390658174,198.0,183.0,310.0
Santiago Scala,1,13.0,13.0,3.0,3.0,3.0,3.0,0.5,0.667,0.25,,1.0,0.0,1.0
Sarunas Jasikevicius,198,1083.0,5.46969696969697,252.0,1.2727272727272727,453.0,2.287878787878788,0.2912020202020202,0.2443989898989899,0.40006060606060606,17.566265060240966,78.0,8.0,250.0
Sarunas Marciulionis,388,4857.0,12.518041237113403,854.0,2.2010309278350517,866.0,2.231958762886598,0.4706082474226804,0.1470360824742268,0.638680412371134,22.549035087719297,483.0,33.0,741.0
Sasha Danilovic,89,982.0,11.03370786516854,183.0,2.056179775280899,153.0,1.7191011235955056,0.3694269662921348,0.30695505617977525,0.5226741573033707,30.32051282051282,70.0,12.0,156.0
Sasha Kaun,72,62.0,0.8611111111111112,71.0,0.9861111111111112,6.0,0.08333333333333333,0.15070833333333333,0.0,0.08101388888888889,7.914285714285715,6.0,11.0,21.0
Sasha Pavlovic,796,3247.0,4.0791457286432165,1181.0,1.4836683417085428,607.0,0.7625628140703518,0.26668341708542714,0.185501256281407,0.18923869346733665,15.418960244648318,319.0,111.0,555.0
Sasha Vezenkov,60,261.0,4.35,120.0,2.0,22.0,0.36666666666666664,0.3011,0.25451666666666667,0.11388333333333334,11.89795918367347,22.0,8.0,15.0
Sasha Vujacic,842,3726.0,4.425178147268409,1301.0,1.5451306413301662,846.0,1.004750593824228,0.2809097387173397,0.2469976247030879,0.2601377672209026,14.817391304347826,400.0,47.0,406.0
Saul Mariaschin,14,94.0,6.714285714285714,0.0,0.0,0.0,0.0,0.0,0.0,0.20435714285714285,0.0,0.0,0.0,0.0
Scoot Henderson,222,2329.0,10.49099099099099,505.0,2.274774774774775,832.0,3.7477477477477477,0.313036036036036,0.2541846846846847,0.5048828828828829,26.6611306042885,157.0,37.0,496.0
Scooter McCray,81,232.0,2.8641975308641974,196.0,2.419753086419753,77.0,0.9506172839506173,0.36862962962962964,0.0,0.2454814814814815,11.481481481481481,22.0,26.0,68.0
Scooter McFadgon,3,11.0,3.6666666666666665,6.0,2.0,0.0,0.0,0.46666666666666673,0.0,0.16666666666666666,13.333333333333334,1.0,0.0,5.0
Scot Pollard,843,2445.0,2.900355871886121,2594.0,3.077105575326216,241.0,0.2858837485172005,0.2936132858837485,0.0,0.2227520759193357,15.344827586206897,330.0,386.0,348.0
Scott Brooks,785,3406.0,4.338853503184714,709.0,0.9031847133757962,1665.0,2.121019108280255,0.3396687898089172,0.19568662420382166,0.3002636942675159,13.368347338935575,492.0,30.0,472.0
Scott Burrell,438,2734.0,6.242009132420091,1378.0,3.146118721461187,538.0,1.2283105022831051,0.36185159817351603,0.24183333333333334,0.30475799086757993,19.051724137931036,362.0,183.0,348.0
Scott English,29,93.0,3.206896551724138,44.0,1.5172413793103448,15.0,0.5172413793103449,0.34713793103448276,0.0,0.23848275862068966,6.758620689655173,0.0,0.0,0.0
Scott Haffner,50,213.0,4.26,55.0,1.1,89.0,1.78,0.39652,0.03666,0.13998000000000002,12.18,16.0,3.0,37.0
Scott Haskin,27,55.0,2.037037037037037,55.0,2.037037037037037,6.0,0.2222222222222222,0.37655555555555553,0.0,0.1635925925925926,6.888888888888889,2.0,15.0,13.0
Scott Hastings,623,1724.0,2.767255216693419,1334.0,2.1412520064205456,295.0,0.47351524879614765,0.32540930979133226,0.04333868378812199,0.2880353130016051,10.019261637239165,170.0,154.0,333.0
Scott Lloyd,372,1694.0,4.553763440860215,1102.0,2.9623655913978495,354.0,0.9516129032258065,0.3297231182795699,0.002688172043010753,0.3358736559139785,14.911290322580646,72.0,56.0,244.0
Scott Machado,42,82.0,1.9523809523809523,26.0,0.6190476190476191,68.0,1.619047619047619,0.19847619047619047,0.07380952380952381,0.14602380952380953,7.148148148148148,9.0,1.0,33.0
Scott May,362,3739.0,10.328729281767956,1472.0,4.066298342541437,562.0,1.5524861878453038,0.4313977900552486,0.0,0.614096685082873,20.88950276243094,182.0,31.0,239.0
Scott Meents,41,76.0,1.853658536585366,41.0,1.0,15.0,0.36585365853658536,0.3544634146341463,0.024390243902439025,0.19309756097560976,5.097560975609756,12.0,7.0,15.0
Scott Padgett,648,2017.0,3.1126543209876543,1348.0,2.080246913580247,357.0,0.5509259259259259,0.23766049382716048,0.16574074074074074,0.1799212962962963,11.973684210526315,205.0,96.0,284.0
Scott Roth,166,753.0,4.536144578313253,204.0,1.2289156626506024,186.0,1.1204819277108433,0.26106024096385544,0.08433132530120482,0.368433734939759,10.885542168674698,89.0,11.0,136.0
Scott Sims,12,30.0,2.5,13.0,1.0833333333333333,20.0,1.6666666666666667,0.23399999999999999,0.0,0.36933333333333335,7.916666666666667,3.0,0.0,14.0
Scott Skiles,604,6661.0,11.028145695364238,1527.0,2.5281456953642385,3884.0,6.430463576158941,0.4015579470198675,0.28703311258278147,0.6423675496688742,27.84271523178808,500.0,29.0,1502.0
Scott Suggs,3,29.0,9.666666666666666,7.0,2.3333333333333335,1.0,0.3333333333333333,0.338,0.21666666666666667,0.0,,2.0,0.0,3.0
Scott Wedman,992,12808.0,12.911290322580646,4683.0,4.720766129032258,1914.0,1.9294354838709677,0.4521703629032258,0.060936491935483866,0.48017137096774193,26.951612903225808,758.0,293.0,587.0
Scott Williams,977,4316.0,4.417604912998977,3941.0,4.0337768679631525,491.0,0.5025588536335721,0.35928454452405323,0.0040941658137154556,0.26376253838280456,16.048693586698338,431.0,494.0,615.0
Scott Wood,3,3.0,1.0,1.0,0.3333333333333333,0.0,0.0,0.3333333333333333,0.3333333333333333,0.0,5.5,1.0,0.0,1.0
Scottie Barnes,400,6765.0,16.9125,2903.0,7.2575,2015.0,5.0375,0.47103,0.24084,0.6123275,33.275224766751485,490.0,419.0,945.0
Scottie Lewis,13,7.0,0.5384615384615384,2.0,0.15384615384615385,3.0,0.23076923076923078,0.07692307692307693,0.0,0.11538461538461539,6.75,4.0,2.0,2.0
Scottie Pippen,1429,22612.0,15.823652904128762,9095.0,6.364590622813156,7193.0,5.033589923023093,0.4493883834849545,0.22061231630510847,0.5666899930020993,35.27141828653708,2707.0,1132.0,3871.0
Scottie Wilbekin,7,50.0,7.142857142857143,8.0,1.1428571428571428,7.0,1.0,0.4042857142857143,0.34371428571428575,0.2857142857142857,17.2,3.0,0.0,6.0
Scotty Hopson,16,37.0,2.3125,15.0,0.9375,10.0,0.625,0.0716875,0.040625,0.1285,7.5,3.0,1.0,5.0
Scotty Pippen Jr.,166,1379.0,8.30722891566265,415.0,2.5,557.0,3.355421686746988,0.3708975903614458,0.25287951807228914,0.4210602409638554,20.933651960784314,179.0,49.0,272.0
Sean Bairstow,3,6.0,2.0,4.0,1.3333333333333333,3.0,1.0,0.25,0.0,0.3333333333333333,,1.0,0.0,3.0
Sean Banks,4,13.0,3.25,3.0,0.75,0.0,0.0,0.45825,0.25,0.41675,9.333333333333334,0.0,0.0,3.0
Sean Colson,24,15.0,0.625,6.0,0.25,10.0,0.4166666666666667,0.05416666666666667,0.020833333333333332,0.041666666666666664,3.0,1.0,0.0,2.0
Sean East II,2,2.0,1.0,1.0,0.5,1.0,0.5,0.1665,0.0,0.0,7.28,0.0,0.0,1.0
Sean Elliott,886,11675.0,13.177200902934537,3550.0,4.006772009029345,2106.0,2.3769751693002257,0.42094243792325053,0.2206489841986456,0.6201015801354401,32.91545893719807,635.0,321.0,1477.0
Sean Green,85,352.0,4.141176470588236,85.0,1.0,45.0,0.5294117647058824,0.3057294117647059,0.07842352941176471,0.1686235294117647,7.929411764705883,33.0,13.0,63.0
Sean Higgins,226,1375.0,6.084070796460177,402.0,1.7787610619469028,227.0,1.0044247787610618,0.35985398230088494,0.17106194690265486,0.30926106194690267,15.008968609865471,73.0,32.0,239.0
Sean Kilpatrick,203,1747.0,8.605911330049262,461.0,2.270935960591133,242.0,1.1921182266009853,0.3064334975369458,0.22964532019704434,0.49559605911330046,18.958823529411763,78.0,13.0,216.0
Sean Lampley,72,207.0,2.875,102.0,1.4166666666666667,35.0,0.4861111111111111,0.20194444444444445,0.0,0.2384305555555556,11.061224489795919,9.0,4.0,30.0
Sean Marks,530,784.0,1.4792452830188678,622.0,1.1735849056603773,62.0,0.1169811320754717,0.1742396226415094,0.011320754716981131,0.11522264150943395,10.158301158301159,44.0,111.0,143.0
Sean May,208,1018.0,4.894230769230769,595.0,2.860576923076923,136.0,0.6538461538461539,0.28901923076923075,0.014423076923076924,0.2767980769230769,15.748251748251748,65.0,55.0,162.0
Sean McDermott,49,41.0,0.8367346938775511,24.0,0.4897959183673469,4.0,0.08163265306122448,0.09385714285714286,0.03740816326530612,0.08163265306122448,7.863636363636363,2.0,4.0,6.0
Sean Pedulla,15,13.0,0.8666666666666667,3.0,0.2,5.0,0.3333333333333333,0.08886666666666666,0.06666666666666667,0.0,4.257142857142857,0.0,0.0,1.0
Sean Rooks,919,4754.0,5.173014145810663,2922.0,3.179542981501632,643.0,0.6996735582154516,0.3403601741022851,0.002176278563656148,0.3430783460282916,17.410783055198973,262.0,511.0,818.0
Sean Singletary,53,111.0,2.0943396226415096,42.0,0.7924528301886793,37.0,0.6981132075471698,0.23120754716981132,0.1760943396226415,0.19183018867924528,8.255813953488373,17.0,1.0,28.0
Sean Williams,209,630.0,3.014354066985646,516.0,2.4688995215311005,51.0,0.24401913875598086,0.2877464114832536,0.0,0.22086124401913879,13.562091503267974,51.0,172.0,141.0
Sebastian Telfair,695,4571.0,6.576978417266187,999.0,1.437410071942446,2162.0,3.110791366906475,0.3125841726618705,0.19378129496402877,0.3631107913669065,21.058823529411764,473.0,82.0,957.0
Sedale Threatt,1027,9935.0,9.673807205452775,1819.0,1.7711781888997078,3864.0,3.7624148003894837,0.4338451801363194,0.10340701071080818,0.4215443037974683,23.419765166340508,1212.0,143.0,1375.0
Sedric Toney,115,420.0,3.652173913043478,98.0,0.8521739130434782,237.0,2.0608695652173914,0.26777391304347825,0.14259130434782608,0.33141739130434783,12.391304347826088,49.0,1.0,116.0
Sek Henry,2,14.0,7.0,3.0,1.5,5.0,2.5,0.32499999999999996,0.1665,0.0,,2.0,0.0,4.0
Sekou Doumbouya,123,595.0,4.837398373983739,289.0,2.3495934959349594,68.0,0.5528455284552846,0.2875691056910569,0.17728455284552846,0.26190243902439025,16.0,50.0,21.0,88.0
Selem Safar,1,0.0,0.0,1.0,1.0,4.0,4.0,0.0,0.0,0.0,,0.0,0.0,1.0
Semaj Christon,85,230.0,2.738095238095238,103.0,1.2261904761904763,148.0,1.7619047619047619,0.27082142857142855,0.13292857142857142,0.10714285714285714,14.929577464788732,34.0,8.0,52.0
Semi Ojeleye,421,1121.0,2.675417661097852,703.0,1.6778042959427208,136.0,0.324582338902148,0.2508019093078759,0.2104677804295943,0.14996420047732698,13.68545994065282,85.0,20.0,108.0
Semih Erden,120,308.0,2.566666666666667,226.0,1.8833333333333333,39.0,0.325,0.296525,0.0,0.15691666666666665,13.844155844155845,27.0,36.0,72.0
Serge Ibaka,1192,13281.0,11.160504201680672,7825.0,6.57563025210084,900.0,0.7563025210084033,0.47877394957983194,0.21280588235294118,0.43461680672268904,26.615111111111112,452.0,2139.0,1409.0
Sergei Bazarevich,10,30.0,3.0,7.0,0.7,14.0,1.4,0.3932,0.05,0.3167,7.4,1.0,1.0,7.0
Sergei Monia,53,109.0,2.056603773584906,64.0,1.2075471698113207,21.0,0.39622641509433965,0.16735849056603774,0.1289245283018868,0.1320754716981132,12.870967741935484,8.0,5.0,16.0
Sergey Karasev,211,360.0,1.7142857142857142,169.0,0.8047619047619048,100.0,0.47619047619047616,0.13774761904761904,0.08932380952380951,0.1263857142857143,12.08411214953271,46.0,8.0,78.0
Sergio Llull,1,19.0,19.0,3.0,3.0,2.0,2.0,0.636,0.625,0.0,,1.0,0.0,0.0
Sergio Rodriguez,440,1898.0,4.3136363636363635,578.0,1.3136363636363637,1330.0,3.022727272727273,0.3238704545454546,0.2134409090909091,0.20196363636363637,14.588688946015424,245.0,15.0,573.0
Serhat Cetin,1,0.0,0.0,0.0,0.0,0.0,0.0,0.0,0.0,0.0,,0.0,0.0,1.0
Seth Curry,767,6279.0,8.218586387434556,1265.0,1.655759162303665,1165.0,1.524869109947644,0.3517081151832461,0.3041256544502618,0.3100353403141361,21.720985915492957,412.0,91.0,592.0
Seth Lundy,32,38.0,1.1875,14.0,0.4375,0.0,0.0,0.13318750000000001,0.09896875,0.078125,5.367999999999999,1.0,2.0,4.0
Seung-Jin Ha,87,95.0,1.0919540229885059,86.0,0.9885057471264368,6.0,0.06896551724137931,0.20122988505747127,0.0,0.12260919540229885,6.6415094339622645,6.0,13.0,29.0
Shabazz Muhammad,396,2778.0,7.050761421319797,848.0,2.1522842639593907,166.0,0.4213197969543147,0.3348299492385787,0.15258375634517768,0.3621700507614213,16.715686274509803,96.0,26.0,204.0
Shabazz Napier,501,2788.0,5.587174348697395,740.0,1.4829659318637274,940.0,1.8837675350701404,0.28182765531062126,0.2348937875751503,0.3091603206412825,16.82010582010582,325.0,48.0,496.0
Shaedon Sharpe,310,3916.0,12.63225806451613,996.0,3.2129032258064516,543.0,1.7516129032258065,0.35978387096774195,0.2540774193548387,0.4680064516129032,27.287915006640105,212.0,65.0,480.0
Shai Gilgeous-Alexander,644,15475.0,24.141965678627145,2899.0,4.522620904836193,3312.0,5.1669266770670825,0.4893369734789392,0.35054290171606867,0.7737722308892355,32.586575121163165,880.0,499.0,1421.0
Shai Olearchik,1,0.0,0.0,3.0,3.0,1.0,1.0,0.0,0.0,0.0,10.18,1.0,0.0,1.0
Shake Milton,544,3287.0,6.075785582255083,879.0,1.6247689463955637,956.0,1.767097966728281,0.3094380776340111,0.19953789279112755,0.32319223659889096,17.558285714285713,187.0,83.0,419.0
Shaler Halimon,176,1182.0,6.715909090909091,586.0,3.3295454545454546,318.0,1.8068181818181819,0.32642045454545454,0.0,0.3041193181818182,14.613636363636363,0.0,0.0,0.0
Shammond Williams,476,2016.0,4.235294117647059,545.0,1.1449579831932772,813.0,1.7079831932773109,0.2525504201680672,0.1898613445378151,0.24110714285714285,15.815028901734104,212.0,15.0,356.0
Shamorie Ponds,13,16.0,1.3333333333333333,2.0,0.16666666666666666,3.0,0.25,0.24308333333333332,0.08333333333333333,0.20833333333333334,3.857142857142857,1.0,2.0,5.0
Shandon Anderson,851,5708.0,6.707403055229142,2454.0,2.883666274970623,1083.0,1.27262044653349,0.38133137485311397,0.16296357226792008,0.37497884841363105,21.145363408521302,591.0,187.0,1042.0
Shane Battier,1164,9475.0,8.140034364261169,4590.0,3.943298969072165,1898.0,1.6305841924398625,0.41466323024054985,0.33252920962199317,0.3703041237113402,29.59806508355321,1103.0,980.0,990.0
Shane Edwards,13,11.0,0.8461538461538461,15.0,1.1538461538461537,1.0,0.07692307692307693,0.1346153846153846,0.0,0.07692307692307693,6.25,1.0,2.0,3.0
Shane Heal,96,103.0,1.0729166666666667,22.0,0.22916666666666666,39.0,0.40625,0.10739583333333334,0.08807291666666667,0.0390625,5.392156862745098,4.0,3.0,22.0
Shane Larkin,350,1542.0,4.405714285714286,536.0,1.5314285714285714,792.0,2.262857142857143,0.3048171428571429,0.17941714285714286,0.23502571428571428,18.341549295774648,259.0,25.0,335.0
Shannon Brown,629,3861.0,6.138314785373609,950.0,1.5103338632750398,570.0,0.9062003179650239,0.3170524642289348,0.18148966613672496,0.3377074721780604,17.197292069632496,358.0,116.0,492.0
Shannon Scott,7,2.0,0.2857142857142857,4.0,0.5714285714285714,2.0,0.2857142857142857,0.07142857142857142,0.0,0.0,7.5,2.0,0.0,2.0
Shaq Buchanan,7,19.0,2.7142857142857144,6.0,0.8571428571428571,3.0,0.42857142857142855,0.219,0.04757142857142858,0.14285714285714285,6.6,2.0,0.0,3.0
Shaquille Harrison,286,1027.0,3.6161971830985915,495.0,1.7429577464788732,333.0,1.1725352112676057,0.25331690140845076,0.10627464788732394,0.25184507042253523,13.788732394366198,203.0,76.0,143.0
Shaquille O'Neal,1566,34423.0,21.98148148148148,15878.0,10.139208173690932,3659.0,2.3365261813537677,0.5457630906768838,0.0006385696040868455,0.47206960408684545,34.33858117326057,878.0,3230.0,4032.0
Shareef Abdur-Rahim,888,15270.0,17.195945945945947,6359.0,7.161036036036036,2145.0,2.4155405405405403,0.4541283783783784,0.11711486486486487,0.7277105855855855,33.8018648018648,832.0,642.0,2186.0
Sharife Cooper,101,395.0,3.910891089108911,110.0,1.0891089108910892,151.0,1.495049504950495,0.24538613861386138,0.1579108910891089,0.21865346534653465,13.14859375,22.0,7.0,85.0
Sharone Wright,226,1974.0,8.734513274336283,1023.0,4.5265486725663715,118.0,0.5221238938053098,0.38870796460176993,0.004424778761061947,0.41307079646017697,22.157635467980295,82.0,203.0,355.0
Sharrod Ford,29,43.0,1.4827586206896552,23.0,0.7931034482758621,6.0,0.20689655172413793,0.16693103448275862,0.0,0.10662068965517242,10.0,3.0,10.0,9.0
Shaun Bruce,1,3.0,3.0,4.0,4.0,2.0,2.0,0.5,1.0,0.0,,0.0,0.0,0.0
Shaun Livingston,1074,6300.0,5.876865671641791,2416.0,2.253731343283582,2909.0,2.7136194029850746,0.441946828358209,0.013526119402985074,0.3690065298507463,19.87363184079602,675.0,349.0,1223.0
Shaun Pruitt,5,6.0,1.2,11.0,2.2,1.0,0.2,0.2,0.0,0.4,9.4,0.0,2.0,2.0
Shavlik Randolph,329,474.0,1.4407294832826747,467.0,1.419452887537994,53.0,0.16109422492401215,0.1596838905775076,0.0060790273556231,0.12092705167173251,8.5561797752809,56.0,60.0,82.0
Shawn Bradley,971,6899.0,7.105046343975284,5425.0,5.5870236869207,589.0,0.6065911431513903,0.39081359423274975,0.004119464469618949,0.4059330587023687,22.47159090909091,541.0,2169.0,1087.0
Shawn Dawson,6,5.0,0.8333333333333334,2.0,0.3333333333333333,2.0,0.3333333333333333,0.08333333333333333,0.0,0.08333333333333333,3.0,0.0,0.0,0.0
Shawn Jones,7,12.0,1.7142857142857142,12.0,1.7142857142857142,3.0,0.42857142857142855,0.40471428571428575,0.0,0.0,16.0,2.0,3.0,6.0
Shawn Kemp,1161,16917.0,14.571059431524548,9708.0,8.361757105943152,1870.0,1.6106804478897503,0.46853660637381567,0.026414298018949182,0.6306709732988802,28.04811898512686,1290.0,1417.0,3053.0
Shawn Long,30,215.0,7.166666666666667,135.0,4.5,17.0,0.5666666666666667,0.4074666666666667,0.1528,0.3388666666666667,11.76,13.0,17.0,28.0
Shawn Marion,1413,20028.0,14.174097664543524,11508.0,8.144373673036094,2445.0,1.7303609341825903,0.4522576079263977,0.18738853503184716,0.5216065109695682,33.52628080657207,1962.0,1406.0,1984.0
Shawn Respert,231,851.0,3.683982683982684,226.0,0.9783549783549783,177.0,0.7662337662337663,0.2528051948051948,0.18005627705627708,0.22403030303030302,13.343023255813954,91.0,7.0,125.0
Shawne Williams,419,2046.0,4.883054892601432,1105.0,2.6372315035799523,257.0,0.6133651551312649,0.32681861575179,0.21891169451073986,0.2199379474940334,16.662011173184357,146.0,180.0,235.0
Shawnelle Scott,214,194.0,0.9065420560747663,230.0,1.074766355140187,20.0,0.09345794392523364,0.15918691588785047,0.0,0.0794392523364486,5.185840707964601,14.0,24.0,40.0
Shayne Whittington,87,108.0,1.2413793103448276,59.0,0.6781609195402298,14.0,0.16091954022988506,0.147367816091954,0.017241379310344827,0.1312183908045977,6.222222222222222,6.0,4.0,20.0
Shea Ili,4,18.0,4.5,15.0,3.75,12.0,3.0,0.327,0.20825,0.25,11.52,1.0,0.0,13.0
Shea Seals,8,4.0,0.5,4.0,0.5,0.0,0.0,0.0625,0.0,0.125,1.25,1.0,0.0,0.0
Shelden Williams,534,1911.0,3.5786516853932584,1773.0,3.3202247191011236,182.0,0.3408239700374532,0.30482584269662927,0.0028089887640449437,0.29567790262172283,15.220588235294118,199.0,181.0,368.0
Sheldon Mac,92,166.0,1.8043478260869565,51.0,0.5543478260869565,28.0,0.30434782608695654,0.12441304347826086,0.08641304347826087,0.1425,8.772727272727273,13.0,2.0,13.0
Shellie McMillon,273,2473.0,9.058608058608058,852.0,3.120879120879121,50.0,0.18315018315018314,0.19342490842490842,0.0,0.504937728937729,4.736263736263736,0.0,0.0,0.0
Shelton Jones,52,246.0,4.730769230769231,113.0,2.173076923076923,42.0,0.8076923076923077,0.3838653846153846,0.0,0.3039807692307692,13.307692307692308,21.0,15.0,47.0
Shelvin Mack,660,3383.0,5.149162861491629,1033.0,1.5722983257229832,1599.0,2.4337899543378994,0.3070776255707763,0.18440182648401826,0.2473013698630137,17.513307984790874,339.0,26.0,634.0
Sherell Ford,28,90.0,3.2142857142857144,24.0,0.8571428571428571,5.0,0.17857142857142858,0.36867857142857147,0.06546428571428571,0.32010714285714287,4.964285714285714,8.0,1.0,6.0
Sherman Douglas,818,8603.0,10.517114914425427,1730.0,2.1149144254278727,4642.0,5.67481662591687,0.43128117359413204,0.10052933985330074,0.4579669926650367,27.531969309462916,799.0,77.0,1807.0
Sherron Collins,48,38.0,0.7916666666666666,13.0,0.2708333333333333,24.0,0.5,0.109875,0.059020833333333335,0.020833333333333332,7.214285714285714,4.0,0.0,22.0
Sherwin Raiken,9,13.0,1.4444444444444444,0.0,0.0,2.0,0.2222222222222222,0.2777777777777778,0.0,0.12966666666666668,2.0,0.0,0.0,0.0
Sherwood Brown,2,10.0,5.0,5.0,2.5,0.0,0.0,0.375,0.25,0.0,13.5,0.0,1.0,2.0
Shi Yuchen,4,13.0,3.25,7.0,1.75,7.0,1.75,0.3335,0.5,0.375,,5.0,0.0,10.0
Shirelijian Muxtar,1,17.0,17.0,6.0,6.0,5.0,5.0,0.429,0.417,0.0,,1.0,0.0,4.0
Shuo Fang,1,10.0,10.0,0.0,0.0,3.0,3.0,0.286,0.333,0.5,,0.0,1.0,4.0
Si Green,544,5018.0,9.224264705882353,1404.0,2.5808823529411766,551.0,1.0128676470588236,0.23353492647058824,0.0,0.556204044117647,7.709558823529412,0.0,0.0,0.0
Sid Catlett,9,6.0,0.6666666666666666,4.0,0.4444444444444444,1.0,0.1111111111111111,0.1388888888888889,0.0,0.09255555555555556,3.2222222222222223,0.0,0.0,0.0
Sid Tannenbaum,22,181.0,8.227272727272727,0.0,0.0,0.0,0.0,0.0,0.0,0.5502727272727272,0.0,0.0,0.0,0.0
Sidney Green,722,5230.0,7.243767313019391,4277.0,5.923822714681441,653.0,0.9044321329639889,0.41951108033240997,0.0013850415512465374,0.45447783933518004,19.048476454293628,377.0,227.0,1067.0
Sidney Hertzberg,94,862.0,9.170212765957446,5.0,0.05319148936170213,44.0,0.46808510638297873,0.03546808510638298,0.0,0.6033191489361702,0.0,0.0,0.0,0.0
Sidney Lowe,193,562.0,2.911917098445596,335.0,1.7357512953367875,749.0,3.8808290155440415,0.3137461139896373,0.015544041450777202,0.3079015544041451,17.730569948186528,189.0,9.0,188.0
Sidney Moncrief,862,13454.0,15.607888631090487,4051.0,4.699535962877031,3114.0,3.6125290023201857,0.488776102088167,0.0963828306264501,0.7321044083526682,30.660092807424594,1020.0,266.0,1748.0
Sidney Wicks,771,12950.0,16.796368352788587,6709.0,8.701686121919584,2454.0,3.1828793774319064,0.45871076523994814,0.0,0.6042153047989625,33.81322957198444,494.0,364.0,502.0
Sidy Cissoko,167,514.0,3.0778443113772456,240.0,1.437125748502994,155.0,0.9281437125748503,0.23195209580838322,0.12467664670658683,0.19011976047904192,14.869497354497353,72.0,34.0,98.0
Sim Bhullar,10,4.0,0.4,4.0,0.4,1.0,0.1,0.15,0.0,0.0,0.5,0.0,1.0,0.0
Simisola Shittu,10,17.0,1.7,11.0,1.1,3.0,0.3,0.1083,0.0,0.125,6.75,2.0,0.0,2.0
Simone Fontecchio,323,2167.0,6.708978328173375,803.0,2.486068111455108,325.0,1.0061919504643964,0.3222074303405573,0.2791609907120743,0.3001733746130031,17.821971326164874,131.0,54.0,219.0
Sindarius Thornwell,230,486.0,2.140969162995595,246.0,1.0837004405286343,135.0,0.5947136563876652,0.2270704845814978,0.12679295154185022,0.1933171806167401,10.245714285714286,87.0,40.0,99.0
Sion James,89,462.0,5.191011235955056,300.0,3.3707865168539324,172.0,1.9325842696629214,0.35008988764044946,0.3210112359550562,0.3736067415730337,21.63181818181818,54.0,21.0,68.0
Sir'Dominic Pointer,2,0.0,0.0,0.0,0.0,0.0,0.0,0.0,0.0,0.0,,0.0,0.0,0.0
Sir'Jabari Rice,7,7.0,1.0,0.0,0.0,3.0,0.42857142857142855,0.07142857142857142,0.14285714285714285,0.21428571428571427,5.0,1.0,0.0,0.0
Skal Labissiere,269,1217.0,4.558052434456929,765.0,2.865168539325843,179.0,0.6704119850187266,0.2777940074906367,0.07483895131086142,0.24279775280898877,16.1823595505618,67.0,115.0,179.0
Skeeter Henry,7,6.0,0.8571428571428571,5.0,0.7142857142857143,7.0,1.0,0.07142857142857142,0.0,0.14285714285714285,4.428571428571429,0.0,0.0,2.0
Skip Harlicka,27,108.0,4.0,16.0,0.5925925925925926,37.0,1.3703703703703705,0.43877777777777777,0.0,0.3078518518518518,7.2592592592592595,0.0,0.0,0.0
Skylar Mays,239,513.0,2.1464435146443517,138.0,0.5774058577405857,206.0,0.8619246861924686,0.16998744769874477,0.07823012552301255,0.10739330543933055,9.376,60.0,8.0,60.0
Skyler Flatten,2,0.0,0.0,0.0,0.0,0.0,0.0,0.0,0.0,0.0,,0.0,0.0,0.0
Slater Martin,744,7585.0,10.19489247311828,654.0,0.8790322580645161,671.0,0.9018817204301075,0.15676209677419356,0.0,0.6809045698924732,5.626344086021505,0.0,0.0,0.0
Slava Medvedenko,429,1533.0,3.5734265734265733,829.0,1.9324009324009324,149.0,0.3473193473193473,0.2808414918414918,0.004662004662004662,0.18894405594405594,11.693811074918568,95.0,48.0,175.0
Slavko Vranes,5,0.0,0.0,0.0,0.0,0.0,0.0,0.0,0.0,0.0,2.0,0.0,0.0,0.0
Sleepy Floyd,993,12742.0,12.831822759315207,2573.0,2.591137965760322,5388.0,5.425981873111782,0.41199697885196374,0.19224370594159113,0.5961137965760323,27.62134944612286,1156.0,218.0,2328.0
Slick Watts,454,4086.0,9.0,1454.0,3.202643171806167,2787.0,6.138766519823789,0.3736828193832599,0.0,0.39318722466960354,26.334801762114537,558.0,58.0,108.0
Sly Williams,312,3404.0,10.91025641025641,1294.0,4.147435897435898,604.0,1.935897435897436,0.44316346153846153,0.021900641025641026,0.5123429487179487,21.28205128205128,152.0,44.0,289.0
Smush Parker,331,2769.0,8.365558912386707,735.0,2.2205438066465257,876.0,2.6465256797583083,0.37356495468277945,0.2658368580060423,0.410558912386707,24.61783439490446,381.0,53.0,570.0
Solomon Alabi,92,51.0,0.5543478260869565,74.0,0.8043478260869565,6.0,0.06521739130434782,0.08456521739130435,0.0,0.01992391304347826,6.171428571428572,5.0,12.0,12.0
Solomon Hill,669,2742.0,4.117117117117117,1587.0,2.3828828828828827,732.0,1.0990990990990992,0.2598033033033033,0.18838888888888888,0.23614264264264262,20.32758620689655,337.0,110.0,414.0
Solomon Jones,482,1025.0,2.1265560165975104,805.0,1.670124481327801,118.0,0.24481327800829875,0.23750207468879667,0.002074688796680498,0.219402489626556,10.671597633136095,76.0,187.0,209.0
Songtao Zhang,1,0.0,0.0,0.0,0.0,0.0,0.0,0.0,0.0,0.0,,0.0,0.0,0.0
Sonny Parker,462,4513.0,9.768398268398268,1869.0,4.045454545454546,963.0,2.0844155844155843,0.4808744588744589,0.0,0.45671428571428574,23.88744588744589,607.0,153.0,612.0
Sonny Weems,286,1400.0,4.895104895104895,462.0,1.6153846153846154,310.0,1.083916083916084,0.29526573426573427,0.07324825174825175,0.17511538461538462,18.09223300970874,97.0,30.0,223.0
Souley Boum,2,0.0,0.0,0.0,0.0,0.0,0.0,0.0,0.0,0.0,,0.0,0.0,0.0
Soumaila Samake,93,68.0,0.7311827956989247,76.0,0.8172043010752689,5.0,0.053763440860215055,0.10965591397849463,0.0,0.053763440860215055,5.872340425531915,2.0,19.0,6.0
Speedy Claxton,414,3322.0,8.02415458937198,894.0,2.1594202898550723,1549.0,3.741545893719807,0.3475096618357488,0.06501449275362318,0.4763550724637681,23.8,540.0,46.0,623.0
Spencer Dinwiddie,782,8837.0,11.314980793854033,2048.0,2.6222791293213827,3436.0,4.3994878361075545,0.3527157490396927,0.2651382842509603,0.5636568501920615,26.66653791130186,509.0,183.0,1130.0
Spencer Hawes,853,6602.0,7.739742086752638,4352.0,5.101992966002345,1415.0,1.6588511137162953,0.3856459554513482,0.18004454865181713,0.3146354044548652,22.029908972691807,298.0,719.0,1092.0
Spencer Haywood,795,15068.0,18.953459119496856,7234.0,9.09937106918239,1395.0,1.7547169811320755,0.4511899371069183,0.0012578616352201257,0.6733220125786165,33.231446540880505,160.0,344.0,376.0
Spencer Jones,129,417.0,3.2325581395348837,246.0,1.9069767441860466,59.0,0.4573643410852713,0.24848837209302324,0.16587596899224805,0.12028682170542636,17.906460481099657,67.0,41.0,40.0
Spencer Nelson,9,25.0,2.7777777777777777,9.0,1.0,5.0,0.5555555555555556,0.5926666666666667,0.0,0.2777777777777778,8.222222222222221,3.0,2.0,10.0
Spud Webb,853,8393.0,9.839390386869871,1827.0,2.141852286049238,4540.0,5.3223915592028135,0.43081008206330595,0.14572684642438452,0.5992121922626026,24.631887456037514,951.0,113.0,1672.0
Stacey Arceneaux,7,50.0,7.142857142857143,28.0,4.0,0.0,0.0,0.3448571428571428,0.0,0.37128571428571433,11.285714285714286,0.0,0.0,0.0
Stacey Augmon,1259,8478.0,6.733915806195393,3414.0,2.711675933280381,1670.0,1.3264495631453534,0.3524527402700556,0.006751389992057188,0.4000460683081811,21.081031307550646,1036.0,334.0,1327.0
Stacey King,500,3083.0,6.166,1596.0,3.192,418.0,0.836,0.42357,0.011,0.416768,16.268537074148295,194.0,225.0,580.0
Stan Brown,19,74.0,3.8947368421052633,0.0,0.0,1.0,0.05263157894736842,0.041736842105263156,0.0,0.42105263157894735,0.0,0.0,0.0,0.0
Stan Kimbrough,13,21.0,1.6153846153846154,7.0,0.5384615384615384,6.0,0.46153846153846156,0.20384615384615384,0.038461538461538464,0.07692307692307693,5.0,5.0,0.0,4.0
Stan Love,234,1558.0,6.6581196581196584,893.0,3.8162393162393164,161.0,0.688034188034188,0.39802564102564103,0.0,0.40332905982905987,13.324786324786325,10.0,7.0,0.0
Stan McKenzie,402,3599.0,8.95273631840796,1107.0,2.753731343283582,607.0,1.5099502487562189,0.40963432835820895,0.0,0.5744800995024876,18.079601990049753,1.0,0.0,0.0
Stan Miasek,30,185.0,6.166666666666667,0.0,0.0,3.0,0.1,0.022233333333333334,0.0,0.5603333333333332,0.6666666666666666,0.0,0.0,0.0
Stan Noszka,20,82.0,4.1,0.0,0.0,0.0,0.0,0.0,0.0,0.34835000000000005,0.0,0.0,0.0,0.0
Stan Pietkiewicz,96,376.0,3.9166666666666665,93.0,0.96875,174.0,1.8125,0.31327083333333333,0.12413541666666666,0.19257291666666668,11.229166666666666,35.0,6.0,74.0
Stan Stutz,30,214.0,7.133333333333334,0.0,0.0,3.0,0.1,0.03586666666666667,0.0,0.18333333333333332,0.0,0.0,0.0,0.0
Stan Washington,1,0.0,0.0,0.0,0.0,0.0,0.0,0.0,0.0,0.0,4.0,0.0,0.0,0.0
Stanley Brundy,16,37.0,2.3125,26.0,1.625,3.0,0.1875,0.328125,0.0,0.1621875,8.0,6.0,5.0,6.0
Stanley Jackson,17,38.0,2.235294117647059,27.0,1.588235294117647,16.0,0.9411764705882353,0.38488235294117645,0.058823529411764705,0.11764705882352941,5.411764705882353,5.0,0.0,10.0
Stanley Johnson,573,3071.0,5.378283712784588,1538.0,2.693520140105079,729.0,1.276707530647986,0.30613309982486864,0.20828196147110334,0.2783239929947461,19.17622950819672,410.0,116.0,531.0
Stanley Roberts,337,2614.0,7.756676557863502,1595.0,4.732937685459941,190.0,0.5637982195845698,0.4290118694362018,0.0,0.35239465875370923,19.42071197411003,113.0,392.0,381.0
Stanley Robinson,5,10.0,2.0,12.0,2.4,2.0,0.4,0.4,0.0,0.2,8.2,1.0,0.0,1.0
Stanley Umude,119,230.0,1.9327731092436975,96.0,0.8067226890756303,27.0,0.226890756302521,0.14264705882352943,0.11848739495798319,0.14426050420168068,8.5903125,16.0,17.0,21.0
Stanton Kidd,19,17.0,0.8947368421052632,11.0,0.5789473684210527,4.0,0.21052631578947367,0.08421052631578947,0.017526315789473685,0.05263157894736842,5.75,0.0,0.0,4.0
Stefan Jankovic,5,0.0,0.0,0.0,0.0,0.0,0.0,0.0,0.0,0.0,3.0,0.0,0.0,0.0
Stefano Rusconi,7,8.0,1.1428571428571428,6.0,0.8571428571428571,3.0,0.42857142857142855,0.08557142857142856,0.0,0.119,4.285714285714286,0.0,2.0,3.0
Steffond Johnson,28,74.0,2.642857142857143,43.0,1.5357142857142858,5.0,0.17857142857142858,0.3497142857142857,0.0,0.26339285714285715,8.321428571428571,9.0,2.0,21.0
Stefhon Hannah,3,0.0,0.0,0.0,0.0,0.0,0.0,0.0,0.0,0.0,1.0,0.0,0.0,1.0
Stephane Lasme,32,127.0,3.96875,76.0,2.375,9.0,0.28125,0.3783125,0.0,0.2689375,16.346153846153847,15.0,30.0,26.0
Stephen Bardo,33,73.0,2.212121212121212,60.0,1.8181818181818181,44.0,1.3333333333333333,0.24484848484848484,0.030303030303030304,0.15151515151515152,9.06060606060606,12.0,4.0,22.0
Stephen Curry,1375,32509.0,23.660116448326054,6160.0,4.483260553129549,8154.0,5.934497816593886,0.4464184861717613,0.39487554585152834,0.7662423580786026,33.220392749244716,1983.0,363.0,4102.0
Stephen Dennis,6,15.0,2.5,6.0,1.0,8.0,1.3333333333333333,0.23616666666666666,0.0,0.125,12.5,5.0,0.0,7.0
Stephen Graham,406,1203.0,2.9630541871921183,525.0,1.293103448275862,152.0,0.37438423645320196,0.26252216748768475,0.09244088669950738,0.19478817733990147,12.04513888888889,72.0,26.0,212.0
Stephen Holt,6,12.0,2.4,4.0,0.8,1.0,0.2,0.27999999999999997,0.24,0.0,2.0,0.0,1.0,1.0
Stephen Howard,172,359.0,2.0872093023255816,184.0,1.069767441860465,25.0,0.14534883720930233,0.2542151162790698,0.0,0.21173837209302324,5.837037037037037,39.0,28.0,62.0
Stephen Jackson,1064,14586.0,13.708646616541353,3727.0,3.5028195488721803,2953.0,2.7753759398496243,0.36609116541353387,0.2677575187969925,0.5641447368421053,31.01223241590214,1259.0,365.0,2446.0
Stephen Thompson,19,31.0,1.631578947368421,19.0,1.0,8.0,0.42105263157894735,0.3174736842105263,0.0,0.05263157894736842,4.7894736842105265,6.0,3.0,5.0
Stephen Zimmerman,49,46.0,0.9387755102040817,44.0,0.8979591836734694,10.0,0.20408163265306123,0.14455102040816326,0.0,0.08673469387755102,6.333333333333333,3.0,6.0,5.0
Stephon Castle,182,2816.0,15.472527472527473,787.0,4.324175824175824,1017.0,5.587912087912088,0.4383846153846154,0.2783296703296703,0.6752912087912089,27.9085347985348,186.0,50.0,485.0
Stephon Marbury,954,16972.0,17.79035639412998,2647.0,2.7746331236897275,6721.0,7.045073375262055,0.40039622641509437,0.25018448637316565,0.6659811320754717,36.45584988962472,1069.0,124.0,2694.0
Sterling Brown,397,1614.0,4.086075949367088,1007.0,2.5493670886075948,319.0,0.8075949367088607,0.2818886075949367,0.2174455696202532,0.1746,15.715210355987056,165.0,55.0,216.0
Steve Alford,183,798.0,4.360655737704918,153.0,0.8360655737704918,191.0,1.0437158469945356,0.4049180327868852,0.12849180327868853,0.3243060109289617,9.546448087431694,88.0,10.0,94.0
Steve Blake,1093,6264.0,5.731015553522416,2047.0,1.8728270814272645,3807.0,3.483074107959744,0.3308508691674291,0.30125709057639527,0.20127264409881063,23.073096446700507,651.0,75.0,1384.0
Steve Bracey,197,1210.0,6.1421319796954315,268.0,1.3604060913705585,369.0,1.8730964467005076,0.36987309644670047,0.0,0.29269035532994925,11.401015228426395,20.0,1.0,0.0
Steve Bucknall,18,23.0,1.2777777777777777,7.0,0.3888888888888889,10.0,0.5555555555555556,0.19905555555555557,0.0,0.09722222222222222,4.166666666666667,2.0,1.0,11.0
Steve Burtt,109,634.0,5.81651376146789,102.0,0.9357798165137615,137.0,1.2568807339449541,0.36920183486238534,0.013761467889908258,0.4741651376146789,11.284403669724771,54.0,13.0,116.0
Steve Castleberry,6,4.0,0.6666666666666666,6.0,1.0,1.0,0.16666666666666666,0.16666666666666666,0.0,0.16666666666666666,8.5,1.0,1.0,1.0
Steve Colter,550,3471.0,6.310909090909091,1098.0,1.9963636363636363,1559.0,2.8345454545454545,0.38844,0.07836,0.39516545454545454,18.143636363636364,477.0,79.0,551.0
Steve Courtin,25,116.0,4.64,22.0,0.88,22.0,0.88,0.3958,0.0,0.32856,3.4,0.0,0.0,0.0
Steve Downing,28,66.0,2.357142857142857,43.0,1.5357142857142858,11.0,0.39285714285714285,0.2834642857142857,0.0,0.23689285714285716,5.357142857142857,2.0,0.0,0.0
Steve Francis,662,10781.0,16.285498489425983,3318.0,5.0120845921450154,3600.0,5.438066465256798,0.3862583081570997,0.27017824773413895,0.6640845921450151,36.60242928452579,872.0,227.0,2110.0
Steve Goodrich,30,24.0,0.8,26.0,0.8666666666666667,11.0,0.36666666666666664,0.2111,0.03333333333333333,0.1,8.095238095238095,3.0,3.0,11.0
Steve Green,153,705.0,4.607843137254902,300.0,1.9607843137254901,97.0,0.6339869281045751,0.363281045751634,0.0,0.3264640522875817,10.679738562091503,48.0,11.0,11.0
Steve Hamer,40,76.0,1.9,60.0,1.5,7.0,0.175,0.3179,0.0,0.15,7.142857142857143,2.0,4.0,13.0
Steve Hamilton,92,400.0,4.3478260869565215,113.0,1.2282608695652173,6.0,0.06521739130434782,0.11841304347826087,0.0,0.41900000000000004,1.2826086956521738,0.0,0.0,0.0
Steve Harris,231,1507.0,6.523809523809524,382.0,1.6536796536796536,245.0,1.0606060606060606,0.34331168831168835,0.004329004329004329,0.38485714285714284,13.047619047619047,124.0,32.0,177.0
Steve Hawes,720,6003.0,8.3375,4274.0,5.936111111111111,1292.0,1.7944444444444445,0.4326805555555556,0.015740277777777777,0.45248888888888883,21.755555555555556,271.0,209.0,523.0
Steve Hayes,213,549.0,2.5774647887323945,524.0,2.460093896713615,86.0,0.40375586854460094,0.37391079812206574,0.0,0.16158215962441316,10.741784037558686,24.0,93.0,68.0
Steve Henson,264,764.0,2.893939393939394,183.0,0.6931818181818182,473.0,1.7916666666666667,0.28252651515151517,0.22850757575757577,0.21306818181818182,9.610655737704919,93.0,2.0,183.0
Steve Johnson,642,7521.0,11.714953271028037,3505.0,5.459501557632398,788.0,1.2274143302180685,0.5430591900311527,0.0,0.4956760124610592,21.59968847352025,289.0,533.0,1358.0
Steve Jones,64,414.0,6.46875,75.0,1.171875,63.0,0.984375,0.39534375,0.0,0.38871875,12.796875,17.0,6.0,0.0
Steve Kerr,1145,5990.0,5.2314410480349345,1170.0,1.0218340611353711,1814.0,1.5842794759825327,0.3785624454148472,0.28231965065502185,0.28723842794759824,17.30539499036609,539.0,49.0,545.0
Steve Kuberski,618,3403.0,5.506472491909385,2199.0,3.558252427184466,343.0,0.5550161812297735,0.3451326860841424,0.0,0.3838414239482201,12.784789644012944,19.0,11.0,0.0
Steve Lingenfelter,10,10.0,1.0,16.0,1.6,5.0,0.5,0.2667,0.0,0.0,6.7,0.0,0.0,4.0
Steve Malovic,39,80.0,2.051282051282051,86.0,2.2051282051282053,26.0,0.6666666666666666,0.4371794871794872,0.0,0.1773076923076923,11.41025641025641,6.0,5.0,14.0
Steve Mix,876,8998.0,10.271689497716896,4261.0,4.864155251141552,1481.0,1.6906392694063928,0.4508470319634703,0.007420091324200913,0.6024760273972602,21.60958904109589,359.0,97.0,248.0
Steve Nash,1553,20085.0,12.933032839665165,4239.0,2.7295556986477787,11871.0,7.643915003219575,0.4285756600128783,0.34045267224726333,0.6164075981970379,30.727095170454547,1012.0,126.0,4044.0
Steve Novak,776,2557.0,3.295103092783505,719.0,0.9265463917525774,146.0,0.18814432989690721,0.24087113402061855,0.21891623711340205,0.083965206185567,11.745387453874539,102.0,45.0,99.0
Steve Patterson,349,1552.0,4.446991404011461,1505.0,4.312320916905444,391.0,1.1203438395415473,0.2980429799426934,0.0,0.21779083094555873,13.283667621776504,42.0,37.0,0.0
Steve Scheffler,194,349.0,1.7989690721649485,200.0,1.0309278350515463,29.0,0.14948453608247422,0.3365824742268041,0.005154639175257732,0.22336597938144329,5.020725388601036,34.0,8.0,35.0
Steve Sheppard,106,367.0,3.4622641509433962,178.0,1.679245283018868,55.0,0.5188679245283019,0.3438018867924528,0.0,0.19981132075471697,7.952830188679245,17.0,2.0,32.0
Steve Stipanovich,407,5378.0,13.213759213759214,3161.0,7.766584766584766,941.0,2.312039312039312,0.4728058968058968,0.016953316953316953,0.6601179361179361,31.3022113022113,416.0,384.0,779.0
Steven Adams,968,7948.0,8.244813278008298,7298.0,7.570539419087137,1324.0,1.3734439834024896,0.5363869294605809,0.002074688796680498,0.3695446058091286,25.080886214442014,738.0,837.0,1281.0
Steven Barber,4,13.0,3.25,1.0,0.25,2.0,0.5,0.26025,0.0,0.5,8.75,1.0,0.0,3.0
Steven Gray,2,3.0,1.5,0.0,0.0,0.0,0.0,0.0835,0.1665,0.0,4.0,0.0,0.0,0.0
Steven Hill,10,5.0,0.5,5.0,0.5,0.0,0.0,0.1,0.0,0.15,7.25,1.0,2.0,2.0
Steven Hunter,607,2029.0,3.342668863261944,1404.0,2.313014827018122,87.0,0.14332784184514002,0.3340065897858319,0.0,0.2039522240527183,14.35412026726058,58.0,470.0,287.0
Steven Smith,1164,14831.0,12.741408934707904,3347.0,2.875429553264605,3122.0,2.6821305841924397,0.37400171821305844,0.27345103092783507,0.6119621993127148,29.995238095238093,807.0,304.0,1855.0
Stevin Smith,11,14.0,1.2727272727272727,10.0,0.9090909090909091,4.0,0.36363636363636365,0.18836363636363637,0.09090909090909091,0.09090909090909091,7.125,1.0,0.0,4.0
Stewart Granger,80,317.0,3.9625,78.0,0.975,173.0,2.1625,0.37205,0.025,0.313125,12.45,33.0,1.0,91.0
Stojko Vrankovic,226,477.0,2.1106194690265485,519.0,2.2964601769911503,60.0,0.26548672566371684,0.30354424778761063,0.0,0.16131858407079647,11.578034682080926,22.0,179.0,133.0
Stromile Swift,676,4854.0,7.180473372781065,2670.0,3.9497041420118344,292.0,0.4319526627218935,0.3892914201183432,0.0029585798816568047,0.42352958579881655,19.195121951219512,374.0,709.0,730.0
Stu Lantz,559,6948.0,12.429338103756708,1713.0,3.0644007155635062,1453.0,2.599284436493739,0.3661323792486583,0.0,0.690449016100179,20.905187835420392,58.0,10.0,0.0
Stuart Gray,393,912.0,2.3206106870229006,1035.0,2.633587786259542,148.0,0.37659033078880405,0.3285623409669211,0.0,0.21533842239185752,8.86259541984733,66.0,133.0,243.0
Sun Sun,1,0.0,0.0,0.0,0.0,2.0,2.0,0.0,0.0,0.0,11.0,1.0,1.0,5.0
Sunday Dech,4,17.0,5.666666666666667,9.0,3.0,2.0,0.6666666666666666,0.26933333333333337,0.389,0.0,,0.0,1.0,3.0
Sundiata Gaines,168,552.0,3.2857142857142856,184.0,1.0952380952380953,223.0,1.3273809523809523,0.26774404761904763,0.14761309523809524,0.21283333333333335,10.777777777777779,89.0,4.0,100.0
Svi Mykhailiuk,659,2879.0,4.395419847328244,774.0,1.1816793893129771,594.0,0.9068702290076336,0.2420076335877863,0.2052793893129771,0.1517587786259542,16.37713603818616,223.0,38.0,367.0
Swen Nater,507,6001.0,11.83629191321499,5325.0,10.502958579881657,943.0,1.8599605522682445,0.5188658777120315,0.0019723865877712033,0.5287633136094675,27.25838264299803,219.0,199.0,833.0
Sylven Landesberg,2,37.0,18.5,13.0,6.5,4.0,2.0,0.5,0.5415,0.5,,3.0,0.0,2.0
Sylvester Gray,55,440.0,8.0,286.0,5.2,117.0,2.1272727272727274,0.39732727272727275,0.01818181818181818,0.5020727272727273,22.181818181818183,36.0,25.0,102.0
Sylvester Norris,17,40.0,2.3529411764705883,44.0,2.588235294117647,6.0,0.35294117647058826,0.4166470588235294,0.0,0.11764705882352941,11.117647058823529,3.0,12.0,7.0
T.J. Ford,540,5410.0,10.018518518518519,1472.0,2.725925925925926,2774.0,5.137037037037037,0.38174444444444444,0.16428518518518517,0.5401481481481482,26.889583333333334,566.0,59.0,1193.0
T.J. Leaf,275,567.0,2.076923076923077,333.0,1.2197802197802199,49.0,0.1794871794871795,0.2388131868131868,0.0829047619047619,0.08223443223443223,8.335403726708075,28.0,32.0,38.0
T.J. McConnell,912,6746.0,7.4131868131868135,2493.0,2.7395604395604396,4282.0,4.705494505494506,0.47803186813186815,0.1496813186813187,0.2539010989010989,19.9846091954023,1015.0,155.0,1337.0
T.J. Warren,514,5943.0,11.63013698630137,1663.0,3.2544031311154598,497.0,0.9726027397260274,0.3905851272015656,0.18220547945205479,0.38357142857142856,25.817189695550354,388.0,196.0,408.0
T.J. Williams,5,4.0,0.8,2.0,0.4,0.0,0.0,0.1,0.0,0.0,9.333333333333334,2.0,1.0,2.0
T.R. Dunn,1069,5298.0,4.956033676333021,4687.0,4.384471468662301,1734.0,1.6220767072029934,0.3935060804490178,0.0009354536950420954,0.31733769878391016,23.116931711880262,1385.0,261.0,862.0
TJ Cummings,1,4.0,4.0,1.0,1.0,1.0,1.0,0.333,0.0,0.0,17.0,1.0,0.0,2.0
Tacko Fall,119,125.0,1.0683760683760684,118.0,1.0085470085470085,9.0,0.07692307692307693,0.2218034188034188,0.0,0.0641025641025641,6.183673469387755,7.0,37.0,24.0
Taelon Peter,55,211.0,3.8363636363636364,77.0,1.4,53.0,0.9636363636363636,0.2233090909090909,0.2033090909090909,0.09243636363636364,13.495116279069766,31.0,6.0,32.0
Taevion Kinsey,8,0.0,0.0,2.0,0.2857142857142857,1.0,0.14285714285714285,0.0,0.0,0.0,4.073333333333333,0.0,0.0,0.0
Tahjere McCall,7,20.0,2.857142857142857,9.0,1.2857142857142858,6.0,0.8571428571428571,0.28214285714285714,0.14285714285714285,0.35714285714285715,6.75,1.0,0.0,9.0
Tai Wesley,2,28.0,14.0,11.0,5.5,6.0,3.0,0.396,0.2,0.45,,3.0,0.0,2.0
Taj Gibson,1308,9694.0,7.428352490421456,6488.0,4.971647509578544,1048.0,0.8030651340996169,0.4418490421455939,0.03143065134099617,0.38552796934865896,22.317777777777778,600.0,1100.0,1209.0
Taj McCullough,2,6.0,3.0,0.0,0.0,0.0,0.0,0.5,0.0,0.0,9.5,0.0,0.0,1.0
Talen Horton-Tucker,430,3149.0,7.323255813953488,906.0,2.1069767441860465,915.0,2.127906976744186,0.30384186046511624,0.18467906976744186,0.3573558139534884,19.019101796407185,268.0,115.0,476.0
Talib Zanna,13,39.0,3.0,41.0,3.1538461538461537,2.0,0.15384615384615385,0.34869230769230763,0.0,0.41023076923076923,13.2,4.0,5.0,7.0
Talvin Skinner,160,735.0,4.59375,661.0,4.13125,171.0,1.06875,0.33387500000000003,0.0,0.27161875,19.38125,51.0,12.0,0.0
Tamar Bates,6,5.0,0.8333333333333334,0.0,0.0,1.0,0.16666666666666666,0.0555,0.0,0.25,5.09,2.0,0.0,1.0
Tamar Slay,150,205.0,1.3666666666666667,82.0,0.5466666666666666,31.0,0.20666666666666667,0.14200000000000002,0.06610666666666667,0.05722,6.2560975609756095,32.0,4.0,49.0
Tang Hamilton,16,22.0,1.375,19.0,1.1875,5.0,0.3125,0.203125,0.0,0.0,9.8,4.0,0.0,2.0
Tang Zihao,4,2.0,2.0,0.0,0.0,0.0,0.0,1.0,0.0,0.0,,0.0,0.0,0.0
Tanner Krebs,2,6.0,3.0,4.0,2.0,2.0,1.0,0.1,0.1665,0.0,24.695,2.0,1.0,0.0
Taran Armstrong,8,6.0,0.75,0.0,0.0,8.0,1.0,0.05,0.0,0.125,,3.0,0.0,6.0
Tarence Kinsey,193,629.0,3.2590673575129534,199.0,1.0310880829015545,68.0,0.35233160621761656,0.21435751295336788,0.07073056994818652,0.21704145077720208,11.514285714285714,85.0,3.0,96.0
Tari Eason,273,2566.0,9.3992673992674,1525.0,5.586080586080586,319.0,1.1684981684981686,0.40916117216117215,0.2853369963369964,0.38154945054945055,23.17508843537415,332.0,158.0,300.0
Tarik Black,345,1203.0,3.497093023255814,1137.0,3.3052325581395348,119.0,0.34593023255813954,0.3361482558139535,0.00436046511627907,0.2192267441860465,14.398373983739837,99.0,123.0,193.0
Tariq Abdul-Wahad,317,1908.0,6.018927444794953,829.0,2.6151419558359623,281.0,0.886435331230284,0.29697791798107254,0.04258359621451104,0.332608832807571,19.366533864541832,192.0,87.0,314.0
Tariq Owens,10,6.0,0.6,7.0,0.7,0.0,0.0,0.05,0.0,0.1,5.6,2.0,2.0,1.0
Tate Armstrong,92,350.0,3.8043478260869565,86.0,0.9347826086956522,82.0,0.8913043478260869,0.3747608695652174,0.0,0.15760869565217392,8.478260869565217,14.0,0.0,17.0
Tate George,183,755.0,4.1256830601092895,183.0,1.0,339.0,1.8524590163934427,0.3445136612021858,0.00546448087431694,0.28869945355191257,11.39344262295082,80.0,12.0,162.0
Taurean Green,59,64.0,1.0847457627118644,20.0,0.3389830508474576,23.0,0.3898305084745763,0.09598305084745763,0.08616949152542372,0.08050847457627118,6.826086956521739,7.0,0.0,17.0
Taurean Prince,723,6577.0,9.134722222222223,2377.0,3.301388888888889,1131.0,1.5708333333333333,0.3965888888888889,0.3356625,0.3715958333333333,23.73920353982301,552.0,248.0,909.0
Taylor Braun,3,4.0,2.0,0.0,0.0,0.0,0.0,0.0,0.0,1.0,0.0,0.0,0.0,0.0
Taylor Funk,2,11.0,5.5,5.0,2.5,2.0,1.0,0.3395,0.2145,0.0,8.969999999999999,0.0,0.0,1.0
Taylor Griffin,43,25.0,0.5813953488372093,18.0,0.4186046511627907,3.0,0.06976744186046512,0.1189767441860465,0.0,0.08139534883720931,6.5625,2.0,5.0,4.0
Taylor Hendricks,145,855.0,5.896551724137931,480.0,3.310344827586207,105.0,0.7241379310344828,0.3484758620689655,0.26860689655172415,0.23242068965517243,20.039739130434786,93.0,69.0,96.0
Tayshaun Prince,1309,13376.0,10.226299694189603,5252.0,4.015290519877676,2879.0,2.2010703363914375,0.40017278287461777,0.2436032110091743,0.41649770642201833,30.425081433224754,708.0,606.0,1307.0
Taze Moore,19,26.0,1.368421052631579,18.0,0.9473684210526315,7.0,0.3684210526315789,0.1744736842105263,0.02368421052631579,0.05263157894736842,8.76125,4.0,0.0,6.0
Tazé Moore,1,0.0,0.0,0.0,0.0,0.0,0.0,0.0,0.0,0.0,,0.0,0.0,0.0
Ted Luckenbill,82,198.0,2.4146341463414633,167.0,2.0365853658536586,29.0,0.35365853658536583,0.25741463414634147,0.0,0.2604878048780488,3.707317073170732,0.0,0.0,0.0
Ted Manakas,5,12.0,2.4,3.0,0.6,2.0,0.4,0.35,0.0,0.4,7.0,0.0,0.0,0.0
"Ted, Hound Dog McClain",203,1151.0,5.669950738916256,448.0,2.206896551724138,579.0,2.852216748768473,0.40355172413793106,0.0,0.3664039408866995,18.448275862068964,167.0,20.0,105.0
Tellis Frank,264,1710.0,6.4772727272727275,1022.0,3.871212121212121,276.0,1.0454545454545454,0.35393939393939394,0.0,0.4508333333333333,17.818181818181817,158.0,95.0,326.0
Terance Mann,580,4299.0,7.424870466321243,1879.0,3.245250431778929,1075.0,1.8566493955094991,0.42554404145077723,0.2925993091537133,0.363,21.432654545454543,303.0,124.0,445.0
Terence Davis,307,2086.0,6.7947882736156355,709.0,2.3094462540716614,354.0,1.1530944625407167,0.31164495114006513,0.2512964169381107,0.24152768729641694,15.486381322957198,174.0,54.0,265.0
Terence Morris,206,534.0,2.592233009708738,417.0,2.0242718446601944,105.0,0.5097087378640777,0.25999514563106796,0.06174271844660194,0.1003252427184466,13.817567567567568,39.0,53.0,98.0
Terence Stansbury,192,1200.0,6.25,277.0,1.4427083333333333,390.0,2.03125,0.3889375,0.060234375,0.41044791666666663,15.541666666666666,117.0,19.0,248.0
Terquavion Smith,32,66.0,2.0625,5.0,0.15625,14.0,0.4375,0.1560625,0.147875,0.046875,5.157894736842105,10.0,1.0,8.0
Terran Petteway,6,5.0,0.8333333333333334,1.0,0.16666666666666666,4.0,0.6666666666666666,0.3333333333333333,0.16666666666666666,0.0,6.666666666666667,1.0,0.0,2.0
Terrance Ferguson,285,998.0,3.5390070921985815,293.0,1.0390070921985815,156.0,0.5531914893617021,0.26218794326241135,0.18682624113475177,0.11264893617021277,18.76233183856502,103.0,44.0,107.0
Terrance Roberson,12,0.0,0.0,1.0,0.08333333333333333,1.0,0.08333333333333333,0.0,0.0,0.0,3.6666666666666665,0.0,0.0,2.0
Terrel Harris,103,158.0,1.5339805825242718,102.0,0.9902912621359223,48.0,0.46601941747572817,0.12298058252427184,0.061805825242718444,0.1383495145631068,10.818181818181818,19.0,7.0,58.0
Terrell Brandon,786,10413.0,13.248091603053435,2300.0,2.926208651399491,4581.0,5.82824427480916,0.4252010178117049,0.2039885496183206,0.6080407124681934,29.269633507853403,1177.0,236.0,1489.0
Terrence Jones,383,2989.0,7.804177545691906,1637.0,4.274151436031332,302.0,0.7885117493472585,0.33399738903394255,0.13415665796344647,0.34659268929503917,23.303135888501743,191.0,315.0,280.0
Terrence Rencher,36,106.0,2.9444444444444446,44.0,1.2222222222222223,54.0,1.5,0.2866111111111111,0.2013888888888889,0.2315277777777778,11.25,16.0,2.0,43.0
Terrence Ross,909,8924.0,9.849889624724062,2273.0,2.5088300220750552,1025.0,1.1313465783664458,0.3589194260485651,0.2962604856512141,0.3408918322295806,23.489156626506023,675.0,265.0,803.0
Terrence Shannon Jr.,149,616.0,4.134228187919463,160.0,1.0738255033557047,117.0,0.785234899328859,0.24059731543624158,0.14800671140939597,0.2466711409395973,12.804789644012946,36.0,6.0,67.0
Terrence Williams,244,1301.0,5.331967213114754,639.0,2.6188524590163933,430.0,1.7622950819672132,0.26604098360655737,0.13079508196721312,0.27248770491803276,19.062146892655367,99.0,28.0,280.0
Terrico White,7,20.0,2.857142857142857,13.0,1.8571428571428572,5.0,0.7142857142857143,0.05957142857142857,0.07614285714285715,0.21428571428571427,6.25,1.0,1.0,6.0
Terry Catledge,534,6699.0,12.544943820224718,3420.0,6.404494382022472,466.0,0.8726591760299626,0.46538951310861426,0.0056179775280898875,0.5238052434456929,26.174157303370787,295.0,108.0,906.0
Terry Crosby,4,6.0,1.5,1.0,0.25,7.0,1.75,0.25,0.0,0.25,7.0,0.0,0.0,3.0
Terry Cummings,1303,21126.0,16.213353798925557,9375.0,7.194934765924789,2363.0,1.8135072908672294,0.46437298541826555,0.024302379125095933,0.5570030698388334,28.4199535962877,1325.0,711.0,2316.0
Terry Davis,505,3061.0,6.061386138613861,2887.0,5.716831683168317,273.0,0.5405940594059406,0.4002079207920792,0.004455445544554455,0.36531485148514853,21.472916666666666,183.0,149.0,517.0
Terry Dehere,428,3235.0,7.558411214953271,589.0,1.3761682242990654,1034.0,2.4158878504672896,0.35191822429906544,0.247838785046729,0.435911214953271,17.88118811881188,213.0,36.0,618.0
Terry Dischinger,660,9074.0,13.748484848484848,2641.0,4.001515151515152,706.0,1.0696969696969696,0.3626,0.0,0.6307999999999999,14.283333333333333,0.0,0.0,0.0
Terry Dozier,9,22.0,2.4444444444444446,15.0,1.6666666666666667,3.0,0.3333333333333333,0.3194444444444444,0.0,0.1111111111111111,10.11111111111111,6.0,2.0,7.0
Terry Driscoll,261,1034.0,3.9616858237547894,948.0,3.632183908045977,176.0,0.6743295019157088,0.31135632183908046,0.0,0.2692873563218391,11.164750957854405,3.0,13.0,0.0
Terry Duerod,153,969.0,6.333333333333333,155.0,1.0130718954248366,168.0,1.0980392156862746,0.40310457516339865,0.08605228758169935,0.19552287581699346,12.77124183006536,41.0,7.0,64.0
Terry Furlow,255,2734.0,10.72156862745098,542.0,2.1254901960784314,565.0,2.215686274509804,0.4031450980392157,0.03914901960784314,0.5576078431372549,19.458823529411763,98.0,52.0,286.0
Terry Henderson,5,8.0,1.6,4.0,0.8,2.0,0.4,0.1,0.1666,0.2,19.0,1.0,3.0,2.0
Terry Larrier,3,11.0,3.6666666666666665,1.0,0.3333333333333333,0.0,0.0,0.19033333333333333,0.19999999999999998,0.0,4.0,0.0,0.0,2.0
Terry Mills,736,7306.0,9.92663043478261,3753.0,5.099184782608695,911.0,1.2377717391304348,0.3953627717391305,0.2040149456521739,0.3928532608695652,24.058992805755395,407.0,298.0,865.0
Terry Porter,1406,17414.0,12.385490753911807,4243.0,3.0177809388335706,7784.0,5.536273115220483,0.4463641536273115,0.3005881934566145,0.617398293029872,27.94349070100143,1725.0,195.0,2902.0
Terry Rozier,846,10298.0,12.201421800947868,2955.0,3.501184834123223,2642.0,3.1303317535545023,0.3517950236966825,0.2847334123222749,0.4542511848341232,26.612108036890646,701.0,191.0,990.0
Terry Taylor,211,491.0,2.3270142180094786,292.0,1.3838862559241707,77.0,0.36492890995260663,0.22845497630331754,0.054104265402843604,0.09881990521327014,11.413063063063062,25.0,17.0,48.0
Terry Teagle,732,8477.0,11.580601092896174,1903.0,2.599726775956284,998.0,1.3633879781420766,0.4314521857923497,0.03187568306010929,0.5326748633879782,21.043715846994534,542.0,136.0,1039.0
Terry Thomas,32,77.0,2.40625,37.0,1.15625,3.0,0.09375,0.2546875,0.0,0.19684375,4.4375,4.0,1.0,0.0
Terry Tyler,888,9021.0,10.158783783783784,4689.0,5.280405405405405,1033.0,1.1632882882882882,0.4700968468468469,0.009009009009009009,0.4315765765765766,24.58445945945946,532.0,1059.0,728.0
Tevian Jones,4,0.0,0.0,0.0,0.0,0.0,0.0,0.0,0.0,0.0,4.0,0.0,0.0,1.0
Thabo Sefolosha,1131,5849.0,5.180690876882196,3761.0,3.3312666076173607,1422.0,1.2595217006200177,0.36777856510186,0.22551372896368466,0.2669202834366696,21.03112840466926,1072.0,418.0,903.0
Thaddeus Young,1458,15538.0,10.664378860672615,7329.0,5.030199039121483,2348.0,1.6115305422100206,0.4422992450240219,0.15023266986959508,0.3431379547014413,27.34456355283308,1781.0,495.0,1830.0
Thales McReynolds,5,3.0,0.6,6.0,1.2,0.0,0.0,0.05,0.0,0.1,2.8,0.0,0.0,0.0
Thanasis Antetokounmpo,513,656.0,1.28125,420.0,0.8203125,159.0,0.310546875,0.165775390625,0.01165234375,0.0798828125,6.817887323943662,84.0,56.0,139.0
Tharon Mayes,24,99.0,4.125,16.0,0.6666666666666666,35.0,1.4583333333333333,0.30391666666666667,0.263875,0.34608333333333335,10.625,16.0,2.0,31.0
Theo Maledon,233,1432.0,6.145922746781116,514.0,2.2060085836909873,536.0,2.300429184549356,0.2724334763948498,0.2121587982832618,0.35118884120171673,20.679347826086957,134.0,35.0,289.0
Theo Pinson,306,404.0,1.3245901639344262,198.0,0.6491803278688525,169.0,0.5540983606557377,0.08536065573770492,0.06362622950819671,0.09617377049180327,8.388489208633093,45.0,11.0,83.0
Theo Ratliff,1034,6138.0,5.9361702127659575,4910.0,4.748549323017408,499.0,0.4825918762088975,0.38805705996131523,0.0,0.3897117988394584,24.17191011235955,423.0,2094.0,1071.0
Theodoros Giannakopoulos,1,6.0,6.0,4.0,4.0,2.0,2.0,0.5,0.0,0.0,19.03,0.0,0.0,0.0
Theron Smith,69,193.0,2.7971014492753623,181.0,2.6231884057971016,41.0,0.5942028985507246,0.25917391304347825,0.08695652173913043,0.15604347826086956,12.39655172413793,12.0,11.0,47.0
Thomas Barr,31,61.0,1.967741935483871,20.0,0.6451612903225806,18.0,0.5806451612903226,0.3133870967741935,0.0,0.19893548387096774,3.5483870967741935,0.0,0.0,0.0
Thomas Bryant,639,3716.0,5.833594976452119,2128.0,3.340659340659341,416.0,0.6530612244897959,0.37185714285714283,0.167276295133438,0.32357927786499213,15.717971014492752,153.0,283.0,318.0
Thomas Eddleman,185,2041.0,11.032432432432433,5.0,0.02702702702702703,22.0,0.11891891891891893,0.03854054054054054,0.0,0.5183675675675675,0.6432432432432432,0.0,0.0,0.0
Thomas Gardner,51,115.0,2.2549019607843137,19.0,0.37254901960784315,10.0,0.19607843137254902,0.18805882352941175,0.1422156862745098,0.08823529411764706,7.914285714285715,9.0,2.0,14.0
Thomas Hamilton,40,107.0,2.675,112.0,2.8,16.0,0.4,0.23172500000000001,0.0,0.17709999999999998,10.06060606060606,4.0,23.0,37.0
Thomas Jordan,4,44.0,11.0,19.0,4.75,3.0,0.75,0.41675,0.0,0.38125,26.5,3.0,5.0,12.0
Thomas Kelati,5,8.0,1.6,6.0,1.2,0.0,0.0,0.1666,0.0,0.2,6.0,0.0,0.0,3.0
Thomas Klepeisz,1,9.0,9.0,1.0,1.0,4.0,4.0,0.429,0.5,0.0,,1.0,0.0,0.0
Thomas Robinson,447,1731.0,3.8986486486486487,1703.0,3.8355855855855854,213.0,0.4797297297297297,0.3275923423423423,0.0,0.21345945945945946,13.008498583569406,187.0,129.0,355.0
Thomas Sanders,1047,9904.0,9.459407831900668,5102.0,4.872970391595033,841.0,0.8032473734479465,0.324738299904489,0.0,0.5760678127984719,15.860553963705826,0.0,0.0,0.0
Thomas Sorber,1,0.0,0.0,0.0,0.0,0.0,0.0,0.0,0.0,0.0,0.0,0.0,0.0,0.0
Thomas Walkup,5,0.0,0.0,2.0,0.4,0.0,0.0,0.0,0.0,0.0,1.25,1.0,0.0,2.0
Thomas Welsh,35,20.0,0.625,7.0,0.21875,6.0,0.1875,0.08215625,0.04375,0.015625,3.8461538461538463,1.0,0.0,1.0
Thomas Wilson,16,17.0,1.0625,16.0,1.0,12.0,0.75,0.1770625,0.0,0.0729375,8.9375,2.0,0.0,8.0
Thon Maker,356,1372.0,3.8647887323943664,841.0,2.369014084507042,198.0,0.5577464788732395,0.3266,0.1616732394366197,0.2871718309859155,13.795918367346939,108.0,204.0,170.0
Thurl Bailey,998,12763.0,12.788577154308618,5098.0,5.108216432865731,1397.0,1.3997995991983967,0.4627775551102204,0.003006012024048096,0.599689378757515,27.037111334002006,464.0,1167.0,1548.0
Tiago Splitter,496,3330.0,6.713709677419355,2140.0,4.314516129032258,531.0,1.0705645161290323,0.47219354838709676,0.0026875,0.450616935483871,18.556818181818183,248.0,247.0,468.0
Tian Yuchen,1,0.0,,0.0,,0.0,,,,,,0.0,0.0,0.0
Tianyi Yao,2,3.0,1.5,1.0,0.5,1.0,0.5,0.25,0.25,0.0,,0.0,0.0,1.0
Tianyo Yao,1,3.0,3.0,0.0,0.0,0.0,0.0,0.5,0.5,0.0,,0.0,0.0,0.0
Tibor Pleiss,43,38.0,0.8837209302325582,33.0,0.7674418604651163,2.0,0.046511627906976744,0.12313953488372092,0.0,0.06976744186046512,7.555555555555555,1.0,3.0,14.0
Tidjane Salaun,118,662.0,5.610169491525424,494.0,4.186440677966102,114.0,0.9661016949152542,0.3391779661016949,0.28427118644067795,0.27577118644067794,19.030654205607476,48.0,25.0,107.0
Tierre Brown,187,602.0,3.2192513368983957,176.0,0.9411764705882353,289.0,1.5454545454545454,0.23286096256684494,0.09509625668449198,0.19437433155080214,11.887323943661972,68.0,5.0,156.0
Tim Bassett,240,1398.0,5.825,1469.0,6.120833333333334,281.0,1.1708333333333334,0.36752916666666663,0.0,0.31664166666666665,22.675,98.0,53.0,73.0
Tim Bond,1,0.0,0.0,0.0,0.0,0.0,0.0,0.0,0.0,0.0,,0.0,0.0,0.0
Tim Breaux,105,299.0,2.8476190476190477,96.0,0.9142857142857143,41.0,0.3904761904761905,0.23876190476190476,0.11095238095238096,0.17593333333333333,9.186274509803921,24.0,13.0,47.0
Tim Duncan,1768,32476.0,18.368778280542987,18479.0,10.451923076923077,5131.0,2.9021493212669682,0.491737556561086,0.019796380090497737,0.6385079185520363,33.46166374781086,1230.0,3650.0,4139.0
Tim Frazier,469,1573.0,3.3683083511777303,730.0,1.563169164882227,1264.0,2.7066381156316917,0.23442184154175588,0.1530663811563169,0.19518415417558885,16.41721212121212,209.0,27.0,425.0
Tim Hardaway,947,16334.0,17.248152059134107,3030.0,3.1995776135163676,7485.0,7.903907074973601,0.407090813093981,0.31121647307286165,0.620220696937698,35.115675675675675,1517.0,138.0,2654.0
Tim Hardaway Jr.,1055,13398.0,12.73574144486692,2822.0,2.682509505703422,1739.0,1.653041825095057,0.383819391634981,0.32550855513307986,0.5145351711026617,26.333201058201055,593.0,134.0,945.0
Tim James,78,68.0,0.8717948717948718,46.0,0.5897435897435898,11.0,0.14102564102564102,0.1346025641025641,0.01282051282051282,0.08974358974358974,5.627906976744186,2.0,9.0,13.0
Tim Jr.,1,21.0,21.0,3.0,3.0,0.0,0.0,0.421,0.357,0.0,,2.0,0.0,1.0
Tim Kempton,308,1303.0,4.23051948051948,816.0,2.6493506493506493,319.0,1.0357142857142858,0.37612337662337664,0.0,0.34106493506493507,13.524475524475525,124.0,44.0,295.0
Tim Legler,337,2183.0,6.4777448071216615,482.0,1.4302670623145401,404.0,1.198813056379822,0.3554480712166172,0.23970623145400596,0.3946913946587537,16.70926517571885,149.0,41.0,194.0
Tim McCormick,498,4089.0,8.210843373493976,2422.0,4.863453815261044,497.0,0.9979919678714859,0.48777510040160643,0.002008032128514056,0.49130923694779116,21.30722891566265,144.0,191.0,624.0
Tim Ohlbrecht,15,5.0,0.3333333333333333,4.0,0.26666666666666666,1.0,0.06666666666666667,0.1,0.0,0.06666666666666667,5.5,2.0,0.0,6.0
Tim Perry,504,3420.0,6.785714285714286,1973.0,3.9146825396825395,449.0,0.8908730158730159,0.42702182539682537,0.07807738095238095,0.33775,19.321428571428573,229.0,427.0,511.0
Tim Pickett,4,9.0,2.25,3.0,0.75,0.0,0.0,0.08325,0.08325,0.25,3.6666666666666665,1.0,1.0,3.0
Tim Quarterman,52,44.0,0.8627450980392157,19.0,0.37254901960784315,16.0,0.3137254901960784,0.17445098039215687,0.11568627450980393,0.0196078431372549,4.391304347826087,3.0,3.0,16.0
Tim Thomas,991,10362.0,10.456104944500504,3726.0,3.7598385469223006,1361.0,1.3733602421796165,0.39063773965691223,0.29338345105953584,0.48145812310797176,25.408938547486034,653.0,336.0,1304.0
Tim Young,50,54.0,1.08,35.0,0.7,5.0,0.1,0.12264,0.0,0.20332,5.12,2.0,1.0,9.0
Timmy Allen,5,13.0,2.6,17.0,3.4,5.0,1.0,0.25,0.0,0.1,24.8,4.0,0.0,2.0
Timofey Mozgov,730,3671.0,5.042582417582418,2633.0,3.616758241758242,309.0,0.42445054945054944,0.35759615384615384,0.013964285714285716,0.31690247252747256,17.602587800369687,174.0,471.0,656.0
Timothe Luwawu-Cabarrot,480,2180.0,4.579831932773109,756.0,1.588235294117647,333.0,0.6995798319327731,0.25925000000000004,0.20172689075630254,0.2743676470588235,15.441734417344174,148.0,44.0,269.0
Tito Horford,65,95.0,1.4615384615384615,84.0,1.2923076923076924,5.0,0.07692307692307693,0.19601538461538462,0.0,0.16538461538461538,5.815384615384615,7.0,26.0,30.0
Tito Maddox,29,11.0,0.3793103448275862,7.0,0.2413793103448276,5.0,0.1724137931034483,0.04596551724137931,0.0,0.08620689655172414,3.3333333333333335,3.0,1.0,3.0
Tiwian Kendley,5,6.0,2.0,1.0,0.3333333333333333,4.0,1.3333333333333333,0.04766666666666666,0.06666666666666667,0.25,4.0,0.0,0.0,1.0
Tobias Harris,1265,18598.0,14.71360759493671,7305.0,5.779272151898734,2793.0,2.2096518987341773,0.4375340189873418,0.3015981012658228,0.6085854430379747,30.999971607041456,954.0,650.0,1612.0
Tobias Jensen,1,5.0,5.0,0.0,0.0,0.0,0.0,0.667,0.5,0.0,,0.0,0.0,1.0
Toby Bailey,110,245.0,2.227272727272727,128.0,1.1636363636363636,45.0,0.4090909090909091,0.2174090909090909,0.022727272727272728,0.18030909090909092,8.679487179487179,22.0,6.0,35.0
Toby Kimball,585,3540.0,6.051282051282051,3465.0,5.923076923076923,488.0,0.8341880341880342,0.34933675213675214,0.0,0.36144102564102565,12.005128205128205,4.0,5.0,0.0
Toby Knight,289,3656.0,12.650519031141869,1454.0,5.031141868512111,337.0,1.166089965397924,0.4832560553633218,0.0,0.4447889273356402,25.463667820069205,107.0,98.0,161.0
Toby Okani,6,60.0,10.0,21.0,3.5,6.0,1.0,0.3403333333333333,0.26733333333333337,0.041666666666666664,35.90833333333334,4.0,3.0,3.0
Tod Murphy,191,1049.0,5.492146596858639,941.0,4.9267015706806285,183.0,0.9581151832460733,0.3962565445026178,0.05634031413612565,0.3626492146596859,21.31413612565445,113.0,88.0,112.0
Todd Blanchfield,1,11.0,11.0,11.0,11.0,1.0,1.0,0.308,0.125,1.0,,1.0,0.0,1.0
Todd Day,511,5961.0,11.66536203522505,1660.0,3.24853228962818,718.0,1.4050880626223092,0.37414285714285717,0.2899412915851272,0.5277299412915851,24.815415821501013,537.0,292.0,721.0
Todd Fuller,361,859.0,2.3795013850415514,702.0,1.9445983379501386,46.0,0.12742382271468145,0.2379529085872576,0.0,0.18081717451523546,10.570212765957447,34.0,62.0,151.0
Todd Lichti,240,1914.0,7.975,523.0,2.1791666666666667,334.0,1.3916666666666666,0.4269625,0.04819166666666667,0.4888875,17.958333333333332,180.0,45.0,262.0
Todd MacCulloch,328,1556.0,4.7439024390243905,1030.0,3.1402439024390243,139.0,0.42378048780487804,0.3782591463414634,0.0,0.25378048780487805,14.338345864661655,66.0,207.0,181.0
Todd Mitchell,24,123.0,5.125,50.0,2.0833333333333335,21.0,0.875,0.3702083333333333,0.0,0.41250000000000003,14.708333333333334,16.0,2.0,33.0
Todd Mundt,33,37.0,1.121212121212121,28.0,0.8484848484848485,3.0,0.09090909090909091,0.3100909090909091,0.0,0.07575757575757576,4.575757575757576,2.0,5.0,3.0
Todd Withers,5,0.0,0.0,0.0,0.0,0.0,0.0,0.0,0.0,0.0,3.0,0.0,0.0,2.0
Togo Palazzi,347,2501.0,7.207492795389049,546.0,1.5734870317002883,111.0,0.31988472622478387,0.1803544668587896,0.0,0.4859913544668588,4.394812680115273,0.0,0.0,0.0
Tohi Smith-Milner,5,21.0,4.2,14.0,2.8,5.0,1.0,0.3734,0.15,0.4366,,2.0,0.0,4.0
Tolu Smith,75,101.0,1.3466666666666667,86.0,1.1466666666666667,18.0,0.24,0.1688,0.0,0.08357333333333333,8.174691358024692,5.0,8.0,16.0
Tom Abercrombie,5,21.0,4.2,19.0,3.8,2.0,0.4,0.2366,0.13340000000000002,0.45,,7.0,5.0,3.0
Tom Abernethy,332,1847.0,5.563253012048193,1051.0,3.1656626506024095,407.0,1.2259036144578312,0.41921385542168677,0.0,0.34286746987951805,17.066265060240966,149.0,55.0,123.0
Tom Barker,98,639.0,6.520408163265306,499.0,5.091836734693878,69.0,0.7040816326530612,0.3689795918367347,0.0,0.3794183673469388,17.56122448979592,22.0,26.0,21.0
Tom Black,71,299.0,4.211267605633803,259.0,3.647887323943662,44.0,0.6197183098591549,0.3221971830985916,0.0,0.3300985915492958,11.56338028169014,0.0,0.0,0.0
Tom Boerwinkle,671,4849.0,7.226527570789866,5597.0,8.341281669150522,1906.0,2.84053651266766,0.39015499254843516,0.0,0.41134724292101343,18.57377049180328,45.0,62.0,7.0
Tom Boswell,387,2907.0,7.511627906976744,1752.0,4.5271317829457365,611.0,1.578811369509044,0.45229974160206715,0.0103359173126615,0.44689147286821707,18.74418604651163,92.0,99.0,342.0
Tom Brennan,11,10.0,0.9090909090909091,0.0,0.0,0.0,0.0,0.13636363636363635,0.0,0.0,0.5454545454545454,0.0,0.0,0.0
Tom Burleson,461,4501.0,9.76355748373102,2942.0,6.38177874186551,622.0,1.349240780911063,0.41953145336225595,0.0,0.5470086767895879,21.644251626898047,191.0,420.0,94.0
Tom Chambers,1228,21745.0,17.707654723127035,7275.0,5.9242671009771986,2469.0,2.010586319218241,0.4455610749185668,0.11481758957654724,0.7022214983713355,30.42845394736842,900.0,689.0,2717.0
Tom Copa,33,48.0,1.4545454545454546,36.0,1.0909090909090908,3.0,0.09090909090909091,0.401,0.0,0.0706969696969697,4.0,2.0,6.0,8.0
Tom Fullarton,1,0.0,0.0,0.0,0.0,0.0,0.0,0.0,0.0,0.0,,0.0,0.0,1.0
Tom Garlepp,1,0.0,0.0,0.0,0.0,0.0,0.0,0.0,0.0,0.0,,0.0,0.0,1.0
Tom Garrick,251,1359.0,5.414342629482071,501.0,1.99601593625498,853.0,3.398406374501992,0.40372908366533866,0.013944223107569721,0.3419083665338645,18.796812749003983,266.0,22.0,343.0
Tom Gola,741,8335.0,11.248313090418353,5372.0,7.24966261808367,2651.0,3.5775978407557356,0.3659203778677463,0.0,0.6698731443994601,8.364372469635628,0.0,0.0,0.0
Tom Gugliotta,895,10043.0,11.22122905027933,5665.0,6.329608938547486,2171.0,2.4256983240223464,0.3752391061452514,0.11746592178770951,0.4632368715083799,30.42747111681643,1103.0,503.0,1763.0
Tom Hammonds,755,3686.0,4.882119205298014,2287.0,3.029139072847682,383.0,0.5072847682119205,0.3717721854304636,0.0,0.3317933774834437,14.85593220338983,167.0,139.0,539.0
Tom Hawkins,861,7441.0,8.642276422764228,4325.0,5.023228803716608,497.0,0.5772357723577236,0.3590592334494773,0.0,0.45502555168408826,7.62137049941928,0.0,0.0,0.0
Tom Heinsohn,762,14274.0,18.73228346456693,4661.0,6.116797900262467,915.0,1.2007874015748032,0.2839855643044619,0.0,0.7436128608923885,16.29265091863517,0.0,0.0,0.0
Tom Henderson,730,6789.0,9.3,1614.0,2.210958904109589,3447.0,4.721917808219178,0.40436301369863015,0.0,0.49943424657534247,25.638356164383563,438.0,43.0,379.0
Tom Hoover,103,354.0,3.436893203883495,276.0,2.679611650485437,35.0,0.33980582524271846,0.19556310679611652,0.0,0.3383883495145631,4.747572815533981,0.0,0.0,0.0
Tom Hovasse,2,0.0,0.0,0.0,0.0,0.0,0.0,0.0,0.0,0.0,2.0,1.0,0.0,0.0
Tom Ingelsby,48,129.0,2.6875,36.0,0.75,30.0,0.625,0.17433333333333334,0.0,0.2535,5.8125,3.0,0.0,0.0
Tom Jervis,1,13.0,13.0,6.0,6.0,1.0,1.0,0.429,0.0,0.5,,0.0,1.0,3.0
Tom Kelly,8,55.0,6.875,0.0,0.0,0.0,0.0,0.0,0.0,0.34375,0.0,0.0,0.0,0.0
Tom Koppens,1,0.0,0.0,1.0,1.0,1.0,1.0,0.0,0.0,0.0,4.41,0.0,0.0,0.0
Tom Kozelko,214,446.0,2.0841121495327104,363.0,1.6962616822429906,103.0,0.48130841121495327,0.30175700934579436,0.0,0.18380373831775704,9.214953271028037,21.0,5.0,0.0
Tom Kron,185,1193.0,6.448648648648649,598.0,3.2324324324324323,512.0,2.7675675675675677,0.32976216216216214,0.0,0.5208972972972973,13.864864864864865,0.0,0.0,0.0
Tom Kropp,80,196.0,2.45,62.0,0.775,41.0,0.5125,0.24625,0.0,0.1263875,5.8,8.0,1.0,0.0
Tom LaGarde,335,2444.0,7.295522388059702,1651.0,4.928358208955224,475.0,1.4179104477611941,0.4170955223880597,0.0,0.43463582089552244,19.20597014925373,65.0,101.0,519.0
Tom Marshall,170,973.0,5.723529411764706,120.0,0.7058823529411765,23.0,0.13529411764705881,0.07765882352941177,0.0,0.4836882352941177,2.1,0.0,0.0,0.0
Tom McMillen,754,6055.0,8.03050397877984,2955.0,3.919098143236074,790.0,1.0477453580901857,0.43197214854111404,0.003978779840848806,0.457157824933687,19.632625994694962,107.0,156.0,450.0
Tom Meschery,818,10545.0,12.89119804400978,7019.0,8.580684596577017,1400.0,1.7114914425427872,0.43358190709046457,0.0,0.6552493887530563,25.882640586797066,0.0,0.0,0.0
Tom Owens,504,5771.0,11.450396825396826,3084.0,6.119047619047619,1011.0,2.005952380952381,0.46379960317460317,0.003968253968253968,0.5585634920634921,23.359126984126984,208.0,250.0,818.0
Tom Payne,30,123.0,4.1,71.0,2.3666666666666667,14.0,0.4666666666666667,0.38530000000000003,0.0,0.3655666666666667,7.033333333333333,0.0,0.0,0.0
Tom Piotrowski,18,30.0,1.6666666666666667,16.0,0.8888888888888888,5.0,0.2777777777777778,0.23888888888888887,0.0,0.16666666666666666,4.333333333333333,1.0,3.0,6.0
Tom Riker,83,227.0,2.7349397590361444,140.0,1.6867469879518073,23.0,0.27710843373493976,0.29534939759036144,0.0,0.24451807228915665,7.108433734939759,7.0,0.0,0.0
Tom Scheffler,42,59.0,1.4047619047619047,81.0,1.9285714285714286,11.0,0.2619047619047619,0.20833333333333334,0.0,0.1488095238095238,6.619047619047619,11.0,11.0,15.0
Tom Sewell,21,20.0,0.9523809523809523,4.0,0.19047619047619047,6.0,0.2857142857142857,0.1261904761904762,0.0,0.047619047619047616,4.142857142857143,3.0,1.0,7.0
Tom Sluby,31,73.0,2.3548387096774195,12.0,0.3870967741935484,15.0,0.4838709677419355,0.3956451612903226,0.0,0.1666774193548387,4.870967741935484,3.0,0.0,11.0
Tom Stith,25,77.0,3.08,10.0,0.4,1.0,0.04,0.0818,0.0,0.08,0.76,0.0,0.0,0.0
Tom Thacker,251,779.0,3.103585657370518,553.0,2.2031872509960158,164.0,0.6533864541832669,0.29478884462151395,0.0,0.1932948207171315,4.824701195219124,0.0,0.0,0.0
Tom Tolbert,314,2038.0,6.490445859872612,1257.0,4.003184713375796,289.0,0.9203821656050956,0.4186847133757962,0.08651910828025479,0.430547770700637,18.254777070063696,118.0,111.0,351.0
Tom Van Arsdale,931,14238.0,15.293233082706767,3579.0,3.8442534908700323,1640.0,1.761546723952739,0.3725875402792696,0.0,0.648812030075188,20.778732545649838,81.0,4.0,0.0
Tom Vodanovich,2,8.0,4.0,4.0,2.0,0.0,0.0,0.5,0.5,0.0,,0.0,0.0,2.0
Tom Wilson,2,18.0,9.0,1.0,0.5,7.0,3.5,0.5835,0.6665,0.75,16.775,0.0,0.0,1.0
Tom Workman,44,109.0,2.477272727272727,45.0,1.0227272727272727,4.0,0.09090909090909091,0.30009090909090913,0.0,0.2556818181818182,3.8181818181818183,0.0,0.0,0.0
Tomas Satoransky,492,2835.0,5.785714285714286,1205.0,2.4591836734693877,1674.0,3.416326530612245,0.37840204081632656,0.2111142857142857,0.3358551020408163,21.03764705882353,330.0,62.0,558.0
Tomer Bar-Even,4,0.0,0.0,0.0,0.0,2.0,0.5,0.0,0.0,0.0,,0.0,0.0,0.0
Tomer Jervis,2,6.0,3.0,7.0,3.5,2.0,1.0,0.325,0.0,0.0,,2.0,0.0,8.0
Tomer Wilson,1,5.0,5.0,1.0,1.0,0.0,0.0,0.286,0.2,0.0,,0.0,0.0,0.0
Tommy Byrnes,59,347.0,5.88135593220339,0.0,0.0,1.0,0.01694915254237288,0.01883050847457627,0.0,0.2904406779661017,0.0,0.0,0.0,0.0
Tommy Green,58,232.0,4.0,69.0,1.1896551724137931,134.0,2.310344827586207,0.35670689655172416,0.0,0.3092931034482759,13.39655172413793,32.0,4.0,28.0
Tommy Kearns,1,2.0,2.0,0.0,0.0,0.0,0.0,1.0,0.0,0.0,7.0,0.0,0.0,0.0
Tommy Kuhse,3,12.0,4.0,1.0,0.3333333333333333,3.0,1.0,0.262,0.111,0.3333333333333333,8.5,1.0,0.0,0.0
Tommy Mitchell,1,0.0,0.0,0.0,0.0,2.0,2.0,0.0,0.0,0.0,5.0,0.0,0.0,1.0
Tommy Patterson,26,56.0,2.1538461538461537,22.0,0.8461538461538461,5.0,0.19230769230769232,0.3819615384615385,0.0,0.22688461538461538,3.269230769230769,0.0,0.0,0.0
Tommy Smith,10,37.0,3.7,27.0,2.7,9.0,0.9,0.4617,0.0,0.32080000000000003,8.2,6.0,2.0,8.0
Toney Douglas,570,3327.0,5.836842105263158,981.0,1.7210526315789474,998.0,1.750877192982456,0.27242105263157895,0.20485263157894737,0.27421228070175435,18.204035874439462,390.0,32.0,464.0
Toni Kukoc,1029,10925.0,10.617103984450923,3975.0,3.8629737609329444,3458.0,3.360544217687075,0.39547424684159377,0.24780174927113702,0.4916841593780369,25.85235602094241,917.0,321.0,1700.0
Tony Allen,1116,7753.0,6.953363228699551,3357.0,3.0107623318385652,1261.0,1.1309417040358745,0.3970071748878924,0.08759282511210761,0.4145336322869955,21.053752535496958,1371.0,398.0,1341.0
Tony Battie,1080,5420.0,5.018518518518518,4581.0,4.241666666666666,554.0,0.512962962962963,0.38349722222222227,0.010648148148148148,0.2822074074074074,20.26673984632272,441.0,778.0,740.0
Tony Bennett,160,568.0,3.55,164.0,1.025,316.0,1.975,0.35144375,0.19915,0.11718124999999999,12.325,71.0,2.0,98.0
Tony Bland,1,0.0,0.0,0.0,0.0,0.0,0.0,0.0,0.0,0.0,5.0,0.0,0.0,0.0
Tony Bobbitt,23,41.0,1.7826086956521738,14.0,0.6086956521739131,12.0,0.5217391304347826,0.16504347826086957,0.08695652173913043,0.043478260869565216,10.2,4.0,0.0,3.0
Tony Bradley,460,1196.0,2.611353711790393,1029.0,2.2467248908296944,137.0,0.29912663755458513,0.31960043668122273,0.024017467248908297,0.15822489082969432,10.133937198067633,56.0,131.0,150.0
Tony Brown,377,2195.0,5.822281167108753,777.0,2.061007957559682,572.0,1.5172413793103448,0.3559893899204244,0.06140583554376657,0.35461007957559676,16.278514588859416,238.0,40.0,393.0
Tony Campbell,728,8150.0,11.195054945054945,2154.0,2.958791208791209,1034.0,1.4203296703296704,0.4242939560439561,0.0600054945054945,0.5071771978021978,21.274725274725274,590.0,158.0,1104.0
Tony Carr,2,0.0,0.0,0.0,0.0,0.0,0.0,0.0,0.0,0.0,,0.0,0.0,0.0
Tony Dawson,6,17.0,2.8333333333333335,5.0,0.8333333333333334,1.0,0.16666666666666666,0.488,0.22216666666666665,0.16666666666666666,5.0,0.0,0.0,3.0
Tony Delk,757,5367.0,7.0898282694848085,1496.0,1.976221928665786,1105.0,1.4597093791281375,0.2985772787318362,0.20053896961690884,0.3167529722589168,20.808013355592653,482.0,86.0,621.0
Tony Dumas,172,1140.0,6.627906976744186,198.0,1.1511627906976745,186.0,1.0813953488372092,0.30925,0.1781279069767442,0.34028488372093024,14.153846153846153,65.0,19.0,148.0
Tony Farmer,140,532.0,3.8,327.0,2.335714285714286,79.0,0.5642857142857143,0.22349285714285716,0.04452142857142857,0.40039285714285716,13.05940594059406,76.0,20.0,91.0
Tony Fuller,15,60.0,4.0,42.0,2.8,28.0,1.8666666666666667,0.34786666666666666,0.0,0.3611333333333333,16.533333333333335,3.0,1.0,3.0
Tony Gaffney,14,35.0,2.5,32.0,2.2857142857142856,4.0,0.2857142857142857,0.344,0.07142857142857142,0.25,9.285714285714286,4.0,6.0,5.0
Tony Harris,14,68.0,4.857142857142857,11.0,0.7857142857142857,8.0,0.5714285714285714,0.2664285714285714,0.15478571428571428,0.5951428571428572,10.5,5.0,0.0,10.0
Tony Jackson,2,2.0,1.0,2.0,1.0,2.0,1.0,0.5,0.0,0.0,7.0,2.0,0.0,0.0
Tony Jaros,107,433.0,4.046728971962617,0.0,0.0,3.0,0.028037383177570093,0.019,0.0,0.41625233644859816,0.0,0.0,0.0,0.0
Tony Kappen,3,14.0,4.666666666666667,0.0,0.0,0.0,0.0,0.0,0.0,0.3333333333333333,0.0,0.0,0.0,0.0
Tony Lavelli,57,359.0,6.298245614035087,1.0,0.017543859649122806,7.0,0.12280701754385964,0.0760877192982456,0.0,0.5692631578947368,0.0,0.0,0.0,0.0
Tony Massenburg,852,4312.0,5.061032863849765,3017.0,3.541079812206573,269.0,0.31572769953051644,0.3325469483568075,0.0011737089201877935,0.3412593896713615,17.256373937677054,263.0,332.0,692.0
Tony Mitchell,102,57.0,0.5588235294117647,55.0,0.5392156862745098,8.0,0.0784313725490196,0.09149019607843138,0.0196078431372549,0.049019607843137254,5.162162162162162,8.0,8.0,9.0
Tony Parker,1625,24237.0,14.933456561922366,4205.0,2.5908810844115835,8455.0,5.209488601355514,0.44762353666050525,0.18036906962415278,0.567392483056069,30.143354880413703,1294.0,120.0,3602.0
Tony Price,5,4.0,0.8,0.0,0.0,3.0,0.6,0.1666,0.0,0.0,5.8,2.0,1.0,2.0
Tony Robertson,77,414.0,5.376623376623376,81.0,1.051948051948052,105.0,1.3636363636363635,0.3582077922077922,0.0,0.20863636363636365,12.662337662337663,40.0,2.0,31.0
Tony Smith,501,2591.0,5.171656686626746,756.0,1.5089820359281436,903.0,1.8023952095808384,0.3548822355289421,0.1034191616766467,0.2580698602794411,15.50206611570248,330.0,80.0,463.0
Tony Snell,795,4057.0,5.116015132408575,1531.0,1.9306431273644389,739.0,0.9319041614123581,0.32544388398486757,0.2719344262295082,0.17023581336696092,20.559766763848398,296.0,156.0,369.0
Tony White,49,261.0,5.326530612244898,31.0,0.6326530612244898,59.0,1.2040816326530612,0.34832653061224494,0.0,0.32142857142857145,11.857142857142858,20.0,2.0,47.0
Tony Windis,9,36.0,4.0,22.0,2.4444444444444446,13.0,1.4444444444444444,0.13844444444444445,0.0,0.3333333333333333,2.7777777777777777,0.0,0.0,0.0
Tony Wroten,229,1806.0,7.88646288209607,419.0,1.8296943231441047,500.0,2.183406113537118,0.26550218340611353,0.100882096069869,0.3695458515283843,20.047337278106507,164.0,31.0,434.0
Tony Zeno,8,14.0,1.75,14.0,1.75,1.0,0.125,0.18125,0.0,0.125,7.375,3.0,2.0,4.0
Toree Morris,4,6.0,1.5,5.0,1.25,0.0,0.0,0.75,0.0,0.0,5.5,0.0,1.0,1.0
Torgeir Bryn,3,4.0,1.3333333333333333,2.0,0.6666666666666666,0.0,0.0,0.0,0.0,0.22233333333333336,3.3333333333333335,2.0,1.0,1.0
Torian Graham,2,0.0,0.0,0.0,0.0,0.0,0.0,0.0,0.0,0.0,,0.0,0.0,0.0
Tornike Shengelia,103,73.0,0.7087378640776699,46.0,0.44660194174757284,21.0,0.20388349514563106,0.10148543689320388,0.019417475728155338,0.054194174757281555,5.708333333333333,9.0,3.0,25.0
Torraye Braggs,37,46.0,1.2432432432432432,51.0,1.3783783783783783,7.0,0.1891891891891892,0.25854054054054054,0.0,0.09010810810810811,7.2727272727272725,4.0,2.0,15.0
Torrell Martin,2,4.0,2.0,2.0,1.0,1.0,0.5,0.75,0.0,0.0,3.5,0.0,0.0,0.0
Torrey Craig,685,3201.0,4.686676427525622,2146.0,3.1420204978038067,558.0,0.8169838945827232,0.32268814055636896,0.23503660322108347,0.16115226939970717,18.273714788732395,277.0,292.0,350.0
Tosan Evbuomwan,81,396.0,4.888888888888889,200.0,2.4691358024691357,76.0,0.9382716049382716,0.30449382716049384,0.20349382716049383,0.2870493827160494,18.038524590163934,32.0,17.0,52.0
Toumani Camara,255,2651.0,10.39607843137255,1287.0,5.047058823529412,490.0,1.9215686274509804,0.42878039215686276,0.3258509803921569,0.40961176470588234,29.909726775956283,300.0,129.0,359.0
Toure' Murry,122,226.0,1.8524590163934427,72.0,0.5901639344262295,64.0,0.5245901639344263,0.2069344262295082,0.03989344262295082,0.1386639344262295,7.956521739130435,24.0,1.0,55.0
Tracy Jackson,129,694.0,5.37984496124031,240.0,1.8604651162790697,132.0,1.0232558139534884,0.42840310077519383,0.015503875968992248,0.37909302325581395,13.837209302325581,46.0,13.0,53.0
Tracy McGrady,1120,19880.0,17.75,5650.0,5.044642857142857,4490.0,4.008928571428571,0.37259107142857145,0.22588303571428572,0.5543160714285714,31.961848574237955,1226.0,867.0,2213.0
Tracy Moore,140,833.0,5.95,183.0,1.3071428571428572,121.0,0.8642857142857143,0.3134214285714286,0.22272857142857141,0.39815,14.436974789915967,62.0,8.0,98.0
Tracy Murray,771,6012.0,7.797665369649805,1661.0,2.154345006485084,514.0,0.6666666666666666,0.3298119325551232,0.2667769130998703,0.3622879377431907,17.96711509715994,368.0,163.0,606.0
Trae Young,599,13811.0,23.17281879194631,1912.0,3.208053691275168,5367.0,9.00503355704698,0.4013633748801534,0.31117785234899326,0.7769765100671141,33.30172597864769,584.0,87.0,2338.0
Trajan Langdon,166,674.0,4.0602409638554215,165.0,0.9939759036144579,159.0,0.9578313253012049,0.271210843373494,0.20784939759036145,0.299,14.284552845528456,56.0,15.0,102.0
Travis Best,816,5854.0,7.174019607843137,1381.0,1.6924019607843137,2630.0,3.2230392156862746,0.3942291666666667,0.18517156862745096,0.4564031862745098,20.678249678249678,711.0,68.0,1013.0
Travis Diener,298,979.0,3.285234899328859,279.0,0.9362416107382551,486.0,1.6308724832214765,0.22718791946308725,0.1978255033557047,0.136748322147651,14.72,88.0,9.0,120.0
Travis Grant,39,139.0,3.5641025641025643,53.0,1.358974358974359,7.0,0.1794871794871795,0.38058974358974357,0.0,0.21794871794871795,4.205128205128205,0.0,0.0,0.0
Travis Hansen,76,123.0,1.618421052631579,70.0,0.9210526315789473,19.0,0.25,0.1422763157894737,0.07017105263157895,0.09868421052631579,11.975609756097562,10.0,9.0,15.0
Travis II,1,0.0,,0.0,,0.0,,,,,,0.0,0.0,0.0
Travis Knight,554,1316.0,2.375451263537906,1189.0,2.1462093862815883,228.0,0.41155234657039713,0.222043321299639,0.011911552346570398,0.1468249097472924,11.36591478696742,140.0,226.0,255.0
Travis Leslie,39,30.0,0.7692307692307693,24.0,0.6153846153846154,10.0,0.2564102564102564,0.08448717948717949,0.0,0.05128205128205128,5.142857142857143,5.0,4.0,5.0
Travis Mays,116,1277.0,11.008620689655173,234.0,2.0172413793103448,326.0,2.810344827586207,0.3732241379310345,0.27061206896551726,0.4836206896551724,25.724137931034484,102.0,14.0,213.0
Travis Outlaw,853,5823.0,6.826494724501758,2184.0,2.560375146541618,560.0,0.6565064478311841,0.3063259085580305,0.16736107854630716,0.33983118405627194,20.4768115942029,390.0,425.0,577.0
Travis Trice,1,20.0,20.0,8.0,8.0,5.0,5.0,0.533,1.0,0.6,,1.0,0.0,5.0
Travis Trice II,5,4.0,0.8,1.0,0.2,2.0,0.4,0.08,0.0,0.0,7.0,0.0,0.0,1.0
Travis Wear,118,316.0,2.747826086956522,168.0,1.4608695652173913,53.0,0.4608695652173913,0.23520000000000002,0.10024347826086957,0.1040608695652174,12.371794871794872,22.0,18.0,47.0
Travis Williams,85,156.0,1.8352941176470587,116.0,1.3647058823529412,22.0,0.25882352941176473,0.2574941176470588,0.0,0.13289411764705883,8.294117647058824,21.0,7.0,36.0
Trayce Jackson-Davis,274,1281.0,4.675182481751825,907.0,3.31021897810219,257.0,0.9379562043795621,0.43351824817518253,0.0036496350364963502,0.24682846715328466,13.62827044025157,80.0,160.0,134.0
Trayvon Palmer,2,0.0,0.0,2.0,1.0,0.0,0.0,0.0,0.0,0.0,16.0,0.0,0.0,1.0
Tre Johnson,74,761.0,10.283783783783784,185.0,2.5,128.0,1.7297297297297298,0.3622297297297297,0.2975675675675676,0.42860810810810807,23.48984375,34.0,19.0,98.0
Tre Jones,436,3552.0,8.146788990825687,1090.0,2.5,1823.0,4.181192660550459,0.4152224770642202,0.1850756880733945,0.4339082568807339,21.9953125,363.0,49.0,432.0
Tre Kelley,14,37.0,2.642857142857143,8.0,0.5714285714285714,20.0,1.4285714285714286,0.19214285714285714,0.07142857142857142,0.23214285714285715,8.833333333333334,2.0,0.0,7.0
Tre Mann,335,2230.0,6.656716417910448,658.0,1.964179104477612,551.0,1.644776119402985,0.28196417910447763,0.23239402985074628,0.23894328358208958,18.747254901960783,179.0,41.0,314.0
Tre Scott,4,6.0,1.5,2.0,0.5,0.0,0.0,0.125,0.0,0.0,5.0,1.0,1.0,0.0
Tree Rollins,1249,6609.0,5.291433146517214,7118.0,5.698959167333867,676.0,0.5412329863891113,0.43806164931945557,0.0,0.316111289031225,20.399519615692554,407.0,2393.0,872.0
Tremaine Fowlkes,121,306.0,2.5289256198347108,231.0,1.9090909090909092,54.0,0.4462809917355372,0.25673553719008263,0.028925619834710745,0.25826446280991733,11.2,48.0,6.0,51.0
Tremont Waters,111,250.0,2.2522522522522523,58.0,0.5225225225225225,134.0,1.2072072072072073,0.1759279279279279,0.10944144144144144,0.13213513513513514,9.810344827586206,49.0,5.0,75.0
Trendon Watford,354,2135.0,6.031073446327683,997.0,2.8163841807909606,552.0,1.5593220338983051,0.42481638418079093,0.13865254237288135,0.348864406779661,16.575680751173707,131.0,95.0,346.0
Trent Forrest,271,474.0,1.7490774907749078,251.0,0.9261992619926199,313.0,1.154981549815498,0.20868265682656825,0.02644280442804428,0.123,11.107142857142858,67.0,18.0,116.0
Trent Lockett,2,4.0,2.0,2.0,1.0,1.0,0.5,0.75,0.0,0.0,2.5,0.0,0.0,0.0
Trent Plaisted,5,6.0,1.2,7.0,1.4,0.0,0.0,0.33340000000000003,0.0,0.0,7.4,1.0,0.0,1.0
Trent Tucker,822,6601.0,8.030413625304137,1614.0,1.9635036496350364,1632.0,1.9854014598540146,0.43545863746958635,0.27625912408759123,0.2472384428223844,20.356447688564476,706.0,91.0,611.0
Trenton Hassell,783,4057.0,5.1813537675606645,1950.0,2.4904214559386975,1236.0,1.578544061302682,0.36092975734355043,0.06579438058748403,0.27972669220945084,24.565714285714286,308.0,294.0,662.0
Trentyn Flowers,27,25.0,0.9259259259259259,8.0,0.2962962962962963,1.0,0.037037037037037035,0.07077777777777777,0.037037037037037035,0.1111111111111111,5.302222222222222,0.0,1.0,2.0
Trevelin Queen,119,322.0,2.7058823529411766,129.0,1.084033613445378,79.0,0.6638655462184874,0.18210084033613447,0.10092436974789916,0.1841764705882353,10.899324324324324,56.0,25.0,57.0
Treveon Graham,302,828.0,2.750830564784053,440.0,1.4617940199335548,161.0,0.5348837209302325,0.213,0.16044186046511627,0.16400996677740862,15.436548223350254,94.0,19.0,92.0
Trevion Williams,2,5.0,2.5,7.0,3.5,2.0,1.0,0.6665,0.0,0.5,5.0,0.0,0.0,1.0
Trevon Bluiett,12,0.0,0.0,0.0,0.0,0.0,0.0,0.0,0.0,0.0,4.333333333333333,1.0,0.0,1.0
Trevon Duval,12,5.0,0.45454545454545453,1.0,0.09090909090909091,2.0,0.18181818181818182,0.13636363636363635,0.09090909090909091,0.0,1.3333333333333333,0.0,0.0,0.0
Trevon Scott,6,48.0,8.0,31.0,5.166666666666667,10.0,1.6666666666666667,0.4246666666666667,0.3861666666666667,0.4166666666666667,30.223333333333333,8.0,5.0,4.0
Trevor Ariza,1456,13472.0,9.27185134205093,6227.0,4.2856159669649,2728.0,1.8774948382656573,0.36781417756366136,0.23816655196145903,0.4369883000688231,28.843438219493475,1886.0,397.0,1719.0
Trevor Booker,655,3957.0,6.041221374045802,3193.0,4.874809160305343,623.0,0.9511450381679389,0.42674045801526717,0.07277404580152672,0.2842656488549618,19.581632653061224,386.0,303.0,590.0
Trevor Hudgins,29,21.0,0.7241379310344828,3.0,0.10344827586206896,14.0,0.4827586206896552,0.0916551724137931,0.09975862068965516,0.034482758620689655,6.090909090909091,1.0,0.0,2.0
Trevor Keels,38,30.0,0.7894736842105263,9.0,0.23684210526315788,9.0,0.23684210526315788,0.06892105263157894,0.05921052631578947,0.05263157894736842,4.594117647058823,5.0,0.0,7.0
Trevor Ruffin,115,1021.0,8.878260869565217,158.0,1.373913043478261,319.0,2.773913043478261,0.3387391304347826,0.29297391304347825,0.37695652173913047,16.356521739130436,58.0,4.0,196.0
Trevor Wilson,103,591.0,5.737864077669903,353.0,3.4271844660194173,99.0,0.9611650485436893,0.39321359223300967,0.0,0.3339320388349515,15.62135922330097,50.0,14.0,117.0
Trevor Winter,1,0.0,0.0,3.0,3.0,0.0,0.0,0.0,0.0,0.0,4.0,0.0,0.0,0.0
Trey Alexander,81,115.0,1.4197530864197532,40.0,0.49382716049382713,34.0,0.41975308641975306,0.1350864197530864,0.0751111111111111,0.07406172839506173,7.860487804878048,13.0,4.0,17.0
Trey Burke,710,5284.0,7.484419263456091,977.0,1.3838526912181304,1667.0,2.361189801699717,0.2982124645892351,0.22307365439093485,0.2987662889518414,20.090415913200722,310.0,58.0,604.0
Trey Freeman,6,1.0,0.16666666666666666,0.0,0.0,2.0,0.3333333333333333,0.0,0.0,0.08333333333333333,3.0,1.0,0.0,0.0
Trey Gilder,13,30.0,2.3076923076923075,17.0,1.3076923076923077,2.0,0.15384615384615385,0.23530769230769233,0.11538461538461539,0.25,8.0,6.0,2.0,8.0
Trey Jemison III,126,322.0,2.5555555555555554,311.0,2.4682539682539684,61.0,0.48412698412698413,0.3130873015873016,0.0,0.15357142857142858,13.33,22.0,50.0,78.0
Trey Johnson,64,116.0,1.8125,38.0,0.59375,33.0,0.515625,0.232984375,0.015625,0.174484375,7.780487804878049,9.0,1.0,24.0
Trey Lewis,3,0.0,,0.0,,0.0,,,,,,0.0,0.0,0.0
Trey Lyles,791,5245.0,6.64765525982256,3039.0,3.8517110266159698,751.0,0.9518377693282636,0.3492484157160963,0.24553612167300382,0.337148288973384,17.815558739255014,279.0,239.0,556.0
Trey McKinney-Jones,10,3.0,0.3333333333333333,1.0,0.1111111111111111,1.0,0.1111111111111111,0.1111111111111111,0.0,0.05555555555555555,2.6666666666666665,0.0,0.0,1.0
Trey Murphy III,369,5187.0,14.05691056910569,1474.0,3.994579945799458,755.0,2.046070460704607,0.40352032520325204,0.3367669376693767,0.557119241192412,28.53612244897959,338.0,152.0,362.0
Trey Thompkins,79,72.0,0.9113924050632911,33.0,0.4177215189873418,3.0,0.0379746835443038,0.12755696202531647,0.06540506329113924,0.028481012658227847,5.230769230769231,4.0,3.0,6.0
Trhae Mitchell,1,0.0,0.0,0.0,0.0,0.0,0.0,0.0,0.0,0.0,5.16,0.0,0.0,0.0
Tristan Enaruna,28,47.0,1.6785714285714286,15.0,0.5357142857142857,7.0,0.25,0.19225,0.04167857142857143,0.10475,9.67909090909091,5.0,1.0,6.0
Tristan Thompson,1086,7886.0,7.268202764976959,7508.0,6.919815668202765,919.0,0.8470046082949308,0.44348940092165895,0.00476221198156682,0.3585207373271889,24.263550724637682,437.0,633.0,997.0
Tristan Vukcevic,131,891.0,6.801526717557252,321.0,2.450381679389313,112.0,0.8549618320610687,0.36712213740458016,0.21393129770992367,0.4122824427480916,13.592574257425742,40.0,63.0,124.0
Tristan da Silva,181,1396.0,7.712707182320442,579.0,3.1988950276243093,250.0,1.3812154696132597,0.3781744277821626,0.2847292817679558,0.3253259668508287,22.033176470588234,103.0,45.0,139.0
Tristen Newton,39,66.0,1.6923076923076923,24.0,0.6153846153846154,28.0,0.717948717948718,0.1382820512820513,0.08930769230769231,0.12735897435897436,8.454736842105264,12.0,0.0,20.0
Troy Bell,42,24.0,0.5714285714285714,10.0,0.23809523809523808,14.0,0.3333333333333333,0.054357142857142854,0.0,0.09523809523809523,5.6,2.0,2.0,12.0
Troy Brown Jr.,480,2344.0,4.903765690376569,1378.0,2.8828451882845187,551.0,1.1527196652719665,0.31178661087866105,0.22111087866108786,0.20410669456066946,18.197402597402597,254.0,43.0,259.0
Troy Caupain,23,32.0,1.4545454545454546,16.0,0.7272727272727273,11.0,0.5,0.1590909090909091,0.1590909090909091,0.09090909090909091,5.0,2.0,2.0,6.0
Troy Daniels,552,2519.0,4.58,521.0,0.9472727272727273,201.0,0.3654545454545455,0.25558909090909093,0.23936181818181818,0.12524545454545455,14.322916666666666,121.0,22.0,215.0
Troy Hudson,653,4976.0,7.6202143950995405,926.0,1.4180704441041347,1836.0,2.811638591117917,0.291676875957121,0.20531393568147013,0.39863552833078103,21.488073394495412,287.0,30.0,871.0
Troy Jr.,3,34.0,17.0,10.0,5.0,4.0,2.0,0.6905,0.375,0.409,,4.0,0.0,3.0
Troy Murphy,843,8144.0,9.660735468564651,5928.0,7.032028469750889,1125.0,1.3345195729537367,0.3807449584816133,0.21665954922894426,0.48430249110320284,26.538866930171277,492.0,302.0,930.0
Troy Williams,127,541.0,4.362903225806452,228.0,1.8387096774193548,57.0,0.4596774193548387,0.2754516129032258,0.15030645161290324,0.18393548387096775,15.195402298850574,69.0,25.0,71.0
Truck Robinson,848,12604.0,14.86320754716981,7765.0,9.15683962264151,1421.0,1.6757075471698113,0.45637146226415093,0.0011792452830188679,0.5250070754716981,31.50825471698113,418.0,384.0,1372.0
Tseng Wenting,1,3.0,3.0,2.0,2.0,3.0,3.0,0.25,0.333,0.0,,0.0,0.0,3.0
Tweety Carter,1,4.0,4.0,0.0,0.0,0.0,0.0,1.0,0.0,0.0,4.0,1.0,0.0,1.0
Ty Jerome,352,2566.0,7.2897727272727275,578.0,1.6420454545454546,840.0,2.3863636363636362,0.3364659090909091,0.25248295454545455,0.3407215909090909,17.885291970802918,202.0,30.0,298.0
Ty Lawson,711,7865.0,11.061884669479607,1705.0,2.39803094233474,3671.0,5.163150492264417,0.38551195499296764,0.24522925457102673,0.5142194092827005,28.195238095238096,726.0,61.0,1297.0
Ty-Shon Alexander,72,18.0,0.25,10.0,0.1388888888888889,8.0,0.1111111111111111,0.067125,0.041666666666666664,0.006944444444444444,3.3684210526315788,2.0,1.0,4.0
TyTy Washington Jr.,152,283.0,1.861842105263158,90.0,0.5921052631578947,110.0,0.7236842105263158,0.14525,0.0881842105263158,0.07895394736842105,9.516551724137932,34.0,6.0,34.0
Tyler Bey,58,29.0,0.5,25.0,0.43103448275862066,3.0,0.05172413793103448,0.08563793103448275,0.008620689655172414,0.06896551724137931,4.5,1.0,3.0,5.0
Tyler Burton,15,132.0,8.8,55.0,3.6666666666666665,12.0,0.8,0.3122,0.2522,0.4722,22.875,11.0,4.0,11.0
Tyler Cavanaugh,77,206.0,2.7466666666666666,136.0,1.8133333333333332,28.0,0.37333333333333335,0.22725333333333333,0.18709333333333333,0.14,10.054545454545455,10.0,5.0,16.0
Tyler Cook,127,276.0,2.173228346456693,186.0,1.4645669291338583,23.0,0.18110236220472442,0.27568503937007877,0.007874015748031496,0.15951181102362205,9.904109589041095,15.0,6.0,35.0
Tyler Davis,5,0.0,0.0,1.0,0.5,0.0,0.0,0.0,0.0,0.0,0.0,0.0,0.0,0.0
Tyler Dorsey,166,764.0,4.6871165644171775,272.0,1.6687116564417177,143.0,0.8773006134969326,0.23723312883435585,0.2223803680981595,0.2121963190184049,15.025641025641026,33.0,8.0,69.0
Tyler Ennis,314,863.0,2.748407643312102,277.0,0.8821656050955414,390.0,1.2420382165605095,0.2226751592356688,0.10780254777070064,0.12269745222929937,12.213930348258707,106.0,19.0,197.0
Tyler Hall,6,6.0,1.0,4.0,0.6666666666666666,1.0,0.16666666666666666,0.0555,0.0555,0.0,8.333333333333334,1.0,1.0,1.0
Tyler Hansbrough,572,3383.0,5.914335664335664,2150.0,3.7587412587412588,217.0,0.3793706293706294,0.344486013986014,0.008741258741258742,0.47536888111888115,16.49206349206349,244.0,103.0,391.0
Tyler Herro,548,8984.0,16.394160583941606,2313.0,4.220802919708029,1878.0,3.427007299270073,0.38234489051094894,0.311808394160584,0.5712153284671533,31.485305263157894,328.0,100.0,1050.0
Tyler Honeycutt,68,36.0,0.5294117647058824,29.0,0.4264705882352941,11.0,0.16176470588235295,0.07180882352941176,0.022058823529411766,0.04411764705882353,5.222222222222222,4.0,7.0,10.0
Tyler Johnson,512,3906.0,7.658823529411765,1174.0,2.3019607843137253,891.0,1.7470588235294118,0.3185313725490196,0.2586196078431373,0.3498392156862745,23.086206896551722,315.0,147.0,414.0
Tyler Kolek,207,485.0,2.342995169082126,159.0,0.7681159420289855,289.0,1.396135265700483,0.20707729468599034,0.1336425120772947,0.0950096618357488,9.89516129032258,42.0,10.0,86.0
Tyler Lydon,79,31.0,0.41333333333333333,25.0,0.3333333333333333,10.0,0.13333333333333333,0.11556,0.04889333333333333,0.013333333333333334,3.6666666666666665,6.0,1.0,5.0
Tyler Smith,76,144.0,1.894736842105263,82.0,1.0789473684210527,10.0,0.13157894736842105,0.1811578947368421,0.10847368421052632,0.07894736842105263,8.27767441860465,12.0,6.0,18.0
Tyler Ulis,183,1079.0,5.9944444444444445,248.0,1.3777777777777778,566.0,3.1444444444444444,0.28178333333333333,0.1509111111111111,0.29847222222222225,20.083333333333332,127.0,12.0,224.0
Tyler Wilkerson,2,4.0,2.0,3.0,1.5,0.0,0.0,0.75,0.0,0.0,3.5,1.0,0.0,0.0
Tyler Zeller,567,3222.0,5.702654867256637,2026.0,3.5858407079646017,416.0,0.736283185840708,0.3980424778761062,0.017699115044247787,0.36829734513274337,16.66949152542373,120.0,268.0,402.0
Tyreke Evans,722,9874.0,13.694868238557559,2903.0,4.026352288488211,3011.0,4.1761442441054095,0.3754327323162275,0.22439389736477117,0.5590083217753121,29.861852433281005,776.0,237.0,1599.0
Tyrell Harrison,1,0.0,0.0,0.0,0.0,0.0,0.0,0.0,0.0,0.0,,0.0,0.0,0.0
Tyrell Terry,35,22.0,0.6285714285714286,8.0,0.22857142857142856,9.0,0.2571428571428571,0.1462,0.009514285714285715,0.04285714285714286,5.125,6.0,0.0,4.0
Tyren Johnson,1,0.0,0.0,1.0,1.0,0.0,0.0,0.0,0.0,0.0,3.0,0.0,0.0,0.0
Tyrese Haliburton,395,6722.0,17.01772151898734,1469.0,3.7189873417721517,3356.0,8.49620253164557,0.45879746835443036,0.36607341772151897,0.5877924050632911,32.20033419023137,560.0,231.0,825.0
Tyrese Martin,209,905.0,4.330143540669856,383.0,1.832535885167464,218.0,1.0430622009569377,0.25277033492822965,0.1676267942583732,0.12998564593301437,16.795735294117645,67.0,20.0,129.0
Tyrese Maxey,503,9571.0,19.02783300198807,1487.0,2.956262425447316,2154.0,4.282306163021869,0.42487475149105364,0.309441351888668,0.668948310139165,32.03366809116809,489.0,188.0,734.0
Tyrese Proctor,94,314.0,3.3404255319148937,70.0,0.7446808510638298,89.0,0.9468085106382979,0.21485106382978725,0.1564787234042553,0.1879468085106383,10.524597701149425,27.0,0.0,46.0
Tyrese Samuel,4,0.0,0.0,0.0,0.0,0.0,0.0,0.0,0.0,0.0,,0.0,0.0,0.0
Tyrius Walker,2,0.0,,0.0,,0.0,,,,,,0.0,0.0,0.0
Tyrone Britt,11,28.0,2.5454545454545454,12.0,1.0909090909090908,6.0,0.5454545454545454,0.22572727272727275,0.0,0.13636363636363635,2.5454545454545454,0.0,0.0,0.0
Tyrone Corbin,1200,10447.0,8.705833333333333,5450.0,4.541666666666667,2008.0,1.6733333333333333,0.4026716666666667,0.0654825,0.45709249999999996,25.979039301310042,1308.0,286.0,1391.0
Tyrone Ellis,3,0.0,0.0,3.0,1.0,0.0,0.0,0.0,0.0,0.0,5.0,1.0,0.0,2.0
Tyrone Hill,955,8025.0,8.403141361256544,7310.0,7.654450261780105,678.0,0.7099476439790576,0.4438931937172775,0.0,0.47927958115183245,27.440639269406393,653.0,401.0,1320.0
Tyrone Nesby,276,2431.0,8.807971014492754,941.0,3.4094202898550723,370.0,1.3405797101449275,0.37372826086956523,0.2093695652173913,0.4469239130434783,25.63921568627451,264.0,93.0,269.0
Tyrone Wallace,163,639.0,3.9444444444444446,265.0,1.6358024691358024,146.0,0.9012345679012346,0.2750246913580247,0.06696913580246913,0.2218641975308642,14.75206611570248,66.0,26.0,113.0
Tyronn Lue,714,4905.0,6.869747899159663,979.0,1.3711484593837535,1811.0,2.5364145658263304,0.3428095238095238,0.25384173669467786,0.34421148459383755,21.499162479061976,305.0,11.0,694.0
Tyrus Thomas,554,3667.0,6.61913357400722,2271.0,4.09927797833935,399.0,0.720216606498195,0.3454025270758123,0.011732851985559567,0.4293790613718412,19.421166306695465,390.0,602.0,634.0
Tyshawn Taylor,117,237.0,2.0256410256410255,34.0,0.2905982905982906,78.0,0.6666666666666666,0.13809401709401709,0.04587179487179487,0.12393162393162394,8.557142857142857,28.0,1.0,71.0
Tyson Chandler,1507,10486.0,6.976713240186294,11474.0,7.634065202927478,1040.0,0.6919494344644045,0.497270126413839,0.0,0.41459946773120426,26.444835249042146,710.0,1471.0,1824.0
Tyson Etienne,54,250.0,4.62962962962963,39.0,0.7222222222222222,53.0,0.9814814814814815,0.2154074074074074,0.20635185185185187,0.2283888888888889,15.251944444444446,14.0,1.0,24.0
Tyson Walker,1,6.0,6.0,6.0,6.0,5.0,5.0,0.182,0.167,0.5,24.16,4.0,0.0,4.0
Tyson Wheeler,9,4.0,0.4444444444444444,0.0,0.0,2.0,0.2222222222222222,0.1111111111111111,0.1111111111111111,0.05555555555555555,3.0,0.0,0.0,0.0
Tyus Battle,2,0.0,0.0,0.0,0.0,0.0,0.0,0.0,0.0,0.0,,0.0,0.0,0.0
Tyus Edney,270,1780.0,6.592592592592593,405.0,1.5,924.0,3.422222222222222,0.3252407407407407,0.1122962962962963,0.49448888888888887,20.698275862068964,226.0,6.0,404.0
Tyus Jones,905,5938.0,6.583148558758315,1625.0,1.8015521064301552,3435.0,3.8082039911308203,0.36577050997782706,0.2582472283813747,0.2678536585365854,19.820883777239708,777.0,74.0,664.0
Udoka Azubuike,203,294.0,1.4482758620689655,288.0,1.4187192118226601,19.0,0.09359605911330049,0.22454679802955665,0.0,0.06527093596059114,8.610526315789473,11.0,46.0,47.0
Udonis Haslem,1794,7861.0,4.389168062534897,6963.0,3.8877721943048575,860.0,0.480178671133445,0.27069067560022336,0.0033104410943606923,0.2579251814628699,23.59208103130755,510.0,308.0,996.0
Ulrich Chomche,25,9.0,0.36,16.0,0.64,5.0,0.2,0.16,0.0,0.02,4.459090909090909,0.0,2.0,8.0
Uri Kokia,3,4.0,1.3333333333333333,15.0,5.0,1.0,0.3333333333333333,0.16666666666666666,0.0,0.3333333333333333,14.333333333333334,1.0,0.0,1.0
Uros Slokar,52,51.0,0.9807692307692307,26.0,0.5,3.0,0.057692307692307696,0.09709615384615386,0.038461538461538464,0.08653846153846154,4.130434782608695,1.0,2.0,12.0
Usman Garuba,151,291.0,1.9271523178807948,437.0,2.8940397350993377,88.0,0.5827814569536424,0.29782781456953644,0.1390728476821192,0.09133774834437086,10.991304347826087,58.0,48.0,64.0
Uwe Blab,241,516.0,2.141078838174274,419.0,1.7385892116182573,102.0,0.42323651452282157,0.2994066390041494,0.0,0.2345020746887967,8.265560165975105,20.0,86.0,144.0
V.J. Beachem,4,2.0,0.5,0.0,0.0,1.0,0.25,0.125,0.0,0.0,3.0,1.0,0.0,0.0
V.J. King,4,0.0,0.0,0.0,0.0,0.0,0.0,0.0,0.0,0.0,,0.0,0.0,0.0
VJ Edgecombe,92,1445.0,15.706521739130435,522.0,5.673913043478261,365.0,3.967391304347826,0.43667391304347825,0.3298695652173913,0.6475434782608696,34.40445652173913,126.0,44.0,164.0
Vander Blue,27,78.0,2.888888888888889,29.0,1.0740740740740742,20.0,0.7407407407407407,0.21896296296296297,0.06385185185185185,0.24385185185185185,12.25,12.0,1.0,14.0
Vashil Fernandez,3,3.0,1.0,1.0,0.3333333333333333,0.0,0.0,0.3333333333333333,0.0,0.16666666666666666,7.0,1.0,0.0,0.0
Vasilije Micic,164,730.0,4.451219512195122,193.0,1.1768292682926829,426.0,2.597560975609756,0.23791463414634148,0.14860975609756097,0.22822560975609757,18.83018348623853,49.0,7.0,200.0
Vassilis Spanoulis,95,125.0,1.3157894736842106,36.0,0.37894736842105264,53.0,0.5578947368421052,0.11153684210526316,0.03596842105263158,0.12497894736842105,10.307692307692308,15.0,2.0,58.0
Vern Fleming,930,10409.0,11.19247311827957,3098.0,3.3311827956989246,4407.0,4.7387096774193544,0.4738107526881721,0.031586021505376344,0.5810204301075269,27.39462365591398,948.0,112.0,1848.0
Vern Gardner,100,824.0,8.24,52.0,0.52,26.0,0.26,0.07888,0.0,0.6161800000000001,0.22,0.0,0.0,0.0
Vern Hatton,235,1270.0,5.404255319148936,439.0,1.8680851063829786,221.0,0.9404255319148936,0.25206808510638296,0.0,0.4146212765957447,3.1148936170212767,0.0,0.0,0.0
Vern Mikkelsen,692,9903.0,14.310693641618498,1078.0,1.5578034682080926,258.0,0.37283236994219654,0.16065173410404626,0.0,0.7583309248554914,3.117052023121387,0.0,0.0,0.0
Vernon Carey Jr.,130,91.0,0.7,68.0,0.5230769230769231,8.0,0.06153846153846154,0.08523846153846154,0.0038461538461538464,0.07467692307692309,4.826086956521739,6.0,12.0,16.0
Vernon Goodridge,1,2.0,2.0,0.0,0.0,0.0,0.0,0.5,0.0,0.0,5.0,0.0,0.0,0.0
Vernon Hamilton,9,3.0,0.3333333333333333,8.0,0.8888888888888888,6.0,0.6666666666666666,0.0,0.0,0.1388888888888889,5.111111111111111,3.0,0.0,3.0
Vernon Macklin,49,48.0,0.9795918367346939,39.0,0.7959183673469388,5.0,0.10204081632653061,0.1686122448979592,0.0,0.05612244897959184,5.28,4.0,4.0,4.0
Vernon Maxwell,941,11554.0,12.278427205100957,2343.0,2.48990435706695,3077.0,3.2699256110520722,0.3609574920297556,0.2594867162592986,0.48803400637619554,28.581858407079647,1019.0,157.0,1751.0
Vester Marshall,13,17.0,1.3076923076923077,37.0,2.8461538461538463,4.0,0.3076923076923077,0.12061538461538462,0.0,0.15384615384615385,13.384615384615385,1.0,3.0,0.0
Viacheslav Kravtsov,118,133.0,1.1271186440677967,85.0,0.7203389830508474,15.0,0.1271186440677966,0.19638983050847458,0.0,0.08460169491525424,6.280701754385965,6.0,12.0,32.0
Vic Bartolome,38,34.0,0.8947368421052632,60.0,1.5789473684210527,3.0,0.07894736842105263,0.14581578947368423,0.0,0.06578947368421052,4.342105263157895,0.0,0.0,0.0
Vic Law,31,25.0,0.8064516129032258,20.0,0.6451612903225806,6.0,0.1935483870967742,0.09138709677419356,0.05912903225806451,0.03225806451612903,7.166666666666667,3.0,0.0,4.0
Victor Alexander,333,2549.0,7.654654654654655,1391.0,4.177177177177177,258.0,0.7747747747747747,0.4183723723723724,0.042042042042042045,0.30557357357357356,19.835967926689577,137.0,177.0,380.0
Victor Claver,146,306.0,2.095890410958904,207.0,1.417808219178082,61.0,0.4178082191780822,0.2179109589041096,0.12823287671232877,0.11986301369863013,12.154639175257731,35.0,18.0,69.0
Victor Khryapa,2,23.0,11.5,15.0,7.5,13.0,6.5,0.6475,0.0,0.25,29.5,4.0,1.0,11.0
Victor Oladipo,642,9464.0,14.810641627543037,2558.0,4.003129890453834,2195.0,3.435054773082942,0.38636463223787165,0.3038560250391237,0.5759499217527386,31.11722027972028,918.0,254.0,1437.0
Victor Wembanyama,223,5011.0,22.47085201793722,2336.0,10.475336322869955,734.0,3.291479820627803,0.4830089686098655,0.3289730941704036,0.7451793721973095,29.550121765601215,239.0,737.0,669.0
Viktor Khryapa,224,761.0,3.3973214285714284,576.0,2.5714285714285716,185.0,0.8258928571428571,0.27527232142857144,0.049102678571428575,0.23079464285714285,16.253012048192772,106.0,52.0,171.0
Vin Baker,934,12222.0,13.085653104925054,6077.0,6.506423982869379,1551.0,1.6605995717344755,0.41002355460385437,0.03087152034261242,0.4846830835117773,31.80072463768116,615.0,827.0,1811.0
Vince Boryla,238,2652.0,11.142857142857142,58.0,0.24369747899159663,159.0,0.6680672268907563,0.12971428571428573,0.0,0.6970756302521008,2.9159663865546217,0.0,0.0,0.0
Vince Carter,1863,28329.0,15.230645161290322,7352.0,3.9526881720430107,5154.0,2.770967741935484,0.3832559139784946,0.29735752688172046,0.5487709677419356,29.403162193698947,1689.0,963.0,2896.0
Vince Taylor,31,95.0,3.064516129032258,35.0,1.1290322580645162,41.0,1.3225806451612903,0.27025806451612905,0.0,0.24193548387096775,10.35483870967742,13.0,1.0,22.0
Vince Williams Jr.,215,1090.0,5.069767441860465,581.0,2.702325581395349,420.0,1.9534883720930232,0.24766976744186048,0.20091627906976744,0.24655348837209304,20.16482993197279,100.0,66.0,210.0
Vincent Askew,565,3527.0,6.242477876106195,1272.0,2.2513274336283184,1076.0,1.904424778761062,0.4129238938053097,0.08781061946902655,0.44654159292035395,19.423597678916828,325.0,115.0,545.0
Vincent Edwards,24,9.0,0.42857142857142855,7.0,0.3333333333333333,1.0,0.047619047619047616,0.03742857142857143,0.03966666666666666,0.0,7.666666666666667,1.0,2.0,2.0
Vincent Grier,7,20.0,2.857142857142857,17.0,2.4285714285714284,3.0,0.42857142857142855,0.4238571428571429,0.0,0.17857142857142858,11.285714285714286,3.0,2.0,10.0
Vincent Hunter,34,49.0,1.4411764705882353,26.0,0.7647058823529411,2.0,0.058823529411764705,0.17164705882352943,0.0,0.08138235294117646,9.0,4.0,5.0,3.0
Vincent Poirier,90,87.0,0.9666666666666667,92.0,1.0222222222222221,16.0,0.17777777777777778,0.16277777777777777,0.005555555555555556,0.08241111111111112,5.390243902439025,7.0,21.0,23.0
Vincent Valerio-Bodon,5,0.0,0.0,2.0,0.4,0.0,0.0,0.0,0.0,0.0,5.0,0.0,1.0,0.0
Vincent Yarbrough,61,406.0,6.655737704918033,162.0,2.6557377049180326,130.0,2.1311475409836067,0.3518032786885246,0.1699344262295082,0.29645901639344263,22.915254237288135,57.0,33.0,81.0
Vincenzo Esposito,30,116.0,3.8666666666666667,16.0,0.5333333333333333,23.0,0.7666666666666667,0.2967333333333333,0.15036666666666668,0.31523333333333337,9.4,7.0,0.0,39.0
Vinnie Johnson,1104,13233.0,11.986413043478262,3465.0,3.1385869565217392,3519.0,3.1875,0.4303559782608696,0.049632246376811594,0.5294836956521739,24.433876811594203,803.0,252.0,1602.0
Vinny Del Negro,883,7511.0,8.506228765571914,1928.0,2.1834654586636466,2635.0,2.984144960362401,0.41029445073612686,0.1491268403171008,0.4228878822197056,24.74909090909091,610.0,71.0,867.0
Violet Palmer,1,0.0,0.0,0.0,0.0,0.0,0.0,0.0,0.0,0.0,19.0,0.0,0.0,0.0
Virgil Vaughn,1,4.0,4.0,0.0,0.0,0.0,0.0,0.0,0.0,0.0,0.0,0.0,0.0,0.0
Vit Krejci,326,1365.0,4.1871165644171775,503.0,1.5429447852760736,396.0,1.2147239263803682,0.262180981595092,0.20827300613496935,0.14238957055214724,18.447363636363637,123.0,62.0,156.0
Vitaly Fridzon,2,23.0,11.5,12.0,6.0,1.0,0.5,0.3875,0.30000000000000004,0.5,29.0,3.0,1.0,3.0
Vitaly Potapenko,782,4051.0,5.180306905370844,2763.0,3.5332480818414322,426.0,0.5447570332480819,0.3483708439897698,0.0012787723785166241,0.2882289002557545,18.239234449760765,262.0,210.0,798.0
Vitor Benite,3,15.0,5.0,7.0,2.3333333333333335,5.0,1.6666666666666667,0.18100000000000002,0.13333333333333333,0.5833333333333334,,5.0,1.0,4.0
Vitor Faverani,62,222.0,3.5806451612903225,163.0,2.629032258064516,17.0,0.27419354838709675,0.2839032258064516,0.13843548387096774,0.16869354838709677,13.244444444444444,16.0,37.0,49.0
Vlade Divac,1282,14881.0,11.607644305772231,10250.0,7.995319812792512,3833.0,2.989859594383775,0.4802051482059283,0.06435023400936038,0.5589157566302652,29.608591885441527,1408.0,1794.0,2734.0
Vladimir Micov,2,15.0,7.5,8.0,4.0,6.0,3.0,0.432,0.4165,0.25,32.5,1.0,2.0,1.0
Vladimir Radmanovic,1005,6582.0,6.549253731343284,3107.0,3.091542288557214,1110.0,1.1044776119402986,0.3160089552238806,0.2593054726368159,0.26440597014925377,21.148325358851675,608.0,293.0,960.0
Vladimir Stepania,406,1129.0,2.7807881773399017,1187.0,2.9236453201970445,95.0,0.23399014778325122,0.24814039408866997,0.0049261083743842365,0.17884729064039406,13.261992619926199,110.0,144.0,214.0
Vladislav Goldin,37,12.0,0.32432432432432434,14.0,0.3783783783783784,3.0,0.08108108108108109,0.10810810810810811,0.0,0.04054054054054054,3.238571428571429,1.0,4.0,5.0
Vlatko Cancar,311,590.0,1.8971061093247588,292.0,0.9389067524115756,147.0,0.47266881028938906,0.18316720257234728,0.11981993569131834,0.11358199356913183,9.794722222222221,47.0,24.0,97.0
Voise Winters,4,6.0,1.5,3.0,0.75,0.0,0.0,0.25,0.0,0.0,4.25,1.0,0.0,2.0
Vojdan Stojanovski,1,4.0,4.0,0.0,0.0,0.0,0.0,1.0,0.0,0.0,,1.0,0.0,0.0
Von Wafer,386,1366.0,3.538860103626943,290.0,0.7512953367875648,176.0,0.45595854922279794,0.21023316062176167,0.1310181347150259,0.20131088082901555,12.146341463414634,82.0,20.0,173.0
Vonteego Cummings,239,1402.0,5.866108786610878,375.0,1.5690376569037656,536.0,2.2426778242677825,0.29077824267782426,0.1859121338912134,0.29331380753138075,18.55223880597015,176.0,32.0,263.0
Voshon Lenard,725,7269.0,10.026206896551724,1722.0,2.3751724137931034,1260.0,1.7379310344827585,0.32686758620689654,0.2779696551724138,0.4053048275862069,26.71499176276771,452.0,138.0,812.0
Wade Baldwin IV,124,264.0,2.1818181818181817,102.0,0.8429752066115702,116.0,0.9586776859504132,0.17272727272727273,0.08677685950413223,0.20788429752066115,10.813333333333333,28.0,12.0,73.0
Wali Jones,677,6973.0,10.299852289512556,1500.0,2.2156573116691285,2015.0,2.9763663220088628,0.3600679468242245,0.0,0.5997621861152141,17.802067946824224,3.0,0.0,0.0
Walker Kessler,231,2037.0,8.818181818181818,1976.0,8.554112554112555,266.0,1.1515151515151516,0.6412294372294373,0.045636363636363635,0.33530735930735933,24.645488372093023,104.0,502.0,244.0
Walker Russell,216,560.0,2.5925925925925926,215.0,0.9953703703703703,410.0,1.8981481481481481,0.29430555555555554,0.0285462962962963,0.2222175925925926,11.036082474226804,71.0,11.0,211.0
Wallace Bryant,104,325.0,3.125,381.0,3.6634615384615383,113.0,1.0865384615384615,0.3424903846153846,0.0,0.24279807692307692,13.836538461538462,35.0,41.0,74.0
Wally Anderzunas,44,160.0,3.6363636363636362,82.0,1.8636363636363635,5.0,0.11363636363636363,0.3060909090909091,0.0,0.22506818181818183,5.386363636363637,0.0,0.0,0.0
Wally Osterkorn,201,1429.0,7.109452736318408,626.0,3.1144278606965172,177.0,0.8805970149253731,0.13806965174129351,0.0,0.483044776119403,11.656716417910447,0.0,0.0,0.0
Wally Rank,25,55.0,2.2,30.0,1.2,17.0,0.68,0.3,0.0,0.21804,6.12,7.0,1.0,25.0
Wally Szczerbiak,792,10109.0,12.76388888888889,2849.0,3.5972222222222223,1653.0,2.087121212121212,0.4284267676767677,0.2753320707070707,0.5908295454545455,29.6374829001368,432.0,171.0,1090.0
Wally Walker,629,4211.0,6.6947535771065185,1881.0,2.990461049284579,891.0,1.4165341812400636,0.41745786963434023,0.0047694753577106515,0.32413354531001587,17.340222575516695,162.0,90.0,514.0
Walt Bellamy,1092,21818.0,19.979853479853478,14002.0,12.822344322344323,1914.0,1.7527472527472527,0.3954441391941392,0.0,0.6059587912087911,22.715201465201464,6.0,7.0,0.0
Walt Davis,337,1540.0,4.56973293768546,845.0,2.507418397626113,161.0,0.47774480712166173,0.2418872403560831,0.0,0.3714451038575668,2.2759643916913945,0.0,0.0,0.0
Walt Frazier,924,17560.0,19.004329004329005,5467.0,5.916666666666667,5617.0,6.079004329004329,0.47760930735930734,0.0,0.7208982683982684,37.08008658008658,302.0,28.0,126.0
Walt Gilmore,27,58.0,2.1481481481481484,73.0,2.7037037037037037,12.0,0.4444444444444444,0.24933333333333335,0.0,0.2222222222222222,9.666666666666666,0.0,0.0,0.0
Walt Hazzard,782,9779.0,12.505115089514067,2183.0,2.79156010230179,3472.0,4.439897698209719,0.3684936061381074,0.0,0.5668196930946291,19.515345268542198,6.0,1.0,0.0
Walt Kirk,23,196.0,8.521739130434783,0.0,0.0,0.0,0.0,0.017391304347826087,0.0,0.6449130434782608,0.0,0.0,0.0,0.0
Walt Lemon Jr.,22,118.0,5.9,33.0,1.65,39.0,1.95,0.3035,0.11665,0.2925,17.076923076923077,13.0,2.0,15.0
Walt Wesley,598,5044.0,8.434782608695652,3209.0,5.366220735785953,343.0,0.5735785953177257,0.3716153846153846,0.0,0.40446321070234115,14.043478260869565,6.0,8.0,0.0
Walt Williams,806,8600.0,10.66997518610422,2879.0,3.5719602977667493,1677.0,2.0806451612903225,0.3702816377171216,0.3143250620347395,0.46590570719602975,25.819650067294752,672.0,422.0,1353.0
Walter Berry,212,2981.0,14.06132075471698,1001.0,4.721698113207547,303.0,1.429245283018868,0.5229150943396227,0.0047169811320754715,0.5058349056603774,23.650943396226417,129.0,154.0,421.0
Walter Bond,157,874.0,5.56687898089172,290.0,1.8471337579617835,177.0,1.127388535031847,0.33770063694267516,0.11306369426751593,0.36401273885350316,15.54140127388535,98.0,34.0,146.0
Walter Budko,52,206.0,3.9615384615384617,27.0,0.5192307692307693,20.0,0.38461538461538464,0.11801923076923078,0.0,0.4215,1.4423076923076923,0.0,0.0,0.0
Walter Clayton Jr.,85,581.0,6.8352941176470585,153.0,1.8,299.0,3.5176470588235293,0.3063294117647059,0.23062352941176473,0.4896588235294118,20.544109589041096,49.0,20.0,126.0
Walter Davis,1115,21012.0,18.844843049327356,3307.0,2.965919282511211,4198.0,3.7650224215246637,0.5065542600896861,0.08140358744394618,0.6925811659192824,27.908520179372196,1373.0,143.0,2732.0
Walter Devlin,222,1610.0,7.252252252252252,111.0,0.5,125.0,0.5630630630630631,0.08648648648648648,0.0,0.5190270270270271,2.1216216216216215,0.0,0.0,0.0
Walter Dukes,592,6237.0,10.535472972972974,3149.0,5.319256756756757,138.0,0.23310810810810811,0.14763175675675674,0.0,0.6320760135135135,3.6199324324324325,0.0,0.0,0.0
Walter Herrmann,238,944.0,3.966386554621849,383.0,1.6092436974789917,83.0,0.3487394957983193,0.27288235294117646,0.20878991596638655,0.1871512605042017,12.64,40.0,13.0,73.0
Walter Jordan,30,68.0,2.2666666666666666,42.0,1.4,12.0,0.4,0.24493333333333334,0.0,0.17776666666666668,6.9,11.0,5.0,16.0
Walter McCarty,819,3293.0,4.020757020757021,1682.0,2.0537240537240535,720.0,0.8791208791208791,0.2497936507936508,0.18670695970695972,0.1855115995115995,16.878086419753085,405.0,184.0,551.0
Walter Palmer,50,102.0,2.04,66.0,1.32,11.0,0.22,0.30786,0.0,0.17,4.3,4.0,9.0,17.0
Walter Sharpe,41,27.0,0.6585365853658537,16.0,0.3902439024390244,1.0,0.024390243902439025,0.15548780487804878,0.0,0.06097560975609756,6.666666666666667,5.0,3.0,4.0
Walter Tavares,1,8.0,8.0,7.0,7.0,0.0,0.0,0.286,0.0,0.444,,1.0,1.0,2.0
Wang Tong,4,9.0,2.25,5.0,1.25,1.0,0.25,0.29175,0.0,0.125,,1.0,1.0,0.0
Wang Zhi-zhi,307,651.0,2.1205211726384365,246.0,0.8013029315960912,44.0,0.14332247557003258,0.1773843648208469,0.11080456026058633,0.1492312703583062,8.096153846153847,26.0,37.0,72.0
Ward Williams,25,97.0,3.88,0.0,0.0,0.0,0.0,0.0,0.0,0.58448,0.0,0.0,0.0,0.0
Wardell Jackson,56,243.0,4.339285714285714,133.0,2.375,30.0,0.5357142857142857,0.33889285714285716,0.0,0.2892678571428572,16.767857142857142,16.0,1.0,0.0
Warren Carter,1,0.0,0.0,0.0,0.0,0.0,0.0,0.0,0.0,0.0,3.0,0.0,0.0,0.0
Warren Kidd,68,247.0,3.6323529411764706,233.0,3.426470588235294,19.0,0.27941176470588236,0.45373529411764707,0.0,0.2647058823529412,13.0,19.0,23.0,44.0
Warren Perkins,69,392.0,5.681159420289855,10.0,0.14492753623188406,1.0,0.014492753623188406,0.00965217391304348,0.0,0.5677101449275362,0.0,0.0,0.0,0.0
Warren Washington,4,2.0,0.5,2.0,0.5,0.0,0.0,0.125,0.0,0.0,5.2,0.0,0.0,0.0
Wayman Britt,7,9.0,1.2857142857142858,4.0,0.5714285714285714,2.0,0.2857142857142857,0.25,0.0,0.21428571428571427,2.2857142857142856,0.0,0.0,0.0
Wayman Tisdale,877,13035.0,14.863169897377423,5174.0,5.899657924743444,1099.0,1.2531356898517674,0.48215279361459523,0.0,0.5971436716077537,28.10092807424594,468.0,505.0,1420.0
Wayne Cooper,1058,8211.0,7.760869565217392,6429.0,6.0765595463138,907.0,0.8572778827977315,0.4152741020793951,0.004725897920604915,0.385203213610586,20.312854442344044,294.0,1573.0,1214.0
Wayne Ellington,1060,6802.0,6.429111531190927,1802.0,1.7032136105860114,943.0,0.8913043478260869,0.3023894139886578,0.2619423440453686,0.24357277882797732,20.423529411764704,450.0,75.0,571.0
Wayne Embry,890,10964.0,12.319101123595505,7293.0,8.19438202247191,505.0,0.5674157303370787,0.33718314606741573,0.0,0.5531629213483146,8.348314606741573,0.0,0.0,0.0
Wayne Englestad,11,28.0,2.5454545454545454,16.0,1.4545454545454546,7.0,0.6363636363636364,0.44018181818181823,0.0,0.2727272727272727,4.545454545454546,1.0,0.0,3.0
Wayne Hightower,338,2995.0,8.86094674556213,1672.0,4.946745562130178,296.0,0.8757396449704142,0.26740236686390534,0.0,0.6008313609467455,17.736686390532544,0.0,0.0,0.0
Wayne Kreklow,25,30.0,1.2,12.0,0.48,9.0,0.36,0.26336,0.04,0.09,4.0,2.0,1.0,2.0
Wayne Molis,14,45.0,3.2142857142857144,12.0,0.8571428571428571,1.0,0.07142857142857142,0.113,0.0,0.20914285714285713,3.142857142857143,0.0,0.0,0.0
Wayne Radford,52,202.0,3.8846153846153846,68.0,1.3076923076923077,51.0,0.9807692307692307,0.3107692307692308,0.0,0.2344230769230769,12.5,19.0,1.0,20.0
Wayne Robinson,81,643.0,7.938271604938271,294.0,3.6296296296296298,111.0,1.3703703703703705,0.46111111111111114,0.0,0.5205555555555555,19.65432098765432,24.0,14.0,75.0
Wayne Sappleton,33,96.0,2.909090909090909,76.0,2.303030303030303,7.0,0.21212121212121213,0.4285454545454545,0.0,0.11866666666666667,9.030303030303031,7.0,4.0,21.0
Wayne Selden,202,1008.0,5.065326633165829,285.0,1.4321608040201006,212.0,1.065326633165829,0.26976381909547736,0.19369849246231155,0.26519095477386934,18.253521126760564,64.0,22.0,159.0
Wayne Simien,133,229.0,1.7218045112781954,133.0,1.0,13.0,0.09774436090225563,0.19120300751879699,0.0,0.1548872180451128,10.382352941176471,20.0,2.0,42.0
Wayne Stevens,8,18.0,2.25,16.0,2.0,4.0,0.5,0.03125,0.0,0.447875,0.0,0.0,0.0,0.0
Wayne Turner,4,4.0,1.0,3.0,0.75,5.0,1.25,0.0625,0.0,0.1875,13.0,0.0,0.0,3.0
Wayne Yates,41,79.0,1.9268292682926829,67.0,1.6341463414634145,2.0,0.04878048780487805,0.1514390243902439,0.0,0.13821951219512194,1.6585365853658536,0.0,0.0,0.0
Wendell Carter Jr.,537,5954.0,11.128971962616822,4102.0,7.667289719626168,1027.0,1.919626168224299,0.4757190031152648,0.2482504672897196,0.5546168224299066,27.03095612311722,327.0,375.0,756.0
Wendell Jr.,2,7.0,7.0,4.0,4.0,4.0,4.0,0.375,0.25,0.0,,0.0,0.0,0.0
Wendell Moore Jr.,247,281.0,1.1376518218623481,152.0,0.6153846153846154,87.0,0.3522267206477733,0.15346153846153845,0.04959514170040486,0.06720647773279353,7.695084745762712,45.0,17.0,51.0
Wenyen Gabriel,297,800.0,2.711864406779661,595.0,2.016949152542373,87.0,0.29491525423728815,0.2645728813559322,0.08382711864406779,0.16632881355932203,11.73913043478261,66.0,86.0,130.0
Wes Iwundu,337,1122.0,3.3392857142857144,622.0,1.8511904761904763,233.0,0.6934523809523809,0.28532738095238097,0.13457142857142856,0.2759553571428571,16.07843137254902,119.0,59.0,143.0
Wes Matthews,504,3835.0,7.609126984126984,644.0,1.2777777777777777,2018.0,4.003968253968254,0.4181765873015873,0.04530357142857142,0.4548988095238095,19.178571428571427,349.0,77.0,791.0
Wes Unseld,1106,11907.0,10.765822784810126,15465.0,13.982820976491862,4147.0,3.7495479204339963,0.492002712477396,0.0,0.47392495479204344,34.58589511754069,288.0,174.0,245.0
Wesley Cox,74,343.0,4.635135135135135,206.0,2.7837837837837838,23.0,0.3108108108108108,0.3182162162162162,0.0,0.30771621621621625,10.986486486486486,34.0,15.0,80.0
Wesley Johnson,776,4587.0,5.926356589147287,2088.0,2.697674418604651,692.0,0.8940568475452196,0.32796511627906977,0.2508307493540052,0.2075529715762274,21.34834834834835,516.0,424.0,590.0
Wesley Matthews,1198,12412.0,10.351959966638866,3110.0,2.593828190158465,2023.0,1.6872393661384486,0.36745954962468724,0.3121576313594662,0.4574512093411176,28.194070080862534,1036.0,232.0,1216.0
Wesley Person,846,8487.0,10.03191489361702,2498.0,2.9527186761229314,1265.0,1.4952718676122931,0.3874125295508274,0.324483451536643,0.33028723404255317,27.85058977719528,595.0,236.0,701.0
Wesley Saunders,6,2.0,0.4,1.0,0.2,0.0,0.0,0.2,0.0,0.0,3.0,0.0,0.0,0.0
Wesley Witherspoon,3,25.0,8.333333333333334,6.0,2.0,0.0,0.0,0.7223333333333333,0.389,0.16666666666666666,15.666666666666666,2.0,1.0,4.0
Whitey Skoog,342,2857.0,8.353801169590643,203.0,0.5935672514619883,209.0,0.6111111111111112,0.1728391812865497,0.0,0.5468801169590642,3.5964912280701755,0.0,0.0,0.0
Whitey Von Nieda,10,38.0,3.8,0.0,0.0,0.0,0.0,0.0,0.0,0.3167,0.0,0.0,0.0,0.0
Wil Jones,159,1578.0,9.924528301886792,933.0,5.867924528301887,303.0,1.9056603773584906,0.391811320754717,0.0,0.48042138364779874,27.09433962264151,105.0,86.0,36.0
Wilbur Holland,279,3804.0,13.634408602150538,831.0,2.978494623655914,833.0,2.985663082437276,0.4080860215053763,0.0,0.5463799283154122,25.684587813620073,271.0,26.0,162.0
Wiley Peck,55,180.0,3.272727272727273,186.0,3.381818181818182,33.0,0.6,0.2974181818181818,0.0,0.19347272727272727,11.581818181818182,18.0,21.0,13.0
Will Barton,863,8398.0,9.753774680603948,3105.0,3.6062717770034842,1994.0,2.315911730545877,0.35124738675958184,0.24669686411149827,0.41511846689895465,24.445910290237467,561.0,309.0,1056.0
Will Blalock,34,53.0,1.5588235294117647,28.0,0.8235294117647058,37.0,1.088235294117647,0.18335294117647058,0.014705882352941176,0.18673529411764705,10.92,10.0,0.0,24.0
Will Bynum,530,3370.0,6.3584905660377355,653.0,1.2320754716981133,1364.0,2.5735849056603772,0.31649245283018873,0.09967358490566038,0.3829547169811321,18.02657004830918,291.0,33.0,678.0
Will Cherry,22,32.0,1.4545454545454546,9.0,0.4090909090909091,16.0,0.7272727272727273,0.15463636363636366,0.053,0.1515,9.333333333333334,10.0,2.0,11.0
Will Conroy,44,64.0,1.4545454545454546,36.0,0.8181818181818182,51.0,1.1590909090909092,0.11365909090909092,0.03220454545454546,0.12611363636363637,11.40625,11.0,2.0,28.0
Will Cummings,7,25.0,3.5714285714285716,11.0,1.5714285714285714,15.0,2.142857142857143,0.2642857142857143,0.21428571428571427,0.42857142857142855,12.166666666666666,4.0,0.0,8.0
Will Frazier,2,1.0,0.5,5.0,2.5,1.0,0.5,0.0,0.0,0.5,4.5,0.0,0.0,0.0
Will Frisby,4,6.0,2.0,6.0,2.0,2.0,0.6666666666666666,0.25,0.2776666666666667,0.0,,1.0,1.0,3.0
Will Graves,4,17.0,4.25,14.0,3.5,4.0,1.0,0.226,0.1,0.125,,2.0,0.0,7.0
Will Magnay,24,0.0,0.0,1.0,0.041666666666666664,0.0,0.0,0.0,0.0,0.0,3.0,0.0,0.0,1.0
Will McDowell-White,2,17.0,8.5,9.0,4.5,6.0,3.0,0.344,0.0715,0.0,,2.0,0.0,8.0
Will Perdue,990,4107.0,4.148484848484848,4295.0,4.338383838383838,627.0,0.6333333333333333,0.39799797979797985,0.00202020202020202,0.2534444444444444,14.982222222222223,241.0,569.0,886.0
Will Richard,89,484.0,5.438202247191011,187.0,2.101123595505618,102.0,1.146067415730337,0.36257303370786514,0.2622247191011236,0.23788764044943822,19.680933333333332,87.0,11.0,62.0
Will Richardson,2,0.0,0.0,0.0,0.0,0.0,0.0,0.0,0.0,0.0,0.51,0.0,0.0,0.0
Will Riley,83,789.0,9.506024096385541,217.0,2.6144578313253013,152.0,1.8313253012048192,0.3933253012048193,0.20680722891566264,0.47534939759036143,21.79805194805195,54.0,10.0,95.0
Will Solomon,166,637.0,3.8373493975903616,145.0,0.8734939759036144,252.0,1.5180722891566265,0.24733734939759036,0.15923493975903613,0.20817469879518075,13.573770491803279,69.0,11.0,134.0
William Averitt,131,1102.0,8.412213740458014,146.0,1.1145038167938932,288.0,2.198473282442748,0.32210687022900764,0.0,0.4165114503816794,14.679389312977099,21.0,5.0,33.0
William Avery,207,386.0,1.8647342995169083,94.0,0.45410628019323673,201.0,0.9710144927536232,0.1887971014492754,0.0921062801932367,0.13010144927536232,7.972222222222222,34.0,7.0,106.0
William Bedford,252,993.0,3.9404761904761907,599.0,2.376984126984127,113.0,0.44841269841269843,0.3358293650793651,0.016865079365079364,0.21677380952380954,10.345238095238095,40.0,131.0,177.0
William Bell,36,183.0,5.083333333333333,44.0,1.2222222222222223,23.0,0.6388888888888888,0.14733333333333334,0.0,0.27519444444444446,1.4166666666666667,0.0,0.0,0.0
William Cunningham,35,14.0,0.4,38.0,1.0857142857142856,2.0,0.05714285714285714,0.16428571428571428,0.0,0.0,8.347826086956522,3.0,11.0,5.0
William Howard,12,20.0,1.6666666666666667,8.0,0.6666666666666666,3.0,0.25,0.13091666666666665,0.08333333333333333,0.08333333333333333,8.75,2.0,2.0,3.0
William Kennedy,8,24.0,3.0,7.0,0.875,7.0,0.875,0.154125,0.0,0.3125,0.75,0.0,0.0,0.0
William Towery,9,74.0,8.222222222222221,0.0,0.0,0.0,0.0,0.0,0.0,0.6907777777777778,0.0,0.0,0.0,0.0
Willie Anderson,636,7254.0,11.40566037735849,2224.0,3.49685534591195,2232.0,3.509433962264151,0.4153820754716981,0.10319339622641509,0.5019638364779875,28.16144975288303,636.0,354.0,1244.0
Willie Burton,332,3245.0,9.774096385542169,932.0,2.8072289156626504,393.0,1.1837349397590362,0.3716596385542169,0.11779819277108435,0.5864246987951808,20.943396226415093,191.0,121.0,519.0
Willie Cauley-Stein,497,3898.0,7.874747474747474,2624.0,5.301010101010101,628.0,1.2686868686868686,0.4832646464646465,0.013131313131313131,0.3656888888888889,21.217582417582417,376.0,357.0,412.0
Willie Deane,1,0.0,0.0,0.0,0.0,0.0,0.0,0.0,0.0,0.0,5.0,0.0,0.0,0.0
Willie Green,956,6676.0,6.98326359832636,1464.0,1.5313807531380754,1164.0,1.217573221757322,0.34585774058577406,0.23630543933054393,0.3014246861924686,19.507317073170732,432.0,118.0,790.0
Willie Jones,303,2201.0,7.264026402640264,410.0,1.353135313531353,164.0,0.5412541254125413,0.19371947194719472,0.0,0.4221386138613861,4.2805280528052805,3.0,0.0,8.0
Willie McCarter,172,1152.0,6.6976744186046515,276.0,1.6046511627906976,321.0,1.8662790697674418,0.37406395348837207,0.0,0.30148837209302326,17.098837209302324,0.0,0.0,0.0
Willie Naulls,755,11584.0,15.343046357615894,3937.0,5.214569536423841,436.0,0.5774834437086093,0.221076821192053,0.0,0.6631907284768211,8.386754966887418,0.0,0.0,0.0
Willie Norwood,443,3299.0,7.446952595936795,1467.0,3.311512415349887,338.0,0.7629796839729119,0.3846004514672687,0.0,0.4519367945823928,14.503386004514672,100.0,9.0,49.0
Willie Reed,227,861.0,3.809734513274336,649.0,2.8716814159292037,51.0,0.22566371681415928,0.39980973451327434,0.008849557522123894,0.1910929203539823,11.784090909090908,38.0,115.0,81.0
Willie Smith,79,369.0,4.670886075949367,134.0,1.6962025316455696,274.0,3.4683544303797467,0.40277215189873417,0.09154430379746836,0.26139240506329114,15.189873417721518,69.0,2.0,92.0
Willie Somerset,7,45.0,6.428571428571429,12.0,1.7142857142857142,6.0,0.8571428571428571,0.3942857142857143,0.0,0.4524285714285714,5.142857142857143,0.0,0.0,0.0
Willie Warren,46,37.0,0.8043478260869565,12.0,0.2608695652173913,27.0,0.5869565217391305,0.1217391304347826,0.06882608695652173,0.06521739130434782,6.55,7.0,0.0,8.0
Willie White,96,370.0,3.8541666666666665,102.0,1.0625,104.0,1.0833333333333333,0.3558333333333333,0.07378125,0.20364583333333333,7.510416666666667,29.0,4.0,73.0
Willie Williams,28,32.0,1.1428571428571428,23.0,0.8214285714285714,7.0,0.25,0.1105,0.0,0.05357142857142857,3.2142857142857144,0.0,0.0,0.0
Willie Wise,83,662.0,7.975903614457831,284.0,3.4216867469879517,145.0,1.7469879518072289,0.4419277108433735,0.0,0.5248433734939759,18.301204819277107,52.0,18.0,0.0
Willis Reed,735,13628.0,18.541496598639455,8777.0,11.941496598639455,1188.0,1.616326530612245,0.41528707482993193,0.0,0.6727455782312926,28.34013605442177,0.0,1.0,0.0
Willy Hernangomez,579,2715.0,4.705372616984402,2113.0,3.662045060658579,393.0,0.6811091854419411,0.3176915077989601,0.05199133448873483,0.27368284228769496,14.405913978494624,158.0,146.0,391.0
Willy Workman,12,78.0,6.5,62.0,5.166666666666667,21.0,1.75,0.43524999999999997,0.0,0.3485833333333333,,15.0,3.0,19.0
Wilmer Hosket,152,590.0,3.8815789473684212,309.0,2.0328947368421053,83.0,0.5460526315789473,0.34011842105263157,0.0,0.29691447368421053,7.467105263157895,0.0,0.0,0.0
Wilson Chandler,831,9058.0,10.926417370325694,3890.0,4.692400482509047,1294.0,1.5609167671893849,0.3779445114595899,0.2606562123039807,0.421313630880579,28.870794078061913,541.0,446.0,1002.0
Wilson Washington,100,731.0,7.31,444.0,4.44,56.0,0.56,0.43067999999999995,0.0,0.28462,16.71,28.0,58.0,68.0
Wilt Chamberlain,1216,35165.0,28.91858552631579,27916.0,22.957236842105264,5270.0,4.333881578947368,0.5594300986842106,0.0,0.4875197368421052,44.15625,0.0,0.0,0.0
Win Wilfong,285,1907.0,6.6912280701754385,594.0,2.0842105263157893,126.0,0.4421052631578947,0.12434385964912281,0.0,0.5356491228070175,2.017543859649123,0.0,0.0,0.0
Winford Boynes,177,1478.0,8.350282485875706,347.0,1.96045197740113,203.0,1.1468926553672316,0.3794802259887006,0.0,0.4540677966101695,16.768361581920903,67.0,28.0,154.0
Winston Bennett,141,698.0,4.950354609929078,435.0,3.0851063829787235,125.0,0.8865248226950354,0.3819929078014184,0.0,0.2958794326241135,16.25531914893617,53.0,22.0,119.0
Winston Crite,31,87.0,2.806451612903226,65.0,2.096774193548387,15.0,0.4838709677419355,0.3676774193548387,0.0,0.30103225806451617,8.516129032258064,5.0,8.0,26.0
Winston Garland,531,4983.0,9.384180790960452,1499.0,2.822975517890772,2481.0,4.672316384180791,0.40440677966101696,0.09557250470809793,0.540361581920904,26.193973634651602,703.0,82.0,1012.0
Woody Sauldsberry,493,5347.0,10.845841784989858,3239.0,6.569979716024341,337.0,0.6835699797160243,0.26415010141987827,0.0,0.4075152129817444,7.724137931034483,0.0,0.0,0.0
World Free,921,18444.0,20.026058631921824,2501.0,2.7155266015200867,3417.0,3.7100977198697067,0.43266340933767644,0.08511400651465797,0.6773952225841476,29.865363735070577,783.0,191.0,1721.0
Worthy Patterson,4,7.0,1.75,0.0,0.0,0.0,0.0,0.0,0.0,0.125,0.75,0.0,0.0,0.0
Wyndol Gray,9,53.0,5.888888888888889,0.0,0.0,0.0,0.0,0.0,0.0,0.05555555555555555,0.0,0.0,0.0,0.0
Xavier Cooks,16,40.0,2.5,46.0,2.875,8.0,0.5,0.3096875,0.0,0.0833125,11.166666666666666,6.0,4.0,9.0
Xavier Henry,307,1217.0,3.964169381107492,402.0,1.3094462540716612,133.0,0.43322475570032576,0.22848208469055376,0.07746905537459284,0.25286644951140064,15.759803921568627,121.0,28.0,175.0
Xavier McDaniel,941,14475.0,15.382571732199787,5672.0,6.027630180658874,1906.0,2.0255047821466525,0.44684165781083957,0.062344314558979805,0.5461997874601489,29.190889370932755,830.0,438.0,2012.0
Xavier Moon,69,154.0,2.2318840579710146,55.0,0.7971014492753623,75.0,1.0869565217391304,0.16804347826086957,0.0802608695652174,0.06039130434782609,10.685714285714285,13.0,12.0,26.0
Xavier Munford,42,110.0,2.619047619047619,43.0,1.0238095238095237,37.0,0.8809523809523809,0.17666666666666667,0.14285714285714285,0.13095238095238096,13.692307692307692,21.0,7.0,25.0
Xavier Rathan-Mayes,10,31.0,3.1,6.0,0.6,20.0,2.0,0.1433,0.05,0.15,17.375,7.0,3.0,13.0
Xavier Silas,31,69.0,2.4642857142857144,17.0,0.6071428571428571,8.0,0.2857142857142857,0.16982142857142857,0.12575,0.21428571428571427,8.666666666666666,2.0,1.0,9.0
Xavier Sneed,32,28.0,0.875,16.0,0.5,7.0,0.21875,0.11978125,0.08334375,0.0625,6.0,0.0,1.0,3.0
Xavier Tillman,528,1670.0,3.162878787878788,1225.0,2.320075757575758,391.0,0.740530303030303,0.2905132575757576,0.08017424242424243,0.13083901515151514,14.716520467836258,264.0,154.0,210.0
Xiaochuan Zhai,1,0.0,0.0,0.0,0.0,0.0,0.0,0.0,0.0,0.0,,0.0,0.0,0.0
Xiaohui Wang,1,1.0,1.0,2.0,2.0,1.0,1.0,0.0,0.0,0.5,,0.0,0.0,0.0
Xiaoyu Liu,1,0.0,0.0,0.0,0.0,0.0,0.0,0.0,0.0,0.0,,0.0,0.0,1.0
Xinlei Wang,1,2.0,2.0,0.0,0.0,0.0,0.0,0.0,0.0,1.0,,0.0,0.0,0.0
Xu Wang,1,0.0,,0.0,,0.0,,,,,,0.0,0.0,0.0
Xuedong Luo,1,2.0,2.0,0.0,0.0,0.0,0.0,0.0,0.0,1.0,,2.0,0.0,1.0
Xuhang Zhu,1,0.0,0.0,0.0,0.0,0.0,0.0,0.0,0.0,0.0,,1.0,0.0,2.0
Yakhouba Diawara,322,807.0,2.5062111801242235,340.0,1.0559006211180124,149.0,0.46273291925465837,0.18553416149068325,0.1269782608695652,0.12377329192546582,13.929203539823009,66.0,20.0,106.0
Yakuba Ouattara,6,2.0,0.3333333333333333,0.0,0.0,0.0,0.0,0.16666666666666666,0.0,0.0,3.0,0.0,0.0,1.0
Yan Peng,2,0.0,,0.0,,0.0,,,,,,0.0,0.0,0.0
Yanic Konan Niederhauser,60,209.0,3.4833333333333334,139.0,2.316666666666667,18.0,0.3,0.38694999999999996,0.016666666666666666,0.26745,10.451521739130435,5.0,38.0,32.0
Yanick Moreira,7,0.0,0.0,2.0,0.2857142857142857,0.0,0.0,0.0,0.0,0.0,,0.0,0.0,0.0
Yanman Zhao,1,0.0,,0.0,,0.0,,,,,,0.0,0.0,0.0
Yannis Morin,1,0.0,,0.0,,0.0,,,,,,0.0,0.0,0.0
Yante Maten,27,23.0,0.9583333333333334,14.0,0.5833333333333334,0.0,0.0,0.08891666666666666,0.029166666666666664,0.034708333333333334,8.0,1.0,3.0,5.0
Yanxi Zhu,1,3.0,3.0,6.0,6.0,0.0,0.0,0.143,0.333,0.0,,1.0,0.0,3.0
Yanyuhang Ding,4,1.0,0.5,0.0,0.0,0.0,0.0,0.0,0.0,0.25,8.0,0.0,0.0,1.0
Yao Ming,554,10190.0,18.39350180505415,4936.0,8.909747292418773,824.0,1.4873646209386282,0.5134693140794223,0.0036101083032490976,0.7594404332129964,31.719557195571955,210.0,996.0,1463.0
Yaroslav Korolev,111,104.0,0.9369369369369369,47.0,0.42342342342342343,28.0,0.25225225225225223,0.06335135135135135,0.028153153153153154,0.07207207207207207,7.0,21.0,2.0,25.0
Yifeng Heng,4,16.0,4.0,3.0,0.75,1.0,0.25,0.45825,0.25,0.35425,,0.0,0.0,2.0
Yiftach Ziv,4,0.0,0.0,0.0,0.0,0.0,0.0,0.0,0.0,0.0,,0.0,0.0,0.0
Ying-Chun Chen,3,11.0,3.6666666666666665,8.0,2.6666666666666665,2.0,0.6666666666666666,0.24766666666666667,0.3333333333333333,0.0,,2.0,0.0,3.0
Yingjun Chen,1,2.0,2.0,2.0,2.0,0.0,0.0,0.2,0.0,0.0,,0.0,0.0,0.0
Yinka Dare,169,233.0,1.378698224852071,281.0,1.6627218934911243,4.0,0.023668639053254437,0.20902366863905328,0.0,0.12771597633136095,8.9,12.0,70.0,96.0
Yoav Berman,3,6.0,2.0,3.0,1.0,0.0,0.0,0.3333333333333333,0.3333333333333333,0.3333333333333333,,1.0,0.0,2.0
Yoeli Childs,2,3.0,1.5,5.0,2.5,0.0,0.0,0.125,0.0,0.25,6.0,0.0,0.0,2.0
Yogev Ohayon,5,8.0,4.0,7.0,3.5,4.0,2.0,0.143,0.0,1.0,,1.0,0.0,2.0
Yogi Ferrell,345,2172.0,6.332361516034985,575.0,1.6763848396501457,656.0,1.912536443148688,0.33184256559766767,0.26007288629737607,0.31078425655976677,18.87676056338028,180.0,31.0,245.0
Yonatan Alon,1,0.0,0.0,1.0,1.0,0.0,0.0,0.0,0.0,0.0,6.19,0.0,0.0,0.0
Yonatan Atias,3,4.0,1.3333333333333333,3.0,1.0,1.0,0.3333333333333333,0.22233333333333336,0.0,0.0,,0.0,0.0,0.0
Yongpeng Zhang,3,14.0,4.666666666666667,14.0,4.666666666666667,2.0,0.6666666666666666,0.3333333333333333,0.0,0.6666666666666666,,0.0,1.0,1.0
Yongsheng Wu,2,0.0,0.0,1.0,1.0,1.0,1.0,0.0,0.0,0.0,,0.0,0.0,0.0
York Larese,67,332.0,4.955223880597015,84.0,1.2537313432835822,81.0,1.208955223880597,0.2647761194029851,0.0,0.4125074626865672,2.9402985074626864,0.0,0.0,0.0
Youssou Ndoye,4,10.0,2.5,6.0,1.5,1.0,0.25,0.20825,0.0,0.16675,9.666666666666666,3.0,0.0,1.0
Yovel Zoosman,1,6.0,6.0,1.0,1.0,0.0,0.0,0.286,0.4,0.0,23.53,2.0,0.0,3.0
Yudai Baba,3,7.0,2.3333333333333335,1.0,0.3333333333333333,1.0,0.3333333333333333,0.25,0.0,0.16666666666666666,7.0,3.0,0.0,1.0
Yue Sun,27,11.0,0.4074074074074074,3.0,0.1111111111111111,2.0,0.07407407407407407,0.08025925925925925,0.0,0.027777777777777776,3.6666666666666665,2.0,1.0,4.0
Yue Wang,2,0.0,0.0,2.0,2.0,0.0,0.0,0.0,0.0,0.0,,1.0,0.0,1.0
Yuezhou Gu,3,0.0,0.0,2.0,0.6666666666666666,0.0,0.0,0.0,0.0,0.0,,1.0,0.0,1.0
Yuheng Tian,1,0.0,0.0,0.0,0.0,1.0,1.0,0.0,0.0,0.0,,0.0,0.0,3.0
Yuki Kawamura,78,121.0,1.5512820512820513,54.0,0.6923076923076923,95.0,1.2179487179487178,0.1256923076923077,0.10330769230769231,0.1512820512820513,8.300212765957447,14.0,0.0,30.0
Yuki Togashi,3,0.0,0.0,0.0,0.0,0.0,0.0,0.0,0.0,0.0,,0.0,0.0,0.0
Yuri Collins,2,2.0,1.0,3.0,1.5,4.0,2.0,0.1665,0.0,0.0,8.09,2.0,0.0,0.0
Yuta Tabuse,16,26.0,1.625,20.0,1.25,24.0,1.5,0.2186875,0.0625,0.09375,8.76923076923077,10.0,1.0,12.0
Yuta Watanabe,356,1003.0,2.8413597733711047,545.0,1.5439093484419264,148.0,0.4192634560906516,0.24383286118980171,0.1743626062322946,0.1322946175637394,12.587234042553192,89.0,68.0,105.0
Yves Missi,155,1072.0,6.916129032258064,1014.0,6.541935483870968,186.0,1.2,0.5088903225806451,0.0,0.3504322580645161,22.958551724137934,60.0,212.0,141.0
Yves Pons,37,24.0,0.6486486486486487,22.0,0.5945945945945946,2.0,0.05405405405405406,0.09827027027027027,0.045027027027027024,0.02702702702702703,7.294117647058823,1.0,8.0,3.0
Yvon Joseph,1,2.0,2.0,0.0,0.0,0.0,0.0,0.0,0.0,1.0,5.0,0.0,0.0,0.0
Zabian Dowdell,48,148.0,3.0833333333333335,24.0,0.5,59.0,1.2291666666666667,0.255875,0.0625,0.20139583333333333,11.758620689655173,22.0,3.0,35.0
Zaccharie Risacher,171,1685.0,9.853801169590643,560.0,3.2748538011695905,178.0,1.04093567251462,0.3998265107212476,0.28144249512670566,0.3833391812865497,22.90806100217865,119.0,74.0,154.0
Zach Andrews,1,0.0,0.0,0.0,0.0,0.0,0.0,0.0,0.0,0.0,,0.0,0.0,1.0
Zach Auguste,4,0.0,0.0,0.0,0.0,0.0,0.0,0.0,0.0,0.0,,0.0,0.0,0.0
Zach Collins,549,3601.0,6.595238095238095,2119.0,3.880952380952381,789.0,1.445054945054945,0.38082234432234435,0.22555677655677656,0.34684798534798533,18.414113636363638,189.0,301.0,599.0
Zach Edey,96,877.0,9.135416666666666,767.0,7.989583333333333,93.0,0.96875,0.5569270833333334,0.11839583333333333,0.4732708333333333,21.98808988764045,45.0,123.0,133.0
Zach LaVine,774,15221.0,19.716321243523318,2977.0,3.856217616580311,2854.0,3.6968911917098444,0.4445919689119171,0.34725906735751294,0.6816075129533679,31.68630319148936,649.0,206.0,1940.0
Zach Lofton,7,12.0,2.4,4.0,0.8,0.0,0.0,0.2,0.1666,0.0,7.0,2.0,0.0,1.0
Zach Norvell Jr.,17,92.0,5.411764705882353,28.0,1.6470588235294117,20.0,1.1764705882352942,0.2529411764705882,0.18976470588235295,0.30964705882352944,14.066666666666666,9.0,1.0,12.0
Zach Randolph,1395,20719.0,14.88433908045977,11399.0,8.188936781609195,2302.0,1.653735632183908,0.4233943965517241,0.08070905172413792,0.5748433908045977,30.26457774269929,947.0,344.0,2586.0
Zach Smith,5,0.0,0.0,0.0,0.0,0.0,0.0,0.0,0.0,0.0,1.0,0.0,0.0,0.0
Zack Austin,6,22.0,3.6666666666666665,8.0,1.3333333333333333,0.0,0.0,0.2685,0.09933333333333334,0.5,16.8475,5.0,4.0,4.0
Zaid Abdul-Aziz,522,4647.0,8.902298850574713,3687.0,7.063218390804598,531.0,1.0172413793103448,0.3359291187739463,0.0,0.49546551724137927,16.835249042145595,29.0,52.0,4.0
Zan Tabak,352,1252.0,3.5568181818181817,903.0,2.565340909090909,166.0,0.4715909090909091,0.30668181818181817,0.0,0.17578693181818184,13.51685393258427,66.0,131.0,272.0
Zanyu Chen,1,0.0,0.0,0.0,0.0,0.0,0.0,0.0,0.0,0.0,,0.0,0.0,0.0
Zarko Cabarkapa,215,703.0,3.269767441860465,351.0,1.6325581395348838,90.0,0.4186046511627907,0.2768651162790698,0.057353488372093024,0.2805488372093023,10.006172839506172,34.0,25.0,138.0
Zarko Paspalj,28,72.0,2.5714285714285716,30.0,1.0714285714285714,10.0,0.35714285714285715,0.2362142857142857,0.0,0.26785714285714285,6.464285714285714,3.0,7.0,21.0
Zavier Simpson,20,95.0,4.75,49.0,2.45,67.0,3.35,0.24634999999999999,0.12079999999999999,0.1375,24.666666666666668,13.0,7.0,25.0
Zaza Pachulia,1362,8378.0,6.160294117647059,7049.0,5.183088235294117,1579.0,1.161029411764706,0.4060117647058824,0.0,0.48381250000000003,19.459807073954984,860.0,424.0,1638.0
Zeke Nnaji,514,1461.0,2.842412451361868,808.0,1.5719844357976653,156.0,0.3035019455252918,0.2866809338521401,0.13730544747081713,0.17168482490272371,11.379284369114878,118.0,160.0,153.0
Zeke Sinicola,12,13.0,1.0833333333333333,0.0,0.0,1.0,0.08333333333333333,0.041666666666666664,0.0,0.20833333333333334,0.25,0.0,0.0,0.0
Zeljko Rebraca,337,1327.0,3.9376854599406528,714.0,2.1186943620178043,93.0,0.27596439169139464,0.3176379821958457,0.0,0.28919584569732937,14.402597402597403,59.0,168.0,213.0
Zelmo Beaty,635,10202.0,16.066141732283466,6487.0,10.215748031496062,887.0,1.3968503937007875,0.42906771653543313,0.0,0.6830062992125985,28.858267716535433,16.0,12.0,0.0
Zendon Hamilton,223,651.0,2.9192825112107625,510.0,2.286995515695067,35.0,0.15695067264573992,0.23142152466367713,0.0,0.29426457399103134,11.191780821917808,41.0,30.0,122.0
Zeng Fanbo,2,0.0,0.0,0.0,0.0,0.0,0.0,0.0,0.0,0.0,10.06,1.0,0.0,0.0
Zhai Yi,1,2.0,2.0,0.0,0.0,0.0,0.0,0.25,0.0,0.0,,2.0,0.0,0.0
Zhaire Smith,38,86.0,2.324324324324324,29.0,0.7837837837837838,15.0,0.40540540540540543,0.18975675675675677,0.1333243243243243,0.19594594594594594,8.927272727272728,12.0,4.0,12.0
Zhang Huafei,3,2.0,0.6666666666666666,1.0,0.3333333333333333,0.0,0.0,0.16666666666666666,0.0,0.0,4.22,0.0,0.0,3.0
Zhang Wenjie,3,3.0,1.0,0.0,0.0,2.0,0.6666666666666666,0.0,0.0,0.5,4.17,0.0,0.0,1.0
Zhang Zhaoxu,4,17.0,4.25,14.0,3.5,2.0,0.5,0.241,0.0,0.625,,2.0,1.0,3.0
Zhou Qi,53,40.0,0.7843137254901961,33.0,0.6470588235294118,3.0,0.058823529411764705,0.11992156862745097,0.0392156862745098,0.09803921568627451,5.115384615384615,3.0,20.0,12.0
Zhu Ying,3,0.0,0.0,0.0,0.0,0.0,0.0,0.0,0.0,0.0,,0.0,0.0,0.0
Zhun Zheng,4,11.0,2.75,6.0,1.5,1.0,0.25,0.625,0.375,0.0,,0.0,0.0,1.0
Zhuo Zhang,1,2.0,2.0,3.0,3.0,0.0,0.0,0.0,0.0,1.0,,0.0,0.0,1.0
Ziaire Williams,365,2632.0,7.210958904109589,903.0,2.473972602739726,357.0,0.9780821917808219,0.3279178082191781,0.2437068493150685,0.3547945205479452,20.600751633986928,254.0,85.0,298.0
Ziming Fan,1,2.0,2.0,0.0,0.0,0.0,0.0,0.5,0.0,0.0,,0.0,0.0,0.0
Zion Williamson,322,6957.0,21.6055900621118,1885.0,5.854037267080745,1186.0,3.6832298136645965,0.5515248447204969,0.07867701863354037,0.6172298136645963,29.918926174496644,305.0,180.0,780.0
Ziv Maoz,3,6.0,2.0,0.0,0.0,0.0,0.0,0.16666666666666666,0.16666666666666666,0.3333333333333333,,0.0,0.0,0.0
Ziyi Zhao,1,0.0,0.0,0.0,0.0,0.0,0.0,0.0,0.0,0.0,,0.0,0.0,0.0
Zoran Dragic,53,31.0,0.5849056603773585,9.0,0.16981132075471697,5.0,0.09433962264150944,0.03513207547169812,0.017528301886792455,0.03773584905660377,4.470588235294118,2.0,0.0,5.0
Zoran Planinic,240,671.0,2.7958333333333334,229.0,0.9541666666666667,196.0,0.8166666666666667,0.23130416666666667,0.12180833333333334,0.20115,9.662790697674419,69.0,7.0,141.0
Zoran Vrkic,1,8.0,8.0,2.0,2.0,0.0,0.0,0.5,0.0,0.667,18.0,1.0,0.0,3.0
Zydrunas Ilgauskas,992,12278.0,12.377016129032258,7007.0,7.063508064516129,1070.0,1.0786290322580645,0.45525403225806454,0.024865927419354842,0.5882459677419355,26.333676622039135,466.0,1468.0,1687.0
Zylan Cheatham,32,60.0,1.875,48.0,1.5,12.0,0.375,0.17259375,0.0,0.10209375,9.666666666666666,4.0,3.0,12.0
Zyon Pullin,27,45.0,1.6666666666666667,13.0,0.48148148148148145,23.0,0.8518518518518519,0.14814814814814814,0.08640740740740742,0.16666666666666666,9.199285714285713,7.0,0.0,8.0
ga Bitadze,469,1851.0,3.946695095948827,1400.0,2.985074626865672,395.0,0.8422174840085288,0.3252089552238806,0.07125586353944562,0.2248272921108742,13.851456500488757,140.0,361.0,250.0
